week,fantasy_team_id,fantasy_team,opponent_team_id,opponent_team,player_id,player_name,position,lineup_slot,eligible_slots,points,was_started,pro_team,injury_status,injured
1,4,SKAVALASSKKYYYY,8,Hawk Tuah Demure,3945274,Luka Doncic,PG,PG,"['PG', 'G', 'G/F', 'UT', 'BE', 'IR']",162.0,True,LAL,OUT,True
1,4,SKAVALASSKKYYYY,8,Hawk Tuah Demure,3975,Stephen Curry,PG,PG,"['PG', 'G', 'G/F', 'UT', 'BE', 'IR']",188.0,True,GSW,ACTIVE,False
1,4,SKAVALASSKKYYYY,8,Hawk Tuah Demure,6440,Tobias Harris,PF,PG,"['SF', 'PF', 'F', 'SG/SF', 'G/F', 'PF/C', 'F/C', 'UT', 'BE', 'IR']",34.0,True,DET,ACTIVE,False
1,4,SKAVALASSKKYYYY,8,Hawk Tuah Demure,4396971,Naz Reid,C,PG,"['PF', 'C', 'F', 'G/F', 'PF/C', 'F/C', 'UT', 'BE', 'IR']",69.0,True,MIN,ACTIVE,False
1,4,SKAVALASSKKYYYY,8,Hawk Tuah Demure,6475,Klay Thompson,SG,PG,"['SG', 'SF', 'G', 'F', 'SG/SF', 'G/F', 'F/C', 'UT', 'BE', 'IR']",8.0,True,DAL,ACTIVE,False
1,4,SKAVALASSKKYYYY,8,Hawk Tuah Demure,3064290,Aaron Gordon,PF,PG,"['PF', 'F', 'G/F', 'PF/C', 'F/C', 'UT', 'BE', 'IR']",118.0,True,DEN,OUT,True
1,4,SKAVALASSKKYYYY,8,Hawk Tuah Demure,3102531,Kristaps Porzingis,C,PG,"['PF', 'C', 'F', 'G/F', 'PF/C', 'F/C', 'UT', 'BE', 'IR']",37.0,True,GSW,ACTIVE,False
1,4,SKAVALASSKKYYYY,8,Hawk Tuah Demure,4278067,Nic Claxton,C,PG,"['C', 'PF/C', 'F/C', 'UT', 'BE', 'IR']",81.0,True,BKN,OUT,True
1,4,SKAVALASSKKYYYY,8,Hawk Tuah Demure,3155526,Dillon Brooks,SF,PG,"['SG', 'SF', 'G', 'F', 'SG/SF', 'G/F', 'F/C', 'UT', 'BE', 'IR']",37.0,True,PHO,ACTIVE,False
1,4,SKAVALASSKKYYYY,8,Hawk Tuah Demure,3992,James Harden,PG,PG,"['PG', 'SG', 'G', 'SG/SF', 'G/F', 'UT', 'BE', 'IR']",141.0,True,CLE,ACTIVE,False
1,4,SKAVALASSKKYYYY,8,Hawk Tuah Demure,3917376,Jaylen Brown,SF,PG,"['SG', 'SF', 'G', 'F', 'SG/SF', 'G/F', 'F/C', 'UT', 'BE', 'IR']",112.0,True,BOS,ACTIVE,False
1,4,SKAVALASSKKYYYY,8,Hawk Tuah Demure,4397183,Aaron Wiggins,SG,PG,"['SG', 'G', 'SG/SF', 'G/F', 'UT', 'BE', 'IR']",14.0,True,OKC,ACTIVE,False
1,4,SKAVALASSKKYYYY,8,Hawk Tuah Demure,4433247,Jonathan Kuminga,PF,PG,"['PF', 'F', 'G/F', 'PF/C', 'F/C', 'UT', 'BE', 'IR']",55.0,True,ATL,ACTIVE,False
1,4,SKAVALASSKKYYYY,8,Hawk Tuah Demure,3032976,Rudy Gobert,C,PG,"['C', 'PF/C', 'F/C', 'UT', 'BE', 'IR']",71.0,True,MIN,ACTIVE,False
1,4,SKAVALASSKKYYYY,8,Hawk Tuah Demure,5041939,Cooper Flagg,SF,PG,"['PG', 'SF', 'PF', 'G', 'F', 'SG/SF', 'G/F', 'PF/C', 'F/C', 'UT', 'BE', 'IR']",88.0,True,DAL,OUT,True
1,8,Hawk Tuah Demure,4,SKAVALASSKKYYYY,3112335,Nikola Jokic,C,PG,"['C', 'PF/C', 'F/C', 'UT', 'BE', 'IR']",114.0,True,DEN,ACTIVE,False
1,8,Hawk Tuah Demure,4,SKAVALASSKKYYYY,4279888,Ja Morant,PG,PG,"['PG', 'G', 'G/F', 'UT', 'BE', 'IR']",101.0,True,MEM,OUT,True
1,8,Hawk Tuah Demure,4,SKAVALASSKKYYYY,3908809,Donovan Mitchell,SG,PG,"['PG', 'SG', 'G', 'SG/SF', 'G/F', 'UT', 'BE', 'IR']",136.0,True,CLE,ACTIVE,False
1,8,Hawk Tuah Demure,4,SKAVALASSKKYYYY,5037871,Dylan Harper,PG,PG,"['PG', 'SG', 'G', 'SG/SF', 'G/F', 'UT', 'BE', 'IR']",72.0,True,SAS,ACTIVE,False
1,8,Hawk Tuah Demure,4,SKAVALASSKKYYYY,4433136,Walker Kessler,C,PG,"['C', 'PF/C', 'F/C', 'UT', 'BE', 'IR']",84.0,True,UTA,OUT,True
1,8,Hawk Tuah Demure,4,SKAVALASSKKYYYY,4871145,Josh Giddey,SG,PG,"['PG', 'SG', 'SF', 'G', 'F', 'SG/SF', 'G/F', 'F/C', 'UT', 'BE', 'IR']",66.0,True,CHI,OUT,True
1,8,Hawk Tuah Demure,4,SKAVALASSKKYYYY,4684740,Amen Thompson,SF,PG,"['SG', 'SF', 'PF', 'G', 'F', 'SG/SF', 'G/F', 'PF/C', 'F/C', 'UT', 'BE', 'IR']",35.0,True,HOU,ACTIVE,False
1,8,Hawk Tuah Demure,4,SKAVALASSKKYYYY,4701232,Mark Williams,C,PG,"['C', 'PF/C', 'F/C', 'UT', 'BE', 'IR']",29.0,True,PHO,OUT,True
1,8,Hawk Tuah Demure,4,SKAVALASSKKYYYY,3059318,Joel Embiid,C,PG,"['C', 'PF/C', 'F/C', 'UT', 'BE', 'IR']",45.0,True,PHL,ACTIVE,False
1,8,Hawk Tuah Demure,4,SKAVALASSKKYYYY,4431736,Toumani Camara,PF,PG,"['SF', 'PF', 'F', 'SG/SF', 'G/F', 'PF/C', 'F/C', 'UT', 'BE', 'IR']",86.0,True,POR,ACTIVE,False
1,8,Hawk Tuah Demure,4,SKAVALASSKKYYYY,4395630,Devin Vassell,SG,PG,"['SG', 'SF', 'G', 'F', 'SG/SF', 'G/F', 'F/C', 'UT', 'BE', 'IR']",83.0,True,SAS,ACTIVE,False
1,8,Hawk Tuah Demure,4,SKAVALASSKKYYYY,4066336,Lauri Markkanen,PF,PG,"['SF', 'PF', 'F', 'SG/SF', 'G/F', 'PF/C', 'F/C', 'UT', 'BE', 'IR']",82.0,True,UTA,OUT,True
1,5,Poole Party,3,Kat's Kittens,4277811,Collin Sexton,SG,PG,"['PG', 'SG', 'G', 'SG/SF', 'G/F', 'UT', 'BE', 'IR']",97.0,True,CHI,ACTIVE,False
1,5,Poole Party,3,Kat's Kittens,3136776,D'Angelo Russell,PG,PG,"['PG', 'SG', 'G', 'SG/SF', 'G/F', 'UT', 'BE', 'IR']",58.0,True,WAS,OUT,True
1,5,Poole Party,3,Kat's Kittens,4873138,Ace Bailey,SF,PG,"['SF', 'PF', 'F', 'SG/SF', 'G/F', 'PF/C', 'F/C', 'UT', 'BE', 'IR']",4.0,True,UTA,ACTIVE,False
1,5,Poole Party,3,Kat's Kittens,4711294,Matas Buzelis,SF,PG,"['SF', 'PF', 'F', 'SG/SF', 'G/F', 'PF/C', 'F/C', 'UT', 'BE', 'IR']",2.0,True,CHI,OUT,True
1,5,Poole Party,3,Kat's Kittens,3149673,Pascal Siakam,PF,PG,"['PF', 'F', 'G/F', 'PF/C', 'F/C', 'UT', 'BE', 'IR']",146.0,True,IND,OUT,True
1,5,Poole Party,3,Kat's Kittens,5238230,Tre Johnson,SG,PG,"['SG', 'G', 'SG/SF', 'G/F', 'UT', 'BE', 'IR']",88.0,True,WAS,OUT,True
1,5,Poole Party,3,Kat's Kittens,4351851,Anfernee Simons,SG,PG,"['PG', 'SG', 'G', 'SG/SF', 'G/F', 'UT', 'BE', 'IR']",63.0,True,CHI,OUT,True
1,5,Poole Party,3,Kat's Kittens,4278104,Michael Porter Jr.,SF,PG,"['SF', 'PF', 'F', 'SG/SF', 'G/F', 'PF/C', 'F/C', 'UT', 'BE', 'IR']",21.0,True,BKN,OUT,True
1,5,Poole Party,3,Kat's Kittens,4594268,Anthony Edwards,SG,PG,"['SG', 'SF', 'G', 'F', 'SG/SF', 'G/F', 'F/C', 'UT', 'BE', 'IR']",105.0,True,MIN,ACTIVE,False
1,5,Poole Party,3,Kat's Kittens,3995,Jrue Holiday,PG,PG,"['PG', 'SG', 'G', 'SG/SF', 'G/F', 'UT', 'BE', 'IR']",107.0,True,POR,ACTIVE,False
1,5,Poole Party,3,Kat's Kittens,5174563,Kyshawn George,SG,PG,"['SG', 'SF', 'G', 'F', 'SG/SF', 'G/F', 'F/C', 'UT', 'BE', 'IR']",17.0,True,WAS,OUT,True
1,5,Poole Party,3,Kat's Kittens,4432158,Evan Mobley,PF,PG,"['PF', 'C', 'F', 'G/F', 'PF/C', 'F/C', 'UT', 'BE', 'IR']",132.0,True,CLE,ACTIVE,False
1,5,Poole Party,3,Kat's Kittens,5160992,Alex Sarr,C,PG,"['C', 'PF/C', 'F/C', 'UT', 'BE', 'IR']",113.0,True,WAS,OUT,True
1,3,Kat's Kittens,5,Poole Party,4431680,Onyeka Okongwu,C,PG,"['C', 'PF/C', 'F/C', 'UT', 'BE', 'IR']",108.0,True,ATL,ACTIVE,False
1,3,Kat's Kittens,5,Poole Party,5105592,Cam Whitmore,SF,PG,"['SF', 'F', 'SG/SF', 'G/F', 'F/C', 'UT', 'BE', 'IR']",46.0,True,WAS,OUT,True
1,3,Kat's Kittens,5,Poole Party,4433621,Jalen Duren,C,PG,"['C', 'PF/C', 'F/C', 'UT', 'BE', 'IR']",97.0,True,DET,ACTIVE,False
1,3,Kat's Kittens,5,Poole Party,6583,Anthony Davis,C,PG,"['PF', 'C', 'F', 'G/F', 'PF/C', 'F/C', 'UT', 'BE', 'IR']",151.0,True,WAS,OUT,True
1,3,Kat's Kittens,5,Poole Party,3062679,Josh Hart,SF,PG,"['SG', 'SF', 'G', 'F', 'SG/SF', 'G/F', 'F/C', 'UT', 'BE', 'IR']",16.0,True,NYK,ACTIVE,False
1,3,Kat's Kittens,5,Poole Party,4395625,RJ Barrett,SF,PG,"['SG', 'SF', 'PF', 'G', 'F', 'SG/SF', 'G/F', 'PF/C', 'F/C', 'UT', 'BE', 'IR']",123.0,True,TOR,ACTIVE,False
1,3,Kat's Kittens,5,Poole Party,3064514,Julius Randle,PF,PG,"['PF', 'F', 'G/F', 'PF/C', 'F/C', 'UT', 'BE', 'IR']",146.0,True,MIN,ACTIVE,False
1,3,Kat's Kittens,5,Poole Party,3136195,Karl-Anthony Towns,C,PG,"['PF', 'C', 'F', 'G/F', 'PF/C', 'F/C', 'UT', 'BE', 'IR']",109.0,True,NYK,ACTIVE,False
1,3,Kat's Kittens,5,Poole Party,3934673,Donte DiVincenzo,SG,PG,"['PG', 'SG', 'G', 'SG/SF', 'G/F', 'UT', 'BE', 'IR']",77.0,True,MIN,OUT,True
1,3,Kat's Kittens,5,Poole Party,4431678,Tyrese Maxey,PG,PG,"['PG', 'SG', 'G', 'SG/SF', 'G/F', 'UT', 'BE', 'IR']",120.0,True,PHL,ACTIVE,False
1,3,Kat's Kittens,5,Poole Party,4845367,Stephon Castle,PG,PG,"['PG', 'SG', 'G', 'SG/SF', 'G/F', 'UT', 'BE', 'IR']",72.0,True,SAS,ACTIVE,False
1,10,Van Der Linde Gang,2,Phantom Troupe,4566434,Franz Wagner,SF,PG,"['SF', 'PF', 'F', 'SG/SF', 'G/F', 'PF/C', 'F/C', 'UT', 'BE', 'IR']",108.0,True,ORL,OUT,True
1,10,Van Der Linde Gang,2,Phantom Troupe,4066262,Malik Monk,SG,PG,"['PG', 'SG', 'SF', 'G', 'F', 'SG/SF', 'G/F', 'F/C', 'UT', 'BE', 'IR']",113.0,True,SAC,OUT,True
1,10,Van Der Linde Gang,2,Phantom Troupe,4432810,Isaiah Stewart,C,PG,"['PF', 'C', 'F', 'G/F', 'PF/C', 'F/C', 'UT', 'BE', 'IR']",36.0,True,DET,ACTIVE,False
1,10,Van Der Linde Gang,2,Phantom Troupe,4683021,Deni Avdija,SF,PG,"['SG', 'SF', 'PF', 'G', 'F', 'SG/SF', 'G/F', 'PF/C', 'F/C', 'UT', 'BE', 'IR']",23.0,True,POR,ACTIVE,False
1,10,Van Der Linde Gang,2,Phantom Troupe,3934672,Jalen Brunson,PG,PG,"['PG', 'G', 'G/F', 'UT', 'BE', 'IR']",138.0,True,NYK,ACTIVE,False
1,10,Van Der Linde Gang,2,Phantom Troupe,4433134,Scottie Barnes,SF,PG,"['SG', 'SF', 'PF', 'G', 'F', 'SG/SF', 'G/F', 'PF/C', 'F/C', 'UT', 'BE', 'IR']",146.0,True,TOR,ACTIVE,False
1,10,Van Der Linde Gang,2,Phantom Troupe,5104157,Victor Wembanyama,C,PG,"['C', 'PF/C', 'F/C', 'UT', 'BE', 'IR']",247.0,True,SAS,ACTIVE,False
1,10,Van Der Linde Gang,2,Phantom Troupe,4278129,Deandre Ayton,C,PG,"['C', 'PF/C', 'F/C', 'UT', 'BE', 'IR']",57.0,True,LAL,ACTIVE,False
1,10,Van Der Linde Gang,2,Phantom Troupe,4066383,Miles Bridges,SF,PG,"['SF', 'PF', 'F', 'SG/SF', 'G/F', 'PF/C', 'F/C', 'UT', 'BE', 'IR']",110.0,True,CHA,ACTIVE,False
1,10,Van Der Linde Gang,2,Phantom Troupe,3133628,Myles Turner,C,PG,"['C', 'PF/C', 'F/C', 'UT', 'BE', 'IR']",79.0,True,MIL,OUT,True
1,10,Van Der Linde Gang,2,Phantom Troupe,4683634,Bennedict Mathurin,SF,PG,"['SG', 'SF', 'G', 'F', 'SG/SF', 'G/F', 'F/C', 'UT', 'BE', 'IR']",81.0,True,LAC,ACTIVE,False
1,10,Van Der Linde Gang,2,Phantom Troupe,4433627,Keyonte George,PG,PG,"['PG', 'SG', 'G', 'SG/SF', 'G/F', 'UT', 'BE', 'IR']",70.0,True,UTA,OUT,True
1,10,Van Der Linde Gang,2,Phantom Troupe,2595516,Norman Powell,SG,PG,"['SG', 'SF', 'G', 'F', 'SG/SF', 'G/F', 'F/C', 'UT', 'BE', 'IR']",133.0,True,MIA,ACTIVE,False
1,10,Van Der Linde Gang,2,Phantom Troupe,4432639,Jabari Smith Jr.,PF,PG,"['PF', 'C', 'F', 'G/F', 'PF/C', 'F/C', 'UT', 'BE', 'IR']",20.0,True,HOU,ACTIVE,False
1,2,Phantom Troupe,10,Van Der Linde Gang,4684742,Ausar Thompson,SF,PG,"['SF', 'PF', 'F', 'SG/SF', 'G/F', 'PF/C', 'F/C', 'UT', 'BE', 'IR']",118.0,True,DET,ACTIVE,False
1,2,Phantom Troupe,10,Van Der Linde Gang,3913176,Brandon Ingram,SF,PG,"['SF', 'F', 'SG/SF', 'G/F', 'F/C', 'UT', 'BE', 'IR']",107.0,True,TOR,OUT,True
1,2,Phantom Troupe,10,Van Der Linde Gang,3934719,OG Anunoby,SF,PG,"['SF', 'PF', 'F', 'SG/SF', 'G/F', 'PF/C', 'F/C', 'UT', 'BE', 'IR']",104.0,True,NYK,ACTIVE,False
1,2,Phantom Troupe,10,Van Der Linde Gang,4432166,Cade Cunningham,PG,PG,"['PG', 'SG', 'G', 'SG/SF', 'G/F', 'UT', 'BE', 'IR']",107.0,True,DET,ACTIVE,False
1,2,Phantom Troupe,10,Van Der Linde Gang,4397002,Ayo Dosunmu,SG,PG,"['SG', 'G', 'SG/SF', 'G/F', 'UT', 'BE', 'IR']",21.0,True,MIN,ACTIVE,False
1,2,Phantom Troupe,10,Van Der Linde Gang,5124612,VJ Edgecombe,SG,PG,"['SG', 'G', 'SG/SF', 'G/F', 'UT', 'BE', 'IR']",96.0,True,PHL,ACTIVE,False
1,2,Phantom Troupe,10,Van Der Linde Gang,3978,DeMar DeRozan,SF,PG,"['SF', 'PF', 'F', 'SG/SF', 'G/F', 'PF/C', 'F/C', 'UT', 'BE', 'IR']",124.0,True,SAC,OUT,True
1,2,Phantom Troupe,10,Van Der Linde Gang,3064482,Bobby Portis,PF,PG,"['PF', 'F', 'G/F', 'PF/C', 'F/C', 'UT', 'BE', 'IR']",15.0,True,MIL,OUT,True
1,2,Phantom Troupe,10,Van Der Linde Gang,4396909,Aaron Nesmith,SF,PG,"['SF', 'F', 'SG/SF', 'G/F', 'F/C', 'UT', 'BE', 'IR']",60.0,True,IND,OUT,True
1,2,Phantom Troupe,10,Van Der Linde Gang,4066320,Desmond Bane,SG,PG,"['SG', 'SF', 'G', 'F', 'SG/SF', 'G/F', 'F/C', 'UT', 'BE', 'IR']",77.0,True,ORL,ACTIVE,False
1,2,Phantom Troupe,10,Van Der Linde Gang,4395628,Zion Williamson,PF,PG,"['PF', 'F', 'G/F', 'PF/C', 'F/C', 'UT', 'BE', 'IR']",102.0,True,NOP,OUT,True
1,2,Phantom Troupe,10,Van Der Linde Gang,4017837,Ivica Zubac,C,PG,"['C', 'PF/C', 'F/C', 'UT', 'BE', 'IR']",97.0,True,IND,OUT,True
1,2,Phantom Troupe,10,Van Der Linde Gang,2991070,Jerami Grant,PF,PG,"['PF', 'F', 'G/F', 'PF/C', 'F/C', 'UT', 'BE', 'IR']",23.0,True,POR,ACTIVE,False
1,2,Phantom Troupe,10,Van Der Linde Gang,3908845,John Collins,PF,PG,"['PF', 'C', 'F', 'G/F', 'PF/C', 'F/C', 'UT', 'BE', 'IR']",31.0,True,LAC,ACTIVE,False
1,7,Goat's,1,YSK FC,2490149,CJ McCollum,SG,PG,"['PG', 'SG', 'G', 'SG/SF', 'G/F', 'UT', 'BE', 'IR']",29.0,True,ATL,ACTIVE,False
1,7,Goat's,1,YSK FC,3202,Kevin Durant,PF,PG,"['SF', 'PF', 'F', 'SG/SF', 'G/F', 'PF/C', 'F/C', 'UT', 'BE', 'IR']",90.0,True,HOU,OUT,True
1,7,Goat's,1,YSK FC,4914336,Shaedon Sharpe,SG,PG,"['SG', 'SF', 'G', 'F', 'SG/SF', 'G/F', 'F/C', 'UT', 'BE', 'IR']",46.0,True,POR,ACTIVE,False
1,7,Goat's,1,YSK FC,4066261,Bam Adebayo,C,PG,"['PF', 'C', 'F', 'G/F', 'PF/C', 'F/C', 'UT', 'BE', 'IR']",84.0,True,MIA,OUT,True
1,7,Goat's,1,YSK FC,4395724,Immanuel Quickley,PG,PG,"['PG', 'SG', 'G', 'SG/SF', 'G/F', 'UT', 'BE', 'IR']",99.0,True,TOR,OUT,True
1,7,Goat's,1,YSK FC,6450,Kawhi Leonard,SF,PG,"['SF', 'PF', 'F', 'SG/SF', 'G/F', 'PF/C', 'F/C', 'UT', 'BE', 'IR']",124.0,True,LAC,ACTIVE,False
1,7,Goat's,1,YSK FC,6580,Bradley Beal,SF,PG,"['SG', 'SF', 'G', 'F', 'SG/SF', 'G/F', 'F/C', 'UT', 'BE', 'IR']",17.0,True,LAC,OUT,True
1,7,Goat's,1,YSK FC,3064440,Zach LaVine,SG,PG,"['SG', 'SF', 'G', 'F', 'SG/SF', 'G/F', 'F/C', 'UT', 'BE', 'IR']",112.0,True,SAC,OUT,True
1,7,Goat's,1,YSK FC,3936299,Jamal Murray,PG,PG,"['PG', 'G', 'G/F', 'UT', 'BE', 'IR']",98.0,True,DEN,ACTIVE,False
1,7,Goat's,1,YSK FC,4278104,Michael Porter Jr.,SF,PG,"['SF', 'PF', 'F', 'SG/SF', 'G/F', 'PF/C', 'F/C', 'UT', 'BE', 'IR']",34.0,True,BKN,OUT,True
1,7,Goat's,1,YSK FC,3138196,Cameron Johnson,SF,PG,"['SF', 'PF', 'F', 'SG/SF', 'G/F', 'PF/C', 'F/C', 'UT', 'BE', 'IR']",36.0,True,DEN,ACTIVE,False
1,7,Goat's,1,YSK FC,6430,Jimmy Butler III,SF,PG,"['SG', 'SF', 'PF', 'G', 'F', 'SG/SF', 'G/F', 'PF/C', 'F/C', 'UT', 'BE', 'IR']",118.0,True,GSW,OUT,True
1,7,Goat's,1,YSK FC,3032977,Giannis Antetokounmpo,PF,PG,"['PF', 'C', 'F', 'G/F', 'PF/C', 'F/C', 'UT', 'BE', 'IR']",213.0,True,MIL,OUT,True
1,7,Goat's,1,YSK FC,4397020,Luguentz Dort,SG,PG,"['SG', 'SF', 'G', 'F', 'SG/SF', 'G/F', 'F/C', 'UT', 'BE', 'IR']",47.0,True,OKC,ACTIVE,False
1,1,YSK FC,7,Goat's,4871144,Alperen Sengun,C,PG,"['C', 'PF/C', 'F/C', 'UT', 'BE', 'IR']",105.0,True,HOU,ACTIVE,False
1,1,YSK FC,7,Goat's,4395712,Andrew Nembhard,PG,PG,"['PG', 'SG', 'G', 'SG/SF', 'G/F', 'UT', 'BE', 'IR']",4.0,True,IND,OUT,True
1,1,YSK FC,7,Goat's,4277956,Jordan Poole,SG,PG,"['PG', 'SG', 'G', 'SG/SF', 'G/F', 'UT', 'BE', 'IR']",54.0,True,NOP,ACTIVE,False
1,1,YSK FC,7,Goat's,4277961,Jaren Jackson Jr.,C,PG,"['PF', 'C', 'F', 'G/F', 'PF/C', 'F/C', 'UT', 'BE', 'IR']",88.0,True,UTA,OUT,True
1,1,YSK FC,7,Goat's,3133603,Kelly Oubre Jr.,SF,PG,"['SG', 'SF', 'G', 'F', 'SG/SF', 'G/F', 'F/C', 'UT', 'BE', 'IR']",16.0,True,PHL,ACTIVE,False
1,1,YSK FC,7,Goat's,4066354,Payton Pritchard,PG,PG,"['PG', 'G', 'G/F', 'UT', 'BE', 'IR']",86.0,True,BOS,ACTIVE,False
1,1,YSK FC,7,Goat's,4278355,Obi Toppin,PF,PG,"['PF', 'F', 'G/F', 'PF/C', 'F/C', 'UT', 'BE', 'IR']",49.0,True,IND,ACTIVE,False
1,1,YSK FC,7,Goat's,4278073,Shai Gilgeous-Alexander,PG,PG,"['PG', 'G', 'G/F', 'UT', 'BE', 'IR']",192.0,True,OKC,ACTIVE,False
1,1,YSK FC,7,Goat's,3059319,Andrew Wiggins,SF,PG,"['SF', 'PF', 'F', 'SG/SF', 'G/F', 'PF/C', 'F/C', 'UT', 'BE', 'IR']",69.0,True,MIA,ACTIVE,False
1,1,YSK FC,7,Goat's,4397688,Trey Murphy III,SF,PG,"['SG', 'SF', 'G', 'F', 'SG/SF', 'G/F', 'F/C', 'UT', 'BE', 'IR']",77.0,True,NOP,OUT,True
1,1,YSK FC,7,Goat's,6589,Draymond Green,PF,PG,"['PF', 'C', 'F', 'G/F', 'PF/C', 'F/C', 'UT', 'BE', 'IR']",96.0,True,GSW,ACTIVE,False
1,1,YSK FC,7,Goat's,3078576,Derrick White,SG,PG,"['PG', 'SG', 'G', 'SG/SF', 'G/F', 'UT', 'BE', 'IR']",113.0,True,BOS,ACTIVE,False
1,1,YSK FC,7,Goat's,4432573,Paolo Banchero,PF,PG,"['SF', 'PF', 'F', 'SG/SF', 'G/F', 'PF/C', 'F/C', 'UT', 'BE', 'IR']",74.0,True,ORL,ACTIVE,False
1,9,ybgcorp,6,Jeremy Lin fan club,4277905,Trae Young,PG,PG,"['PG', 'G', 'G/F', 'UT', 'BE', 'IR']",99.0,True,WAS,OUT,True
1,9,ybgcorp,6,Jeremy Lin fan club,3134908,Jakob Poeltl,C,PG,"['C', 'PF/C', 'F/C', 'UT', 'BE', 'IR']",62.0,True,TOR,ACTIVE,False
1,9,ybgcorp,6,Jeremy Lin fan club,4431767,Christian Braun,SG,PG,"['SG', 'SF', 'G', 'F', 'SG/SF', 'G/F', 'F/C', 'UT', 'BE', 'IR']",46.0,True,DEN,ACTIVE,False
1,9,ybgcorp,6,Jeremy Lin fan club,4433287,Brandon Miller,SF,PG,"['SG', 'SF', 'G', 'F', 'SG/SF', 'G/F', 'F/C', 'UT', 'BE', 'IR']",41.0,True,CHA,OUT,True
1,9,ybgcorp,6,Jeremy Lin fan club,4869342,Dyson Daniels,SG,PG,"['PG', 'SG', 'G', 'SG/SF', 'G/F', 'UT', 'BE', 'IR']",57.0,True,ATL,ACTIVE,False
1,9,ybgcorp,6,Jeremy Lin fan club,4397014,Quentin Grimes,SG,PG,"['SG', 'G', 'SG/SF', 'G/F', 'UT', 'BE', 'IR']",49.0,True,PHL,ACTIVE,False
1,9,ybgcorp,6,Jeremy Lin fan club,4066328,Jarrett Allen,C,PG,"['C', 'PF/C', 'F/C', 'UT', 'BE', 'IR']",82.0,True,CLE,ACTIVE,False
1,9,ybgcorp,6,Jeremy Lin fan club,4066457,Austin Reaves,SG,PG,"['PG', 'SG', 'SF', 'G', 'F', 'SG/SF', 'G/F', 'F/C', 'UT', 'BE', 'IR']",195.0,True,LAL,ACTIVE,False
1,9,ybgcorp,6,Jeremy Lin fan club,4395626,Tre Jones,PG,PG,"['PG', 'G', 'G/F', 'UT', 'BE', 'IR']",46.0,True,CHI,ACTIVE,False
1,9,ybgcorp,6,Jeremy Lin fan club,4701230,Jalen Johnson,PF,PG,"['PF', 'F', 'G/F', 'PF/C', 'F/C', 'UT', 'BE', 'IR']",66.0,True,ATL,ACTIVE,False
1,9,ybgcorp,6,Jeremy Lin fan club,4222252,Isaiah Hartenstein,C,PG,"['C', 'PF/C', 'F/C', 'UT', 'BE', 'IR']",78.0,True,OKC,ACTIVE,False
1,9,ybgcorp,6,Jeremy Lin fan club,4711272,Reed Sheppard,SG,PG,"['PG', 'SG', 'G', 'SG/SF', 'G/F', 'UT', 'BE', 'IR']",36.0,True,HOU,ACTIVE,False
1,6,Jeremy Lin fan club,9,ybgcorp,4593125,Santi Aldama,PF,PG,"['SF', 'PF', 'C', 'F', 'SG/SF', 'G/F', 'PF/C', 'F/C', 'UT', 'BE', 'IR']",71.0,True,MEM,OUT,True
1,6,Jeremy Lin fan club,9,ybgcorp,4278053,Davion Mitchell,PG,PG,"['PG', 'G', 'G/F', 'UT', 'BE', 'IR']",9.0,True,MIA,ACTIVE,False
1,6,Jeremy Lin fan club,9,ybgcorp,4433255,Chet Holmgren,C,PG,"['PF', 'C', 'F', 'G/F', 'PF/C', 'F/C', 'UT', 'BE', 'IR']",131.0,True,OKC,ACTIVE,False
1,6,Jeremy Lin fan club,9,ybgcorp,4432165,Jalen Suggs,PG,PG,"['PG', 'SG', 'G', 'SG/SF', 'G/F', 'UT', 'BE', 'IR']",53.0,True,ORL,ACTIVE,False
1,6,Jeremy Lin fan club,9,ybgcorp,4433192,Tari Eason,SF,PG,"['SF', 'PF', 'F', 'SG/SF', 'G/F', 'PF/C', 'F/C', 'UT', 'BE', 'IR']",2.0,True,HOU,ACTIVE,False
1,6,Jeremy Lin fan club,9,ybgcorp,4432174,Cam Thomas,SG,PG,"['SG', 'SF', 'G', 'F', 'SG/SF', 'G/F', 'F/C', 'UT', 'BE', 'IR']",102.0,True,FA,ACTIVE,False
1,6,Jeremy Lin fan club,9,ybgcorp,6478,Nikola Vucevic,C,PG,"['C', 'PF/C', 'F/C', 'UT', 'BE', 'IR']",83.0,True,BOS,ACTIVE,False
1,6,Jeremy Lin fan club,9,ybgcorp,3136193,Devin Booker,PG,PG,"['PG', 'SG', 'G', 'SG/SF', 'G/F', 'UT', 'BE', 'IR']",97.0,True,PHO,ACTIVE,False
1,6,Jeremy Lin fan club,9,ybgcorp,4432816,LaMelo Ball,PG,PG,"['PG', 'G', 'G/F', 'UT', 'BE', 'IR']",181.0,True,CHA,ACTIVE,False
1,6,Jeremy Lin fan club,9,ybgcorp,4431671,Jaden McDaniels,SF,PG,"['SF', 'F', 'SG/SF', 'G/F', 'F/C', 'UT', 'BE', 'IR']",75.0,True,MIN,ACTIVE,False
1,6,Jeremy Lin fan club,9,ybgcorp,5175643,Egor Demin,PG,PG,"['PG', 'G', 'G/F', 'UT', 'BE', 'IR']",53.0,True,BKN,OUT,True
1,6,Jeremy Lin fan club,9,ybgcorp,3155942,Domantas Sabonis,C,PG,"['PF', 'C', 'F', 'G/F', 'PF/C', 'F/C', 'UT', 'BE', 'IR']",62.0,True,SAC,OUT,True
1,6,Jeremy Lin fan club,9,ybgcorp,4433076,Ben Sheppard,SG,PG,"['SG', 'G', 'SG/SF', 'G/F', 'UT', 'BE', 'IR']",30.0,True,IND,OUT,True
1,6,Jeremy Lin fan club,9,ybgcorp,4397140,Kevin Porter Jr.,SG,PG,"['PG', 'SG', 'G', 'SG/SF', 'G/F', 'UT', 'BE', 'IR']",21.0,True,MIL,OUT,True
1,6,Jeremy Lin fan club,9,ybgcorp,3147657,Mikal Bridges,SF,PG,"['SG', 'SF', 'G', 'F', 'SG/SF', 'G/F', 'F/C', 'UT', 'BE', 'IR']",123.0,True,NYK,ACTIVE,False
2,8,Hawk Tuah Demure,3,Kat's Kittens,3112335,Nikola Jokic,C,PG,"['C', 'PF/C', 'F/C', 'UT', 'BE', 'IR']",204.0,True,DEN,ACTIVE,False
2,8,Hawk Tuah Demure,3,Kat's Kittens,5037871,Dylan Harper,PG,PG,"['PG', 'SG', 'G', 'SG/SF', 'G/F', 'UT', 'BE', 'IR']",33.0,True,SAS,ACTIVE,False
2,8,Hawk Tuah Demure,3,Kat's Kittens,4684740,Amen Thompson,SF,PG,"['SG', 'SF', 'PF', 'G', 'F', 'SG/SF', 'G/F', 'PF/C', 'F/C', 'UT', 'BE', 'IR']",111.0,True,HOU,ACTIVE,False
2,8,Hawk Tuah Demure,3,Kat's Kittens,4871145,Josh Giddey,SG,PG,"['PG', 'SG', 'SF', 'G', 'F', 'SG/SF', 'G/F', 'F/C', 'UT', 'BE', 'IR']",213.0,True,CHI,OUT,True
2,8,Hawk Tuah Demure,3,Kat's Kittens,4683021,Deni Avdija,SF,PG,"['SG', 'SF', 'PF', 'G', 'F', 'SG/SF', 'G/F', 'PF/C', 'F/C', 'UT', 'BE', 'IR']",110.0,True,POR,ACTIVE,False
2,8,Hawk Tuah Demure,3,Kat's Kittens,4395630,Devin Vassell,SG,PG,"['SG', 'SF', 'G', 'F', 'SG/SF', 'G/F', 'F/C', 'UT', 'BE', 'IR']",65.0,True,SAS,ACTIVE,False
2,8,Hawk Tuah Demure,3,Kat's Kittens,4279888,Ja Morant,PG,PG,"['PG', 'G', 'G/F', 'UT', 'BE', 'IR']",102.0,True,MEM,OUT,True
2,8,Hawk Tuah Demure,3,Kat's Kittens,3908809,Donovan Mitchell,SG,PG,"['PG', 'SG', 'G', 'SG/SF', 'G/F', 'UT', 'BE', 'IR']",135.0,True,CLE,ACTIVE,False
2,8,Hawk Tuah Demure,3,Kat's Kittens,4432848,Jaime Jaquez Jr.,SF,PG,"['SG', 'SF', 'G', 'F', 'SG/SF', 'G/F', 'F/C', 'UT', 'BE', 'IR']",61.0,True,MIA,ACTIVE,False
2,8,Hawk Tuah Demure,3,Kat's Kittens,4433136,Walker Kessler,C,PG,"['C', 'PF/C', 'F/C', 'UT', 'BE', 'IR']",119.0,True,UTA,OUT,True
2,8,Hawk Tuah Demure,3,Kat's Kittens,3059318,Joel Embiid,C,PG,"['C', 'PF/C', 'F/C', 'UT', 'BE', 'IR']",74.0,True,PHL,ACTIVE,False
2,8,Hawk Tuah Demure,3,Kat's Kittens,4431736,Toumani Camara,PF,PG,"['SF', 'PF', 'F', 'SG/SF', 'G/F', 'PF/C', 'F/C', 'UT', 'BE', 'IR']",81.0,True,POR,ACTIVE,False
2,8,Hawk Tuah Demure,3,Kat's Kittens,4066336,Lauri Markkanen,PF,PG,"['SF', 'PF', 'F', 'SG/SF', 'G/F', 'PF/C', 'F/C', 'UT', 'BE', 'IR']",214.0,True,UTA,OUT,True
2,3,Kat's Kittens,8,Hawk Tuah Demure,4431680,Onyeka Okongwu,C,PG,"['C', 'PF/C', 'F/C', 'UT', 'BE', 'IR']",110.0,True,ATL,ACTIVE,False
2,3,Kat's Kittens,8,Hawk Tuah Demure,5105592,Cam Whitmore,SF,PG,"['SF', 'F', 'SG/SF', 'G/F', 'F/C', 'UT', 'BE', 'IR']",50.0,True,WAS,OUT,True
2,3,Kat's Kittens,8,Hawk Tuah Demure,4433621,Jalen Duren,C,PG,"['C', 'PF/C', 'F/C', 'UT', 'BE', 'IR']",118.0,True,DET,ACTIVE,False
2,3,Kat's Kittens,8,Hawk Tuah Demure,6583,Anthony Davis,C,PG,"['PF', 'C', 'F', 'G/F', 'PF/C', 'F/C', 'UT', 'BE', 'IR']",58.0,True,WAS,OUT,True
2,3,Kat's Kittens,8,Hawk Tuah Demure,3062679,Josh Hart,SF,PG,"['SG', 'SF', 'G', 'F', 'SG/SF', 'G/F', 'F/C', 'UT', 'BE', 'IR']",45.0,True,NYK,ACTIVE,False
2,3,Kat's Kittens,8,Hawk Tuah Demure,4395625,RJ Barrett,SF,PG,"['SG', 'SF', 'PF', 'G', 'F', 'SG/SF', 'G/F', 'PF/C', 'F/C', 'UT', 'BE', 'IR']",133.0,True,TOR,ACTIVE,False
2,3,Kat's Kittens,8,Hawk Tuah Demure,3136195,Karl-Anthony Towns,C,PG,"['PF', 'C', 'F', 'G/F', 'PF/C', 'F/C', 'UT', 'BE', 'IR']",107.0,True,NYK,ACTIVE,False
2,3,Kat's Kittens,8,Hawk Tuah Demure,3064514,Julius Randle,PF,PG,"['PF', 'F', 'G/F', 'PF/C', 'F/C', 'UT', 'BE', 'IR']",150.0,True,MIN,ACTIVE,False
2,3,Kat's Kittens,8,Hawk Tuah Demure,3934673,Donte DiVincenzo,SG,PG,"['PG', 'SG', 'G', 'SG/SF', 'G/F', 'UT', 'BE', 'IR']",91.0,True,MIN,OUT,True
2,3,Kat's Kittens,8,Hawk Tuah Demure,4431678,Tyrese Maxey,PG,PG,"['PG', 'SG', 'G', 'SG/SF', 'G/F', 'UT', 'BE', 'IR']",248.0,True,PHL,ACTIVE,False
2,3,Kat's Kittens,8,Hawk Tuah Demure,4896372,Walter Clayton Jr.,SG,PG,"['PG', 'SG', 'G', 'SG/SF', 'G/F', 'UT', 'BE', 'IR']",28.0,True,MEM,OUT,True
2,3,Kat's Kittens,8,Hawk Tuah Demure,4845367,Stephon Castle,PG,PG,"['PG', 'SG', 'G', 'SG/SF', 'G/F', 'UT', 'BE', 'IR']",147.0,True,SAS,ACTIVE,False
2,2,Phantom Troupe,4,SKAVALASSKKYYYY,4278049,Daniel Gafford,C,PG,"['C', 'PF/C', 'F/C', 'UT', 'BE', 'IR']",18.0,True,DAL,ACTIVE,False
2,2,Phantom Troupe,4,SKAVALASSKKYYYY,4684742,Ausar Thompson,SF,PG,"['SF', 'PF', 'F', 'SG/SF', 'G/F', 'PF/C', 'F/C', 'UT', 'BE', 'IR']",66.0,True,DET,ACTIVE,False
2,2,Phantom Troupe,4,SKAVALASSKKYYYY,3934719,OG Anunoby,SF,PG,"['SF', 'PF', 'F', 'SG/SF', 'G/F', 'PF/C', 'F/C', 'UT', 'BE', 'IR']",120.0,True,NYK,ACTIVE,False
2,2,Phantom Troupe,4,SKAVALASSKKYYYY,3913176,Brandon Ingram,SF,PG,"['SF', 'F', 'SG/SF', 'G/F', 'F/C', 'UT', 'BE', 'IR']",158.0,True,TOR,OUT,True
2,2,Phantom Troupe,4,SKAVALASSKKYYYY,4432166,Cade Cunningham,PG,PG,"['PG', 'SG', 'G', 'SG/SF', 'G/F', 'UT', 'BE', 'IR']",162.0,True,DET,ACTIVE,False
2,2,Phantom Troupe,4,SKAVALASSKKYYYY,4066262,Malik Monk,SG,PG,"['PG', 'SG', 'SF', 'G', 'F', 'SG/SF', 'G/F', 'F/C', 'UT', 'BE', 'IR']",42.0,True,SAC,OUT,True
2,2,Phantom Troupe,4,SKAVALASSKKYYYY,4397002,Ayo Dosunmu,SG,PG,"['SG', 'G', 'SG/SF', 'G/F', 'UT', 'BE', 'IR']",98.0,True,MIN,ACTIVE,False
2,2,Phantom Troupe,4,SKAVALASSKKYYYY,3978,DeMar DeRozan,SF,PG,"['SF', 'PF', 'F', 'SG/SF', 'G/F', 'PF/C', 'F/C', 'UT', 'BE', 'IR']",98.0,True,SAC,OUT,True
2,2,Phantom Troupe,4,SKAVALASSKKYYYY,5124612,VJ Edgecombe,SG,PG,"['SG', 'G', 'SG/SF', 'G/F', 'UT', 'BE', 'IR']",148.0,True,PHL,ACTIVE,False
2,2,Phantom Troupe,4,SKAVALASSKKYYYY,4066320,Desmond Bane,SG,PG,"['SG', 'SF', 'G', 'F', 'SG/SF', 'G/F', 'F/C', 'UT', 'BE', 'IR']",85.0,True,ORL,ACTIVE,False
2,2,Phantom Troupe,4,SKAVALASSKKYYYY,4395628,Zion Williamson,PF,PG,"['PF', 'F', 'G/F', 'PF/C', 'F/C', 'UT', 'BE', 'IR']",81.0,True,NOP,OUT,True
2,2,Phantom Troupe,4,SKAVALASSKKYYYY,4017837,Ivica Zubac,C,PG,"['C', 'PF/C', 'F/C', 'UT', 'BE', 'IR']",70.0,True,IND,OUT,True
2,2,Phantom Troupe,4,SKAVALASSKKYYYY,2991070,Jerami Grant,PF,PG,"['PF', 'F', 'G/F', 'PF/C', 'F/C', 'UT', 'BE', 'IR']",102.0,True,POR,ACTIVE,False
2,2,Phantom Troupe,4,SKAVALASSKKYYYY,4066372,Kevin Huerter,SG,PG,"['SG', 'SF', 'G', 'F', 'SG/SF', 'G/F', 'F/C', 'UT', 'BE', 'IR']",23.0,True,DET,ACTIVE,False
2,4,SKAVALASSKKYYYY,2,Phantom Troupe,4278053,Davion Mitchell,PG,PG,"['PG', 'G', 'G/F', 'UT', 'BE', 'IR']",70.0,True,MIA,ACTIVE,False
2,4,SKAVALASSKKYYYY,2,Phantom Troupe,3945274,Luka Doncic,PG,PG,"['PG', 'G', 'G/F', 'UT', 'BE', 'IR']",119.0,True,LAL,OUT,True
2,4,SKAVALASSKKYYYY,2,Phantom Troupe,3975,Stephen Curry,PG,PG,"['PG', 'G', 'G/F', 'UT', 'BE', 'IR']",122.0,True,GSW,ACTIVE,False
2,4,SKAVALASSKKYYYY,2,Phantom Troupe,6440,Tobias Harris,PF,PG,"['SF', 'PF', 'F', 'SG/SF', 'G/F', 'PF/C', 'F/C', 'UT', 'BE', 'IR']",61.0,True,DET,ACTIVE,False
2,4,SKAVALASSKKYYYY,2,Phantom Troupe,4396971,Naz Reid,C,PG,"['PF', 'C', 'F', 'G/F', 'PF/C', 'F/C', 'UT', 'BE', 'IR']",40.0,True,MIN,ACTIVE,False
2,4,SKAVALASSKKYYYY,2,Phantom Troupe,3102531,Kristaps Porzingis,C,PG,"['PF', 'C', 'F', 'G/F', 'PF/C', 'F/C', 'UT', 'BE', 'IR']",100.0,True,GSW,ACTIVE,False
2,4,SKAVALASSKKYYYY,2,Phantom Troupe,3064290,Aaron Gordon,PF,PG,"['PF', 'F', 'G/F', 'PF/C', 'F/C', 'UT', 'BE', 'IR']",48.0,True,DEN,OUT,True
2,4,SKAVALASSKKYYYY,2,Phantom Troupe,5105565,Donovan Clingan,C,PG,"['C', 'PF/C', 'F/C', 'UT', 'BE', 'IR']",51.0,True,POR,ACTIVE,False
2,4,SKAVALASSKKYYYY,2,Phantom Troupe,4278067,Nic Claxton,C,PG,"['C', 'PF/C', 'F/C', 'UT', 'BE', 'IR']",14.0,True,BKN,OUT,True
2,4,SKAVALASSKKYYYY,2,Phantom Troupe,3992,James Harden,PG,PG,"['PG', 'SG', 'G', 'SG/SF', 'G/F', 'UT', 'BE', 'IR']",83.0,True,CLE,ACTIVE,False
2,4,SKAVALASSKKYYYY,2,Phantom Troupe,3917376,Jaylen Brown,SF,PG,"['SG', 'SF', 'G', 'F', 'SG/SF', 'G/F', 'F/C', 'UT', 'BE', 'IR']",150.0,True,BOS,ACTIVE,False
2,4,SKAVALASSKKYYYY,2,Phantom Troupe,4397183,Aaron Wiggins,SG,PG,"['SG', 'G', 'SG/SF', 'G/F', 'UT', 'BE', 'IR']",107.0,True,OKC,ACTIVE,False
2,4,SKAVALASSKKYYYY,2,Phantom Troupe,4433247,Jonathan Kuminga,PF,PG,"['PF', 'F', 'G/F', 'PF/C', 'F/C', 'UT', 'BE', 'IR']",121.0,True,ATL,ACTIVE,False
2,4,SKAVALASSKKYYYY,2,Phantom Troupe,3032976,Rudy Gobert,C,PG,"['C', 'PF/C', 'F/C', 'UT', 'BE', 'IR']",102.0,True,MIN,ACTIVE,False
2,4,SKAVALASSKKYYYY,2,Phantom Troupe,5041939,Cooper Flagg,SF,PG,"['PG', 'SF', 'PF', 'G', 'F', 'SG/SF', 'G/F', 'PF/C', 'F/C', 'UT', 'BE', 'IR']",67.0,True,DAL,OUT,True
2,1,YSK FC,5,Poole Party,4871144,Alperen Sengun,C,PG,"['C', 'PF/C', 'F/C', 'UT', 'BE', 'IR']",144.0,True,HOU,ACTIVE,False
2,1,YSK FC,5,Poole Party,4277956,Jordan Poole,SG,PG,"['PG', 'SG', 'G', 'SG/SF', 'G/F', 'UT', 'BE', 'IR']",91.0,True,NOP,ACTIVE,False
2,1,YSK FC,5,Poole Party,4277961,Jaren Jackson Jr.,C,PG,"['PF', 'C', 'F', 'G/F', 'PF/C', 'F/C', 'UT', 'BE', 'IR']",122.0,True,UTA,OUT,True
2,1,YSK FC,5,Poole Party,3133603,Kelly Oubre Jr.,SF,PG,"['SG', 'SF', 'G', 'F', 'SG/SF', 'G/F', 'F/C', 'UT', 'BE', 'IR']",69.0,True,PHL,ACTIVE,False
2,1,YSK FC,5,Poole Party,4066354,Payton Pritchard,PG,PG,"['PG', 'G', 'G/F', 'UT', 'BE', 'IR']",131.0,True,BOS,ACTIVE,False
2,1,YSK FC,5,Poole Party,4278073,Shai Gilgeous-Alexander,PG,PG,"['PG', 'G', 'G/F', 'UT', 'BE', 'IR']",207.0,True,OKC,ACTIVE,False
2,1,YSK FC,5,Poole Party,3059319,Andrew Wiggins,SF,PG,"['SF', 'PF', 'F', 'SG/SF', 'G/F', 'PF/C', 'F/C', 'UT', 'BE', 'IR']",107.0,True,MIA,ACTIVE,False
2,1,YSK FC,5,Poole Party,4397688,Trey Murphy III,SF,PG,"['SG', 'SF', 'G', 'F', 'SG/SF', 'G/F', 'F/C', 'UT', 'BE', 'IR']",108.0,True,NOP,OUT,True
2,1,YSK FC,5,Poole Party,3032979,Dennis Schroder,PG,PG,"['PG', 'G', 'G/F', 'UT', 'BE', 'IR']",92.0,True,CLE,OUT,True
2,1,YSK FC,5,Poole Party,6589,Draymond Green,PF,PG,"['PF', 'C', 'F', 'G/F', 'PF/C', 'F/C', 'UT', 'BE', 'IR']",100.0,True,GSW,ACTIVE,False
2,1,YSK FC,5,Poole Party,3078576,Derrick White,SG,PG,"['PG', 'SG', 'G', 'SG/SF', 'G/F', 'UT', 'BE', 'IR']",97.0,True,BOS,ACTIVE,False
2,1,YSK FC,5,Poole Party,4432573,Paolo Banchero,PF,PG,"['SF', 'PF', 'F', 'SG/SF', 'G/F', 'PF/C', 'F/C', 'UT', 'BE', 'IR']",210.0,True,ORL,ACTIVE,False
2,1,YSK FC,5,Poole Party,4278078,P.J. Washington,PF,PG,"['SF', 'PF', 'F', 'SG/SF', 'G/F', 'PF/C', 'F/C', 'UT', 'BE', 'IR']",41.0,True,DAL,OUT,True
2,5,Poole Party,1,YSK FC,4277811,Collin Sexton,SG,PG,"['PG', 'SG', 'G', 'SG/SF', 'G/F', 'UT', 'BE', 'IR']",91.0,True,CHI,ACTIVE,False
2,5,Poole Party,1,YSK FC,4709138,Brandin Podziemski,SG,PG,"['PG', 'SG', 'G', 'SG/SF', 'G/F', 'UT', 'BE', 'IR']",98.0,True,GSW,ACTIVE,False
2,5,Poole Party,1,YSK FC,5104155,Bilal Coulibaly,SF,PG,"['SG', 'SF', 'G', 'F', 'SG/SF', 'G/F', 'F/C', 'UT', 'BE', 'IR']",64.0,True,WAS,OUT,True
2,5,Poole Party,1,YSK FC,3136776,D'Angelo Russell,PG,PG,"['PG', 'SG', 'G', 'SG/SF', 'G/F', 'UT', 'BE', 'IR']",44.0,True,WAS,OUT,True
2,5,Poole Party,1,YSK FC,3149673,Pascal Siakam,PF,PG,"['PF', 'F', 'G/F', 'PF/C', 'F/C', 'UT', 'BE', 'IR']",107.0,True,IND,OUT,True
2,5,Poole Party,1,YSK FC,5238230,Tre Johnson,SG,PG,"['SG', 'G', 'SG/SF', 'G/F', 'UT', 'BE', 'IR']",29.0,True,WAS,OUT,True
2,5,Poole Party,1,YSK FC,4711294,Matas Buzelis,SF,PG,"['SF', 'PF', 'F', 'SG/SF', 'G/F', 'PF/C', 'F/C', 'UT', 'BE', 'IR']",121.0,True,CHI,OUT,True
2,5,Poole Party,1,YSK FC,4351851,Anfernee Simons,SG,PG,"['PG', 'SG', 'G', 'SG/SF', 'G/F', 'UT', 'BE', 'IR']",84.0,True,CHI,OUT,True
2,5,Poole Party,1,YSK FC,4683692,Cason Wallace,SG,PG,"['SG', 'G', 'SG/SF', 'G/F', 'UT', 'BE', 'IR']",41.0,True,OKC,ACTIVE,False
2,5,Poole Party,1,YSK FC,3995,Jrue Holiday,PG,PG,"['PG', 'SG', 'G', 'SG/SF', 'G/F', 'UT', 'BE', 'IR']",153.0,True,POR,ACTIVE,False
2,5,Poole Party,1,YSK FC,5174563,Kyshawn George,SG,PG,"['SG', 'SF', 'G', 'F', 'SG/SF', 'G/F', 'F/C', 'UT', 'BE', 'IR']",105.0,True,WAS,OUT,True
2,5,Poole Party,1,YSK FC,4432158,Evan Mobley,PF,PG,"['PF', 'C', 'F', 'G/F', 'PF/C', 'F/C', 'UT', 'BE', 'IR']",181.0,True,CLE,ACTIVE,False
2,5,Poole Party,1,YSK FC,5160992,Alex Sarr,C,PG,"['C', 'PF/C', 'F/C', 'UT', 'BE', 'IR']",125.0,True,WAS,OUT,True
2,6,Jeremy Lin fan club,10,Van Der Linde Gang,4593125,Santi Aldama,PF,PG,"['SF', 'PF', 'C', 'F', 'SG/SF', 'G/F', 'PF/C', 'F/C', 'UT', 'BE', 'IR']",119.0,True,MEM,OUT,True
2,6,Jeremy Lin fan club,10,Van Der Linde Gang,4433255,Chet Holmgren,C,PG,"['PF', 'C', 'F', 'G/F', 'PF/C', 'F/C', 'UT', 'BE', 'IR']",45.0,True,OKC,ACTIVE,False
2,6,Jeremy Lin fan club,10,Van Der Linde Gang,4066648,Rui Hachimura,PF,PG,"['SF', 'PF', 'F', 'SG/SF', 'G/F', 'PF/C', 'F/C', 'UT', 'BE', 'IR']",47.0,True,LAL,ACTIVE,False
2,6,Jeremy Lin fan club,10,Van Der Linde Gang,4432165,Jalen Suggs,PG,PG,"['PG', 'SG', 'G', 'SG/SF', 'G/F', 'UT', 'BE', 'IR']",78.0,True,ORL,ACTIVE,False
2,6,Jeremy Lin fan club,10,Van Der Linde Gang,5061575,Kon Knueppel,SG,PG,"['SG', 'G', 'SG/SF', 'G/F', 'UT', 'BE', 'IR']",1.0,True,CHA,ACTIVE,False
2,6,Jeremy Lin fan club,10,Van Der Linde Gang,3135045,Grayson Allen,SG,PG,"['PG', 'SG', 'G', 'SG/SF', 'G/F', 'UT', 'BE', 'IR']",114.0,True,PHO,ACTIVE,False
2,6,Jeremy Lin fan club,10,Van Der Linde Gang,4432174,Cam Thomas,SG,PG,"['SG', 'SF', 'G', 'F', 'SG/SF', 'G/F', 'F/C', 'UT', 'BE', 'IR']",58.0,True,FA,ACTIVE,False
2,6,Jeremy Lin fan club,10,Van Der Linde Gang,6478,Nikola Vucevic,C,PG,"['C', 'PF/C', 'F/C', 'UT', 'BE', 'IR']",183.0,True,BOS,ACTIVE,False
2,6,Jeremy Lin fan club,10,Van Der Linde Gang,3136193,Devin Booker,PG,PG,"['PG', 'SG', 'G', 'SG/SF', 'G/F', 'UT', 'BE', 'IR']",225.0,True,PHO,ACTIVE,False
2,6,Jeremy Lin fan club,10,Van Der Linde Gang,4432816,LaMelo Ball,PG,PG,"['PG', 'G', 'G/F', 'UT', 'BE', 'IR']",123.0,True,CHA,ACTIVE,False
2,6,Jeremy Lin fan club,10,Van Der Linde Gang,4431671,Jaden McDaniels,SF,PG,"['SF', 'F', 'SG/SF', 'G/F', 'F/C', 'UT', 'BE', 'IR']",120.0,True,MIN,ACTIVE,False
2,6,Jeremy Lin fan club,10,Van Der Linde Gang,5175643,Egor Demin,PG,PG,"['PG', 'G', 'G/F', 'UT', 'BE', 'IR']",9.0,True,BKN,OUT,True
2,6,Jeremy Lin fan club,10,Van Der Linde Gang,4900671,Ajay Mitchell,PG,PG,"['PG', 'G', 'G/F', 'UT', 'BE', 'IR']",105.0,True,OKC,OUT,True
2,6,Jeremy Lin fan club,10,Van Der Linde Gang,3155942,Domantas Sabonis,C,PG,"['PF', 'C', 'F', 'G/F', 'PF/C', 'F/C', 'UT', 'BE', 'IR']",118.0,True,SAC,OUT,True
2,6,Jeremy Lin fan club,10,Van Der Linde Gang,4278585,Collin Gillespie,PG,PG,"['PG', 'G', 'G/F', 'UT', 'BE', 'IR']",71.0,True,PHO,ACTIVE,False
2,6,Jeremy Lin fan club,10,Van Der Linde Gang,3147657,Mikal Bridges,SF,PG,"['SG', 'SF', 'G', 'F', 'SG/SF', 'G/F', 'F/C', 'UT', 'BE', 'IR']",132.0,True,NYK,ACTIVE,False
2,10,Van Der Linde Gang,6,Jeremy Lin fan club,4566434,Franz Wagner,SF,PG,"['SF', 'PF', 'F', 'SG/SF', 'G/F', 'PF/C', 'F/C', 'UT', 'BE', 'IR']",160.0,True,ORL,OUT,True
2,10,Van Der Linde Gang,6,Jeremy Lin fan club,4395723,Keldon Johnson,SF,PG,"['SF', 'PF', 'F', 'SG/SF', 'G/F', 'PF/C', 'F/C', 'UT', 'BE', 'IR']",40.0,True,SAS,ACTIVE,False
2,10,Van Der Linde Gang,6,Jeremy Lin fan club,4432810,Isaiah Stewart,C,PG,"['PF', 'C', 'F', 'G/F', 'PF/C', 'F/C', 'UT', 'BE', 'IR']",14.0,True,DET,ACTIVE,False
2,10,Van Der Linde Gang,6,Jeremy Lin fan club,3934672,Jalen Brunson,PG,PG,"['PG', 'G', 'G/F', 'UT', 'BE', 'IR']",140.0,True,NYK,ACTIVE,False
2,10,Van Der Linde Gang,6,Jeremy Lin fan club,4433134,Scottie Barnes,SF,PG,"['SG', 'SF', 'PF', 'G', 'F', 'SG/SF', 'G/F', 'PF/C', 'F/C', 'UT', 'BE', 'IR']",173.0,True,TOR,ACTIVE,False
2,10,Van Der Linde Gang,6,Jeremy Lin fan club,4278129,Deandre Ayton,C,PG,"['C', 'PF/C', 'F/C', 'UT', 'BE', 'IR']",81.0,True,LAL,ACTIVE,False
2,10,Van Der Linde Gang,6,Jeremy Lin fan club,5104157,Victor Wembanyama,C,PG,"['C', 'PF/C', 'F/C', 'UT', 'BE', 'IR']",149.0,True,SAS,ACTIVE,False
2,10,Van Der Linde Gang,6,Jeremy Lin fan club,4066383,Miles Bridges,SF,PG,"['SF', 'PF', 'F', 'SG/SF', 'G/F', 'PF/C', 'F/C', 'UT', 'BE', 'IR']",146.0,True,CHA,ACTIVE,False
2,10,Van Der Linde Gang,6,Jeremy Lin fan club,3133628,Myles Turner,C,PG,"['C', 'PF/C', 'F/C', 'UT', 'BE', 'IR']",82.0,True,MIL,OUT,True
2,10,Van Der Linde Gang,6,Jeremy Lin fan club,4278039,Nickeil Alexander-Walker,SG,PG,"['SG', 'G', 'SG/SF', 'G/F', 'UT', 'BE', 'IR']",51.0,True,ATL,ACTIVE,False
2,10,Van Der Linde Gang,6,Jeremy Lin fan club,3908845,John Collins,PF,PG,"['PF', 'C', 'F', 'G/F', 'PF/C', 'F/C', 'UT', 'BE', 'IR']",33.0,True,LAC,ACTIVE,False
2,10,Van Der Linde Gang,6,Jeremy Lin fan club,4433627,Keyonte George,PG,PG,"['PG', 'SG', 'G', 'SG/SF', 'G/F', 'UT', 'BE', 'IR']",166.0,True,UTA,OUT,True
2,10,Van Der Linde Gang,6,Jeremy Lin fan club,4903027,Cedric Coward,SF,PG,"['SG', 'SF', 'G', 'F', 'SG/SF', 'G/F', 'F/C', 'UT', 'BE', 'IR']",101.0,True,MEM,OUT,True
2,10,Van Der Linde Gang,6,Jeremy Lin fan club,4432639,Jabari Smith Jr.,PF,PG,"['PF', 'C', 'F', 'G/F', 'PF/C', 'F/C', 'UT', 'BE', 'IR']",117.0,True,HOU,ACTIVE,False
2,9,ybgcorp,7,Goat's,4066328,Jarrett Allen,C,PG,"['C', 'PF/C', 'F/C', 'UT', 'BE', 'IR']",61.0,True,CLE,ACTIVE,False
2,9,ybgcorp,7,Goat's,4066457,Austin Reaves,SG,PG,"['PG', 'SG', 'SF', 'G', 'F', 'SG/SF', 'G/F', 'F/C', 'UT', 'BE', 'IR']",192.0,True,LAL,ACTIVE,False
2,9,ybgcorp,7,Goat's,4395626,Tre Jones,PG,PG,"['PG', 'G', 'G/F', 'UT', 'BE', 'IR']",74.0,True,CHI,ACTIVE,False
2,9,ybgcorp,7,Goat's,4701230,Jalen Johnson,PF,PG,"['PF', 'F', 'G/F', 'PF/C', 'F/C', 'UT', 'BE', 'IR']",203.0,True,ATL,ACTIVE,False
2,9,ybgcorp,7,Goat's,4432809,Cole Anthony,PG,PG,"['PG', 'G', 'G/F', 'UT', 'BE', 'IR']",6.0,True,FA,ACTIVE,False
2,9,ybgcorp,7,Goat's,4591725,Ryan Rollins,SG,PG,"['PG', 'SG', 'G', 'SG/SF', 'G/F', 'UT', 'BE', 'IR']",154.0,True,MIL,OUT,True
2,9,ybgcorp,7,Goat's,4222252,Isaiah Hartenstein,C,PG,"['C', 'PF/C', 'F/C', 'UT', 'BE', 'IR']",158.0,True,OKC,ACTIVE,False
2,9,ybgcorp,7,Goat's,4711272,Reed Sheppard,SG,PG,"['PG', 'SG', 'G', 'SG/SF', 'G/F', 'UT', 'BE', 'IR']",54.0,True,HOU,ACTIVE,False
2,9,ybgcorp,7,Goat's,4277905,Trae Young,PG,PG,"['PG', 'G', 'G/F', 'UT', 'BE', 'IR']",58.0,True,WAS,OUT,True
2,9,ybgcorp,7,Goat's,3134908,Jakob Poeltl,C,PG,"['C', 'PF/C', 'F/C', 'UT', 'BE', 'IR']",-2.0,True,TOR,ACTIVE,False
2,9,ybgcorp,7,Goat's,4431767,Christian Braun,SG,PG,"['SG', 'SF', 'G', 'F', 'SG/SF', 'G/F', 'F/C', 'UT', 'BE', 'IR']",60.0,True,DEN,ACTIVE,False
2,9,ybgcorp,7,Goat's,4869342,Dyson Daniels,SG,PG,"['PG', 'SG', 'G', 'SG/SF', 'G/F', 'UT', 'BE', 'IR']",147.0,True,ATL,ACTIVE,False
2,9,ybgcorp,7,Goat's,4395702,Isaiah Joe,SG,PG,"['SG', 'G', 'SG/SF', 'G/F', 'UT', 'BE', 'IR']",25.0,True,OKC,ACTIVE,False
2,9,ybgcorp,7,Goat's,4397014,Quentin Grimes,SG,PG,"['SG', 'G', 'SG/SF', 'G/F', 'UT', 'BE', 'IR']",151.0,True,PHL,ACTIVE,False
2,9,ybgcorp,7,Goat's,4701232,Mark Williams,C,PG,"['C', 'PF/C', 'F/C', 'UT', 'BE', 'IR']",23.0,True,PHO,OUT,True
2,7,Goat's,9,ybgcorp,3202,Kevin Durant,PF,PG,"['SF', 'PF', 'F', 'SG/SF', 'G/F', 'PF/C', 'F/C', 'UT', 'BE', 'IR']",123.0,True,HOU,OUT,True
2,7,Goat's,9,ybgcorp,2990984,Buddy Hield,SG,PG,"['SG', 'SF', 'G', 'F', 'SG/SF', 'G/F', 'F/C', 'UT', 'BE', 'IR']",39.0,True,ATL,ACTIVE,False
2,7,Goat's,9,ybgcorp,4914336,Shaedon Sharpe,SG,PG,"['SG', 'SF', 'G', 'F', 'SG/SF', 'G/F', 'F/C', 'UT', 'BE', 'IR']",80.0,True,POR,ACTIVE,False
2,7,Goat's,9,ybgcorp,4066261,Bam Adebayo,C,PG,"['PF', 'C', 'F', 'G/F', 'PF/C', 'F/C', 'UT', 'BE', 'IR']",144.0,True,MIA,OUT,True
2,7,Goat's,9,ybgcorp,4395724,Immanuel Quickley,PG,PG,"['PG', 'SG', 'G', 'SG/SF', 'G/F', 'UT', 'BE', 'IR']",106.0,True,TOR,OUT,True
2,7,Goat's,9,ybgcorp,6450,Kawhi Leonard,SF,PG,"['SF', 'PF', 'F', 'SG/SF', 'G/F', 'PF/C', 'F/C', 'UT', 'BE', 'IR']",106.0,True,LAC,ACTIVE,False
2,7,Goat's,9,ybgcorp,3064440,Zach LaVine,SG,PG,"['SG', 'SF', 'G', 'F', 'SG/SF', 'G/F', 'F/C', 'UT', 'BE', 'IR']",125.0,True,SAC,OUT,True
2,7,Goat's,9,ybgcorp,3936299,Jamal Murray,PG,PG,"['PG', 'G', 'G/F', 'UT', 'BE', 'IR']",128.0,True,DEN,ACTIVE,False
2,7,Goat's,9,ybgcorp,4278104,Michael Porter Jr.,SF,PG,"['SF', 'PF', 'F', 'SG/SF', 'G/F', 'PF/C', 'F/C', 'UT', 'BE', 'IR']",102.0,True,BKN,OUT,True
2,7,Goat's,9,ybgcorp,3138196,Cameron Johnson,SF,PG,"['SF', 'PF', 'F', 'SG/SF', 'G/F', 'PF/C', 'F/C', 'UT', 'BE', 'IR']",37.0,True,DEN,ACTIVE,False
2,7,Goat's,9,ybgcorp,6430,Jimmy Butler III,SF,PG,"['SG', 'SF', 'PF', 'G', 'F', 'SG/SF', 'G/F', 'PF/C', 'F/C', 'UT', 'BE', 'IR']",165.0,True,GSW,OUT,True
2,7,Goat's,9,ybgcorp,3032977,Giannis Antetokounmpo,PF,PG,"['PF', 'C', 'F', 'G/F', 'PF/C', 'F/C', 'UT', 'BE', 'IR']",129.0,True,MIL,OUT,True
2,7,Goat's,9,ybgcorp,4397020,Luguentz Dort,SG,PG,"['SG', 'SF', 'G', 'F', 'SG/SF', 'G/F', 'F/C', 'UT', 'BE', 'IR']",55.0,True,OKC,ACTIVE,False
3,2,Phantom Troupe,8,Hawk Tuah Demure,4017837,Ivica Zubac,C,PG,"['C', 'PF/C', 'F/C', 'UT', 'BE', 'IR']",140.0,True,IND,OUT,True
3,2,Phantom Troupe,8,Hawk Tuah Demure,4278049,Daniel Gafford,C,PG,"['C', 'PF/C', 'F/C', 'UT', 'BE', 'IR']",104.0,True,DAL,ACTIVE,False
3,2,Phantom Troupe,8,Hawk Tuah Demure,4684742,Ausar Thompson,SF,PG,"['SF', 'PF', 'F', 'SG/SF', 'G/F', 'PF/C', 'F/C', 'UT', 'BE', 'IR']",146.0,True,DET,ACTIVE,False
3,2,Phantom Troupe,8,Hawk Tuah Demure,3913176,Brandon Ingram,SF,PG,"['SF', 'F', 'SG/SF', 'G/F', 'F/C', 'UT', 'BE', 'IR']",102.0,True,TOR,OUT,True
3,2,Phantom Troupe,8,Hawk Tuah Demure,2991070,Jerami Grant,PF,PG,"['PF', 'F', 'G/F', 'PF/C', 'F/C', 'UT', 'BE', 'IR']",93.0,True,POR,ACTIVE,False
3,2,Phantom Troupe,8,Hawk Tuah Demure,3934719,OG Anunoby,SF,PG,"['SF', 'PF', 'F', 'SG/SF', 'G/F', 'PF/C', 'F/C', 'UT', 'BE', 'IR']",135.0,True,NYK,ACTIVE,False
3,2,Phantom Troupe,8,Hawk Tuah Demure,4683778,Jared McCain,SG,PG,"['SG', 'G', 'SG/SF', 'G/F', 'UT', 'BE', 'IR']",4.0,True,OKC,ACTIVE,False
3,2,Phantom Troupe,8,Hawk Tuah Demure,4432166,Cade Cunningham,PG,PG,"['PG', 'SG', 'G', 'SG/SF', 'G/F', 'UT', 'BE', 'IR']",212.0,True,DET,ACTIVE,False
3,2,Phantom Troupe,8,Hawk Tuah Demure,4066262,Malik Monk,SG,PG,"['PG', 'SG', 'SF', 'G', 'F', 'SG/SF', 'G/F', 'F/C', 'UT', 'BE', 'IR']",65.0,True,SAC,OUT,True
3,2,Phantom Troupe,8,Hawk Tuah Demure,5124612,VJ Edgecombe,SG,PG,"['SG', 'G', 'SG/SF', 'G/F', 'UT', 'BE', 'IR']",84.0,True,PHL,ACTIVE,False
3,2,Phantom Troupe,8,Hawk Tuah Demure,3978,DeMar DeRozan,SF,PG,"['SF', 'PF', 'F', 'SG/SF', 'G/F', 'PF/C', 'F/C', 'UT', 'BE', 'IR']",119.0,True,SAC,OUT,True
3,2,Phantom Troupe,8,Hawk Tuah Demure,4066320,Desmond Bane,SG,PG,"['SG', 'SF', 'G', 'F', 'SG/SF', 'G/F', 'F/C', 'UT', 'BE', 'IR']",89.0,True,ORL,ACTIVE,False
3,8,Hawk Tuah Demure,2,Phantom Troupe,3112335,Nikola Jokic,C,PG,"['C', 'PF/C', 'F/C', 'UT', 'BE', 'IR']",327.0,True,DEN,ACTIVE,False
3,8,Hawk Tuah Demure,2,Phantom Troupe,4871145,Josh Giddey,SG,PG,"['PG', 'SG', 'SF', 'G', 'F', 'SG/SF', 'G/F', 'F/C', 'UT', 'BE', 'IR']",145.0,True,CHI,OUT,True
3,8,Hawk Tuah Demure,2,Phantom Troupe,4684740,Amen Thompson,SF,PG,"['SG', 'SF', 'PF', 'G', 'F', 'SG/SF', 'G/F', 'PF/C', 'F/C', 'UT', 'BE', 'IR']",168.0,True,HOU,ACTIVE,False
3,8,Hawk Tuah Demure,2,Phantom Troupe,4396907,Darius Garland,PG,PG,"['PG', 'G', 'G/F', 'UT', 'BE', 'IR']",42.0,True,LAC,ACTIVE,False
3,8,Hawk Tuah Demure,2,Phantom Troupe,4683021,Deni Avdija,SF,PG,"['SG', 'SF', 'PF', 'G', 'F', 'SG/SF', 'G/F', 'PF/C', 'F/C', 'UT', 'BE', 'IR']",159.0,True,POR,ACTIVE,False
3,8,Hawk Tuah Demure,2,Phantom Troupe,4395630,Devin Vassell,SG,PG,"['SG', 'SF', 'G', 'F', 'SG/SF', 'G/F', 'F/C', 'UT', 'BE', 'IR']",23.0,True,SAS,ACTIVE,False
3,8,Hawk Tuah Demure,2,Phantom Troupe,4278129,Deandre Ayton,C,PG,"['C', 'PF/C', 'F/C', 'UT', 'BE', 'IR']",64.0,True,LAL,ACTIVE,False
3,8,Hawk Tuah Demure,2,Phantom Troupe,4279888,Ja Morant,PG,PG,"['PG', 'G', 'G/F', 'UT', 'BE', 'IR']",119.0,True,MEM,OUT,True
3,8,Hawk Tuah Demure,2,Phantom Troupe,3908809,Donovan Mitchell,SG,PG,"['PG', 'SG', 'G', 'SG/SF', 'G/F', 'UT', 'BE', 'IR']",184.0,True,CLE,ACTIVE,False
3,8,Hawk Tuah Demure,2,Phantom Troupe,4432848,Jaime Jaquez Jr.,SF,PG,"['SG', 'SF', 'G', 'F', 'SG/SF', 'G/F', 'F/C', 'UT', 'BE', 'IR']",145.0,True,MIA,ACTIVE,False
3,8,Hawk Tuah Demure,2,Phantom Troupe,4701232,Mark Williams,C,PG,"['C', 'PF/C', 'F/C', 'UT', 'BE', 'IR']",64.0,True,PHO,OUT,True
3,8,Hawk Tuah Demure,2,Phantom Troupe,3059318,Joel Embiid,C,PG,"['C', 'PF/C', 'F/C', 'UT', 'BE', 'IR']",92.0,True,PHL,ACTIVE,False
3,8,Hawk Tuah Demure,2,Phantom Troupe,4431736,Toumani Camara,PF,PG,"['SF', 'PF', 'F', 'SG/SF', 'G/F', 'PF/C', 'F/C', 'UT', 'BE', 'IR']",66.0,True,POR,ACTIVE,False
3,8,Hawk Tuah Demure,2,Phantom Troupe,4066336,Lauri Markkanen,PF,PG,"['SF', 'PF', 'F', 'SG/SF', 'G/F', 'PF/C', 'F/C', 'UT', 'BE', 'IR']",77.0,True,UTA,OUT,True
3,3,Kat's Kittens,1,YSK FC,4431680,Onyeka Okongwu,C,PG,"['C', 'PF/C', 'F/C', 'UT', 'BE', 'IR']",87.0,True,ATL,ACTIVE,False
3,3,Kat's Kittens,1,YSK FC,3907823,Terance Mann,SG,PG,"['SG', 'SF', 'G', 'F', 'SG/SF', 'G/F', 'F/C', 'UT', 'BE', 'IR']",7.0,True,BKN,OUT,True
3,3,Kat's Kittens,1,YSK FC,5105592,Cam Whitmore,SF,PG,"['SF', 'F', 'SG/SF', 'G/F', 'F/C', 'UT', 'BE', 'IR']",5.0,True,WAS,OUT,True
3,3,Kat's Kittens,1,YSK FC,4433621,Jalen Duren,C,PG,"['C', 'PF/C', 'F/C', 'UT', 'BE', 'IR']",198.0,True,DET,ACTIVE,False
3,3,Kat's Kittens,1,YSK FC,3062679,Josh Hart,SF,PG,"['SG', 'SF', 'G', 'F', 'SG/SF', 'G/F', 'F/C', 'UT', 'BE', 'IR']",98.0,True,NYK,ACTIVE,False
3,3,Kat's Kittens,1,YSK FC,4395625,RJ Barrett,SF,PG,"['SG', 'SF', 'PF', 'G', 'F', 'SG/SF', 'G/F', 'PF/C', 'F/C', 'UT', 'BE', 'IR']",117.0,True,TOR,ACTIVE,False
3,3,Kat's Kittens,1,YSK FC,3064514,Julius Randle,PF,PG,"['PF', 'F', 'G/F', 'PF/C', 'F/C', 'UT', 'BE', 'IR']",178.0,True,MIN,ACTIVE,False
3,3,Kat's Kittens,1,YSK FC,3136195,Karl-Anthony Towns,C,PG,"['PF', 'C', 'F', 'G/F', 'PF/C', 'F/C', 'UT', 'BE', 'IR']",144.0,True,NYK,ACTIVE,False
3,3,Kat's Kittens,1,YSK FC,3934673,Donte DiVincenzo,SG,PG,"['PG', 'SG', 'G', 'SG/SF', 'G/F', 'UT', 'BE', 'IR']",136.0,True,MIN,OUT,True
3,3,Kat's Kittens,1,YSK FC,4431678,Tyrese Maxey,PG,PG,"['PG', 'SG', 'G', 'SG/SF', 'G/F', 'UT', 'BE', 'IR']",227.0,True,PHL,ACTIVE,False
3,3,Kat's Kittens,1,YSK FC,4896372,Walter Clayton Jr.,SG,PG,"['PG', 'SG', 'G', 'SG/SF', 'G/F', 'UT', 'BE', 'IR']",57.0,True,MEM,OUT,True
3,3,Kat's Kittens,1,YSK FC,4845367,Stephon Castle,PG,PG,"['PG', 'SG', 'G', 'SG/SF', 'G/F', 'UT', 'BE', 'IR']",120.0,True,SAS,ACTIVE,False
3,1,YSK FC,3,Kat's Kittens,4871144,Alperen Sengun,C,PG,"['C', 'PF/C', 'F/C', 'UT', 'BE', 'IR']",177.0,True,HOU,ACTIVE,False
3,1,YSK FC,3,Kat's Kittens,4277956,Jordan Poole,SG,PG,"['PG', 'SG', 'G', 'SG/SF', 'G/F', 'UT', 'BE', 'IR']",12.0,True,NOP,ACTIVE,False
3,1,YSK FC,3,Kat's Kittens,4277961,Jaren Jackson Jr.,C,PG,"['PF', 'C', 'F', 'G/F', 'PF/C', 'F/C', 'UT', 'BE', 'IR']",131.0,True,UTA,OUT,True
3,1,YSK FC,3,Kat's Kittens,3468,Russell Westbrook,PG,PG,"['PG', 'G', 'G/F', 'UT', 'BE', 'IR']",51.0,True,SAC,OUT,True
3,1,YSK FC,3,Kat's Kittens,3133603,Kelly Oubre Jr.,SF,PG,"['SG', 'SF', 'G', 'F', 'SG/SF', 'G/F', 'F/C', 'UT', 'BE', 'IR']",127.0,True,PHL,ACTIVE,False
3,1,YSK FC,3,Kat's Kittens,4066354,Payton Pritchard,PG,PG,"['PG', 'G', 'G/F', 'UT', 'BE', 'IR']",109.0,True,BOS,ACTIVE,False
3,1,YSK FC,3,Kat's Kittens,4278067,Nic Claxton,C,PG,"['C', 'PF/C', 'F/C', 'UT', 'BE', 'IR']",128.0,True,BKN,OUT,True
3,1,YSK FC,3,Kat's Kittens,4278073,Shai Gilgeous-Alexander,PG,PG,"['PG', 'G', 'G/F', 'UT', 'BE', 'IR']",236.0,True,OKC,ACTIVE,False
3,1,YSK FC,3,Kat's Kittens,3059319,Andrew Wiggins,SF,PG,"['SF', 'PF', 'F', 'SG/SF', 'G/F', 'PF/C', 'F/C', 'UT', 'BE', 'IR']",103.0,True,MIA,ACTIVE,False
3,1,YSK FC,3,Kat's Kittens,4397688,Trey Murphy III,SF,PG,"['SG', 'SF', 'G', 'F', 'SG/SF', 'G/F', 'F/C', 'UT', 'BE', 'IR']",141.0,True,NOP,OUT,True
3,1,YSK FC,3,Kat's Kittens,6589,Draymond Green,PF,PG,"['PF', 'C', 'F', 'G/F', 'PF/C', 'F/C', 'UT', 'BE', 'IR']",21.0,True,GSW,ACTIVE,False
3,1,YSK FC,3,Kat's Kittens,3032979,Dennis Schroder,PG,PG,"['PG', 'G', 'G/F', 'UT', 'BE', 'IR']",91.0,True,CLE,OUT,True
3,1,YSK FC,3,Kat's Kittens,4432573,Paolo Banchero,PF,PG,"['SF', 'PF', 'F', 'SG/SF', 'G/F', 'PF/C', 'F/C', 'UT', 'BE', 'IR']",106.0,True,ORL,ACTIVE,False
3,1,YSK FC,3,Kat's Kittens,3078576,Derrick White,SG,PG,"['PG', 'SG', 'G', 'SG/SF', 'G/F', 'UT', 'BE', 'IR']",182.0,True,BOS,ACTIVE,False
3,1,YSK FC,3,Kat's Kittens,4278078,P.J. Washington,PF,PG,"['SF', 'PF', 'F', 'SG/SF', 'G/F', 'PF/C', 'F/C', 'UT', 'BE', 'IR']",118.0,True,DAL,OUT,True
3,4,SKAVALASSKKYYYY,6,Jeremy Lin fan club,4278053,Davion Mitchell,PG,PG,"['PG', 'G', 'G/F', 'UT', 'BE', 'IR']",153.0,True,MIA,ACTIVE,False
3,4,SKAVALASSKKYYYY,6,Jeremy Lin fan club,3945274,Luka Doncic,PG,PG,"['PG', 'G', 'G/F', 'UT', 'BE', 'IR']",123.0,True,LAL,OUT,True
3,4,SKAVALASSKKYYYY,6,Jeremy Lin fan club,3975,Stephen Curry,PG,PG,"['PG', 'G', 'G/F', 'UT', 'BE', 'IR']",42.0,True,GSW,ACTIVE,False
3,4,SKAVALASSKKYYYY,6,Jeremy Lin fan club,3102531,Kristaps Porzingis,C,PG,"['PF', 'C', 'F', 'G/F', 'PF/C', 'F/C', 'UT', 'BE', 'IR']",68.0,True,GSW,ACTIVE,False
3,4,SKAVALASSKKYYYY,6,Jeremy Lin fan club,3064290,Aaron Gordon,PF,PG,"['PF', 'F', 'G/F', 'PF/C', 'F/C', 'UT', 'BE', 'IR']",95.0,True,DEN,OUT,True
3,4,SKAVALASSKKYYYY,6,Jeremy Lin fan club,5105565,Donovan Clingan,C,PG,"['C', 'PF/C', 'F/C', 'UT', 'BE', 'IR']",76.0,True,POR,ACTIVE,False
3,4,SKAVALASSKKYYYY,6,Jeremy Lin fan club,3155526,Dillon Brooks,SF,PG,"['SG', 'SF', 'G', 'F', 'SG/SF', 'G/F', 'F/C', 'UT', 'BE', 'IR']",33.0,True,PHO,ACTIVE,False
3,4,SKAVALASSKKYYYY,6,Jeremy Lin fan club,2583632,Royce O'Neale,SF,PG,"['SF', 'F', 'SG/SF', 'G/F', 'F/C', 'UT', 'BE', 'IR']",86.0,True,PHO,ACTIVE,False
3,4,SKAVALASSKKYYYY,6,Jeremy Lin fan club,3992,James Harden,PG,PG,"['PG', 'SG', 'G', 'SG/SF', 'G/F', 'UT', 'BE', 'IR']",121.0,True,CLE,ACTIVE,False
3,4,SKAVALASSKKYYYY,6,Jeremy Lin fan club,3917376,Jaylen Brown,SF,PG,"['SG', 'SF', 'G', 'F', 'SG/SF', 'G/F', 'F/C', 'UT', 'BE', 'IR']",177.0,True,BOS,ACTIVE,False
3,4,SKAVALASSKKYYYY,6,Jeremy Lin fan club,4397183,Aaron Wiggins,SG,PG,"['SG', 'G', 'SG/SF', 'G/F', 'UT', 'BE', 'IR']",72.0,True,OKC,ACTIVE,False
3,4,SKAVALASSKKYYYY,6,Jeremy Lin fan club,4433247,Jonathan Kuminga,PF,PG,"['PF', 'F', 'G/F', 'PF/C', 'F/C', 'UT', 'BE', 'IR']",61.0,True,ATL,ACTIVE,False
3,4,SKAVALASSKKYYYY,6,Jeremy Lin fan club,3032976,Rudy Gobert,C,PG,"['C', 'PF/C', 'F/C', 'UT', 'BE', 'IR']",141.0,True,MIN,ACTIVE,False
3,4,SKAVALASSKKYYYY,6,Jeremy Lin fan club,5041939,Cooper Flagg,SF,PG,"['PG', 'SF', 'PF', 'G', 'F', 'SG/SF', 'G/F', 'PF/C', 'F/C', 'UT', 'BE', 'IR']",120.0,True,DAL,OUT,True
3,6,Jeremy Lin fan club,4,SKAVALASSKKYYYY,4593125,Santi Aldama,PF,PG,"['SF', 'PF', 'C', 'F', 'SG/SF', 'G/F', 'PF/C', 'F/C', 'UT', 'BE', 'IR']",98.0,True,MEM,OUT,True
3,6,Jeremy Lin fan club,4,SKAVALASSKKYYYY,4433255,Chet Holmgren,C,PG,"['PF', 'C', 'F', 'G/F', 'PF/C', 'F/C', 'UT', 'BE', 'IR']",88.0,True,OKC,ACTIVE,False
3,6,Jeremy Lin fan club,4,SKAVALASSKKYYYY,4432165,Jalen Suggs,PG,PG,"['PG', 'SG', 'G', 'SG/SF', 'G/F', 'UT', 'BE', 'IR']",106.0,True,ORL,ACTIVE,False
3,6,Jeremy Lin fan club,4,SKAVALASSKKYYYY,4066648,Rui Hachimura,PF,PG,"['SF', 'PF', 'F', 'SG/SF', 'G/F', 'PF/C', 'F/C', 'UT', 'BE', 'IR']",73.0,True,LAL,ACTIVE,False
3,6,Jeremy Lin fan club,4,SKAVALASSKKYYYY,5061575,Kon Knueppel,SG,PG,"['SG', 'G', 'SG/SF', 'G/F', 'UT', 'BE', 'IR']",48.0,True,CHA,ACTIVE,False
3,6,Jeremy Lin fan club,4,SKAVALASSKKYYYY,4433192,Tari Eason,SF,PG,"['SF', 'PF', 'F', 'SG/SF', 'G/F', 'PF/C', 'F/C', 'UT', 'BE', 'IR']",12.0,True,HOU,ACTIVE,False
3,6,Jeremy Lin fan club,4,SKAVALASSKKYYYY,4432174,Cam Thomas,SG,PG,"['SG', 'SF', 'G', 'F', 'SG/SF', 'G/F', 'F/C', 'UT', 'BE', 'IR']",35.0,True,FA,ACTIVE,False
3,6,Jeremy Lin fan club,4,SKAVALASSKKYYYY,6478,Nikola Vucevic,C,PG,"['C', 'PF/C', 'F/C', 'UT', 'BE', 'IR']",87.0,True,BOS,ACTIVE,False
3,6,Jeremy Lin fan club,4,SKAVALASSKKYYYY,3136193,Devin Booker,PG,PG,"['PG', 'SG', 'G', 'SG/SF', 'G/F', 'UT', 'BE', 'IR']",133.0,True,PHO,ACTIVE,False
3,6,Jeremy Lin fan club,4,SKAVALASSKKYYYY,6578,Harrison Barnes,PF,PG,"['PF', 'F', 'G/F', 'PF/C', 'F/C', 'UT', 'BE', 'IR']",22.0,True,SAS,ACTIVE,False
3,6,Jeremy Lin fan club,4,SKAVALASSKKYYYY,4397424,Neemias Queta,C,PG,"['C', 'PF/C', 'F/C', 'UT', 'BE', 'IR']",38.0,True,BOS,ACTIVE,False
3,6,Jeremy Lin fan club,4,SKAVALASSKKYYYY,4431671,Jaden McDaniels,SF,PG,"['SF', 'F', 'SG/SF', 'G/F', 'F/C', 'UT', 'BE', 'IR']",162.0,True,MIN,ACTIVE,False
3,6,Jeremy Lin fan club,4,SKAVALASSKKYYYY,4592691,Jake LaRavia,PF,PG,"['PF', 'F', 'G/F', 'PF/C', 'F/C', 'UT', 'BE', 'IR']",46.0,True,LAL,ACTIVE,False
3,6,Jeremy Lin fan club,4,SKAVALASSKKYYYY,4900671,Ajay Mitchell,PG,PG,"['PG', 'G', 'G/F', 'UT', 'BE', 'IR']",160.0,True,OKC,OUT,True
3,6,Jeremy Lin fan club,4,SKAVALASSKKYYYY,3155942,Domantas Sabonis,C,PG,"['PF', 'C', 'F', 'G/F', 'PF/C', 'F/C', 'UT', 'BE', 'IR']",67.0,True,SAC,OUT,True
3,6,Jeremy Lin fan club,4,SKAVALASSKKYYYY,4278585,Collin Gillespie,PG,PG,"['PG', 'G', 'G/F', 'UT', 'BE', 'IR']",35.0,True,PHO,ACTIVE,False
3,6,Jeremy Lin fan club,4,SKAVALASSKKYYYY,3147657,Mikal Bridges,SF,PG,"['SG', 'SF', 'G', 'F', 'SG/SF', 'G/F', 'F/C', 'UT', 'BE', 'IR']",116.0,True,NYK,ACTIVE,False
3,6,Jeremy Lin fan club,4,SKAVALASSKKYYYY,4888725,Ryan Dunn,SF,PG,"['SF', 'F', 'SG/SF', 'G/F', 'F/C', 'UT', 'BE', 'IR']",25.0,True,PHO,ACTIVE,False
3,5,Poole Party,9,ybgcorp,4351851,Anfernee Simons,SG,PG,"['PG', 'SG', 'G', 'SG/SF', 'G/F', 'UT', 'BE', 'IR']",77.0,True,CHI,OUT,True
3,5,Poole Party,9,ybgcorp,4683692,Cason Wallace,SG,PG,"['SG', 'G', 'SG/SF', 'G/F', 'UT', 'BE', 'IR']",99.0,True,OKC,ACTIVE,False
3,5,Poole Party,9,ybgcorp,4066259,De'Aaron Fox,PG,PG,"['PG', 'G', 'G/F', 'UT', 'BE', 'IR']",38.0,True,SAS,ACTIVE,False
3,5,Poole Party,9,ybgcorp,3102530,Jusuf Nurkic,C,PG,"['C', 'PF/C', 'F/C', 'UT', 'BE', 'IR']",60.0,True,UTA,OUT,True
3,5,Poole Party,9,ybgcorp,5174563,Kyshawn George,SG,PG,"['SG', 'SF', 'G', 'F', 'SG/SF', 'G/F', 'F/C', 'UT', 'BE', 'IR']",59.0,True,WAS,OUT,True
3,5,Poole Party,9,ybgcorp,5160992,Alex Sarr,C,PG,"['C', 'PF/C', 'F/C', 'UT', 'BE', 'IR']",198.0,True,WAS,OUT,True
3,5,Poole Party,9,ybgcorp,4277811,Collin Sexton,SG,PG,"['PG', 'SG', 'G', 'SG/SF', 'G/F', 'UT', 'BE', 'IR']",20.0,True,CHI,ACTIVE,False
3,5,Poole Party,9,ybgcorp,4709138,Brandin Podziemski,SG,PG,"['PG', 'SG', 'G', 'SG/SF', 'G/F', 'UT', 'BE', 'IR']",95.0,True,GSW,ACTIVE,False
3,5,Poole Party,9,ybgcorp,5104155,Bilal Coulibaly,SF,PG,"['SG', 'SF', 'G', 'F', 'SG/SF', 'G/F', 'F/C', 'UT', 'BE', 'IR']",26.0,True,WAS,OUT,True
3,5,Poole Party,9,ybgcorp,4711294,Matas Buzelis,SF,PG,"['SF', 'PF', 'F', 'SG/SF', 'G/F', 'PF/C', 'F/C', 'UT', 'BE', 'IR']",67.0,True,CHI,OUT,True
3,5,Poole Party,9,ybgcorp,3149673,Pascal Siakam,PF,PG,"['PF', 'F', 'G/F', 'PF/C', 'F/C', 'UT', 'BE', 'IR']",112.0,True,IND,OUT,True
3,5,Poole Party,9,ybgcorp,4594268,Anthony Edwards,SG,PG,"['SG', 'SF', 'G', 'F', 'SG/SF', 'G/F', 'F/C', 'UT', 'BE', 'IR']",127.0,True,MIN,ACTIVE,False
3,5,Poole Party,9,ybgcorp,3995,Jrue Holiday,PG,PG,"['PG', 'SG', 'G', 'SG/SF', 'G/F', 'UT', 'BE', 'IR']",112.0,True,POR,ACTIVE,False
3,5,Poole Party,9,ybgcorp,4432158,Evan Mobley,PF,PG,"['PF', 'C', 'F', 'G/F', 'PF/C', 'F/C', 'UT', 'BE', 'IR']",123.0,True,CLE,ACTIVE,False
3,5,Poole Party,9,ybgcorp,4437244,Jalen Green,SG,PG,"['SG', 'G', 'SG/SF', 'G/F', 'UT', 'BE', 'IR']",4.0,True,PHO,ACTIVE,False
3,9,ybgcorp,5,Poole Party,3134908,Jakob Poeltl,C,PG,"['C', 'PF/C', 'F/C', 'UT', 'BE', 'IR']",31.0,True,TOR,ACTIVE,False
3,9,ybgcorp,5,Poole Party,4869342,Dyson Daniels,SG,PG,"['PG', 'SG', 'G', 'SG/SF', 'G/F', 'UT', 'BE', 'IR']",125.0,True,ATL,ACTIVE,False
3,9,ybgcorp,5,Poole Party,4431767,Christian Braun,SG,PG,"['SG', 'SF', 'G', 'F', 'SG/SF', 'G/F', 'F/C', 'UT', 'BE', 'IR']",112.0,True,DEN,ACTIVE,False
3,9,ybgcorp,5,Poole Party,4395702,Isaiah Joe,SG,PG,"['SG', 'G', 'SG/SF', 'G/F', 'UT', 'BE', 'IR']",67.0,True,OKC,ACTIVE,False
3,9,ybgcorp,5,Poole Party,4397014,Quentin Grimes,SG,PG,"['SG', 'G', 'SG/SF', 'G/F', 'UT', 'BE', 'IR']",102.0,True,PHL,ACTIVE,False
3,9,ybgcorp,5,Poole Party,4066328,Jarrett Allen,C,PG,"['C', 'PF/C', 'F/C', 'UT', 'BE', 'IR']",133.0,True,CLE,ACTIVE,False
3,9,ybgcorp,5,Poole Party,4395626,Tre Jones,PG,PG,"['PG', 'G', 'G/F', 'UT', 'BE', 'IR']",87.0,True,CHI,ACTIVE,False
3,9,ybgcorp,5,Poole Party,4701230,Jalen Johnson,PF,PG,"['PF', 'F', 'G/F', 'PF/C', 'F/C', 'UT', 'BE', 'IR']",64.0,True,ATL,ACTIVE,False
3,9,ybgcorp,5,Poole Party,4591725,Ryan Rollins,SG,PG,"['PG', 'SG', 'G', 'SG/SF', 'G/F', 'UT', 'BE', 'IR']",88.0,True,MIL,OUT,True
3,9,ybgcorp,5,Poole Party,4222252,Isaiah Hartenstein,C,PG,"['C', 'PF/C', 'F/C', 'UT', 'BE', 'IR']",183.0,True,OKC,ACTIVE,False
3,10,Van Der Linde Gang,7,Goat's,4566434,Franz Wagner,SF,PG,"['SF', 'PF', 'F', 'SG/SF', 'G/F', 'PF/C', 'F/C', 'UT', 'BE', 'IR']",93.0,True,ORL,OUT,True
3,10,Van Der Linde Gang,7,Goat's,3135045,Grayson Allen,SG,PG,"['PG', 'SG', 'G', 'SG/SF', 'G/F', 'UT', 'BE', 'IR']",68.0,True,PHO,ACTIVE,False
3,10,Van Der Linde Gang,7,Goat's,3934672,Jalen Brunson,PG,PG,"['PG', 'G', 'G/F', 'UT', 'BE', 'IR']",104.0,True,NYK,ACTIVE,False
3,10,Van Der Linde Gang,7,Goat's,4433134,Scottie Barnes,SF,PG,"['SG', 'SF', 'PF', 'G', 'F', 'SG/SF', 'G/F', 'PF/C', 'F/C', 'UT', 'BE', 'IR']",147.0,True,TOR,ACTIVE,False
3,10,Van Der Linde Gang,7,Goat's,5104157,Victor Wembanyama,C,PG,"['C', 'PF/C', 'F/C', 'UT', 'BE', 'IR']",114.0,True,SAS,ACTIVE,False
3,10,Van Der Linde Gang,7,Goat's,4066383,Miles Bridges,SF,PG,"['SF', 'PF', 'F', 'SG/SF', 'G/F', 'PF/C', 'F/C', 'UT', 'BE', 'IR']",62.0,True,CHA,ACTIVE,False
3,10,Van Der Linde Gang,7,Goat's,3133628,Myles Turner,C,PG,"['C', 'PF/C', 'F/C', 'UT', 'BE', 'IR']",165.0,True,MIL,OUT,True
3,10,Van Der Linde Gang,7,Goat's,4278039,Nickeil Alexander-Walker,SG,PG,"['SG', 'G', 'SG/SF', 'G/F', 'UT', 'BE', 'IR']",18.0,True,ATL,ACTIVE,False
3,10,Van Der Linde Gang,7,Goat's,4433627,Keyonte George,PG,PG,"['PG', 'SG', 'G', 'SG/SF', 'G/F', 'UT', 'BE', 'IR']",97.0,True,UTA,OUT,True
3,10,Van Der Linde Gang,7,Goat's,4576060,Ryan Kalkbrenner,C,PG,"['C', 'PF/C', 'F/C', 'UT', 'BE', 'IR', 'Rookie']",73.0,True,CHA,ACTIVE,False
3,10,Van Der Linde Gang,7,Goat's,4903027,Cedric Coward,SF,PG,"['SG', 'SF', 'G', 'F', 'SG/SF', 'G/F', 'F/C', 'UT', 'BE', 'IR']",78.0,True,MEM,OUT,True
3,10,Van Der Linde Gang,7,Goat's,4065732,De'Andre Hunter,SF,PG,"['SF', 'PF', 'F', 'SG/SF', 'G/F', 'PF/C', 'F/C', 'UT', 'BE', 'IR']",53.0,True,SAC,OUT,True
3,10,Van Der Linde Gang,7,Goat's,2595516,Norman Powell,SG,PG,"['SG', 'SF', 'G', 'F', 'SG/SF', 'G/F', 'F/C', 'UT', 'BE', 'IR']",114.0,True,MIA,ACTIVE,False
3,10,Van Der Linde Gang,7,Goat's,4432639,Jabari Smith Jr.,PF,PG,"['PF', 'C', 'F', 'G/F', 'PF/C', 'F/C', 'UT', 'BE', 'IR']",60.0,True,HOU,ACTIVE,False
3,7,Goat's,10,Van Der Linde Gang,3202,Kevin Durant,PF,PG,"['SF', 'PF', 'F', 'SG/SF', 'G/F', 'PF/C', 'F/C', 'UT', 'BE', 'IR']",122.0,True,HOU,OUT,True
3,7,Goat's,10,Van Der Linde Gang,2990984,Buddy Hield,SG,PG,"['SG', 'SF', 'G', 'F', 'SG/SF', 'G/F', 'F/C', 'UT', 'BE', 'IR']",66.0,True,ATL,ACTIVE,False
3,7,Goat's,10,Van Der Linde Gang,4914336,Shaedon Sharpe,SG,PG,"['SG', 'SF', 'G', 'F', 'SG/SF', 'G/F', 'F/C', 'UT', 'BE', 'IR']",100.0,True,POR,ACTIVE,False
3,7,Goat's,10,Van Der Linde Gang,4066261,Bam Adebayo,C,PG,"['PF', 'C', 'F', 'G/F', 'PF/C', 'F/C', 'UT', 'BE', 'IR']",49.0,True,MIA,OUT,True
3,7,Goat's,10,Van Der Linde Gang,4395724,Immanuel Quickley,PG,PG,"['PG', 'SG', 'G', 'SG/SF', 'G/F', 'UT', 'BE', 'IR']",120.0,True,TOR,OUT,True
3,7,Goat's,10,Van Der Linde Gang,6450,Kawhi Leonard,SF,PG,"['SF', 'PF', 'F', 'SG/SF', 'G/F', 'PF/C', 'F/C', 'UT', 'BE', 'IR']",60.0,True,LAC,ACTIVE,False
3,7,Goat's,10,Van Der Linde Gang,3064440,Zach LaVine,SG,PG,"['SG', 'SF', 'G', 'F', 'SG/SF', 'G/F', 'F/C', 'UT', 'BE', 'IR']",81.0,True,SAC,OUT,True
3,7,Goat's,10,Van Der Linde Gang,3936299,Jamal Murray,PG,PG,"['PG', 'G', 'G/F', 'UT', 'BE', 'IR']",119.0,True,DEN,ACTIVE,False
3,7,Goat's,10,Van Der Linde Gang,4278104,Michael Porter Jr.,SF,PG,"['SF', 'PF', 'F', 'SG/SF', 'G/F', 'PF/C', 'F/C', 'UT', 'BE', 'IR']",113.0,True,BKN,OUT,True
3,7,Goat's,10,Van Der Linde Gang,3138196,Cameron Johnson,SF,PG,"['SF', 'PF', 'F', 'SG/SF', 'G/F', 'PF/C', 'F/C', 'UT', 'BE', 'IR']",66.0,True,DEN,ACTIVE,False
3,7,Goat's,10,Van Der Linde Gang,6430,Jimmy Butler III,SF,PG,"['SG', 'SF', 'PF', 'G', 'F', 'SG/SF', 'G/F', 'PF/C', 'F/C', 'UT', 'BE', 'IR']",89.0,True,GSW,OUT,True
3,7,Goat's,10,Van Der Linde Gang,4397020,Luguentz Dort,SG,PG,"['SG', 'SF', 'G', 'F', 'SG/SF', 'G/F', 'F/C', 'UT', 'BE', 'IR']",9.0,True,OKC,ACTIVE,False
3,7,Goat's,10,Van Der Linde Gang,3032977,Giannis Antetokounmpo,PF,PG,"['PF', 'C', 'F', 'G/F', 'PF/C', 'F/C', 'UT', 'BE', 'IR']",228.0,True,MIL,OUT,True
4,8,Hawk Tuah Demure,1,YSK FC,3112335,Nikola Jokic,C,PG,"['C', 'PF/C', 'F/C', 'UT', 'BE', 'IR']",243.0,True,DEN,ACTIVE,False
4,8,Hawk Tuah Demure,1,YSK FC,4278129,Deandre Ayton,C,PG,"['C', 'PF/C', 'F/C', 'UT', 'BE', 'IR']",121.0,True,LAL,ACTIVE,False
4,8,Hawk Tuah Demure,1,YSK FC,4279888,Ja Morant,PG,PG,"['PG', 'G', 'G/F', 'UT', 'BE', 'IR']",30.0,True,MEM,OUT,True
4,8,Hawk Tuah Demure,1,YSK FC,3908809,Donovan Mitchell,SG,PG,"['PG', 'SG', 'G', 'SG/SF', 'G/F', 'UT', 'BE', 'IR']",143.0,True,CLE,ACTIVE,False
4,8,Hawk Tuah Demure,1,YSK FC,4871145,Josh Giddey,SG,PG,"['PG', 'SG', 'SF', 'G', 'F', 'SG/SF', 'G/F', 'F/C', 'UT', 'BE', 'IR']",67.0,True,CHI,OUT,True
4,8,Hawk Tuah Demure,1,YSK FC,4684740,Amen Thompson,SF,PG,"['SG', 'SF', 'PF', 'G', 'F', 'SG/SF', 'G/F', 'PF/C', 'F/C', 'UT', 'BE', 'IR']",103.0,True,HOU,ACTIVE,False
4,8,Hawk Tuah Demure,1,YSK FC,4432848,Jaime Jaquez Jr.,SF,PG,"['SG', 'SF', 'G', 'F', 'SG/SF', 'G/F', 'F/C', 'UT', 'BE', 'IR']",111.0,True,MIA,ACTIVE,False
4,8,Hawk Tuah Demure,1,YSK FC,4701232,Mark Williams,C,PG,"['C', 'PF/C', 'F/C', 'UT', 'BE', 'IR']",71.0,True,PHO,OUT,True
4,8,Hawk Tuah Demure,1,YSK FC,4396907,Darius Garland,PG,PG,"['PG', 'G', 'G/F', 'UT', 'BE', 'IR']",24.0,True,LAC,ACTIVE,False
4,8,Hawk Tuah Demure,1,YSK FC,4683021,Deni Avdija,SF,PG,"['SG', 'SF', 'PF', 'G', 'F', 'SG/SF', 'G/F', 'PF/C', 'F/C', 'UT', 'BE', 'IR']",168.0,True,POR,ACTIVE,False
4,8,Hawk Tuah Demure,1,YSK FC,4431736,Toumani Camara,PF,PG,"['SF', 'PF', 'F', 'SG/SF', 'G/F', 'PF/C', 'F/C', 'UT', 'BE', 'IR']",94.0,True,POR,ACTIVE,False
4,8,Hawk Tuah Demure,1,YSK FC,4066336,Lauri Markkanen,PF,PG,"['SF', 'PF', 'F', 'SG/SF', 'G/F', 'PF/C', 'F/C', 'UT', 'BE', 'IR']",225.0,True,UTA,OUT,True
4,1,YSK FC,8,Hawk Tuah Demure,4871144,Alperen Sengun,C,PG,"['C', 'PF/C', 'F/C', 'UT', 'BE', 'IR']",166.0,True,HOU,ACTIVE,False
4,1,YSK FC,8,Hawk Tuah Demure,4277961,Jaren Jackson Jr.,C,PG,"['PF', 'C', 'F', 'G/F', 'PF/C', 'F/C', 'UT', 'BE', 'IR']",44.0,True,UTA,OUT,True
4,1,YSK FC,8,Hawk Tuah Demure,3468,Russell Westbrook,PG,PG,"['PG', 'G', 'G/F', 'UT', 'BE', 'IR']",113.0,True,SAC,OUT,True
4,1,YSK FC,8,Hawk Tuah Demure,3133603,Kelly Oubre Jr.,SF,PG,"['SG', 'SF', 'G', 'F', 'SG/SF', 'G/F', 'F/C', 'UT', 'BE', 'IR']",22.0,True,PHL,ACTIVE,False
4,1,YSK FC,8,Hawk Tuah Demure,4066354,Payton Pritchard,PG,PG,"['PG', 'G', 'G/F', 'UT', 'BE', 'IR']",114.0,True,BOS,ACTIVE,False
4,1,YSK FC,8,Hawk Tuah Demure,4278067,Nic Claxton,C,PG,"['C', 'PF/C', 'F/C', 'UT', 'BE', 'IR']",132.0,True,BKN,OUT,True
4,1,YSK FC,8,Hawk Tuah Demure,4278073,Shai Gilgeous-Alexander,PG,PG,"['PG', 'G', 'G/F', 'UT', 'BE', 'IR']",196.0,True,OKC,ACTIVE,False
4,1,YSK FC,8,Hawk Tuah Demure,3059319,Andrew Wiggins,SF,PG,"['SF', 'PF', 'F', 'SG/SF', 'G/F', 'PF/C', 'F/C', 'UT', 'BE', 'IR']",98.0,True,MIA,ACTIVE,False
4,1,YSK FC,8,Hawk Tuah Demure,4397688,Trey Murphy III,SF,PG,"['SG', 'SF', 'G', 'F', 'SG/SF', 'G/F', 'F/C', 'UT', 'BE', 'IR']",150.0,True,NOP,OUT,True
4,1,YSK FC,8,Hawk Tuah Demure,3032979,Dennis Schroder,PG,PG,"['PG', 'G', 'G/F', 'UT', 'BE', 'IR']",77.0,True,CLE,OUT,True
4,1,YSK FC,8,Hawk Tuah Demure,3078576,Derrick White,SG,PG,"['PG', 'SG', 'G', 'SG/SF', 'G/F', 'UT', 'BE', 'IR']",137.0,True,BOS,ACTIVE,False
4,1,YSK FC,8,Hawk Tuah Demure,4432573,Paolo Banchero,PF,PG,"['SF', 'PF', 'F', 'SG/SF', 'G/F', 'PF/C', 'F/C', 'UT', 'BE', 'IR']",59.0,True,ORL,ACTIVE,False
4,1,YSK FC,8,Hawk Tuah Demure,4278078,P.J. Washington,PF,PG,"['SF', 'PF', 'F', 'SG/SF', 'G/F', 'PF/C', 'F/C', 'UT', 'BE', 'IR']",64.0,True,DAL,OUT,True
4,6,Jeremy Lin fan club,2,Phantom Troupe,2490149,CJ McCollum,SG,PG,"['PG', 'SG', 'G', 'SG/SF', 'G/F', 'UT', 'BE', 'IR']",16.0,True,ATL,ACTIVE,False
4,6,Jeremy Lin fan club,2,Phantom Troupe,4593125,Santi Aldama,PF,PG,"['SF', 'PF', 'C', 'F', 'SG/SF', 'G/F', 'PF/C', 'F/C', 'UT', 'BE', 'IR']",104.0,True,MEM,OUT,True
4,6,Jeremy Lin fan club,2,Phantom Troupe,4433255,Chet Holmgren,C,PG,"['PF', 'C', 'F', 'G/F', 'PF/C', 'F/C', 'UT', 'BE', 'IR']",113.0,True,OKC,ACTIVE,False
4,6,Jeremy Lin fan club,2,Phantom Troupe,4432582,Max Christie,SG,PG,"['SG', 'G', 'SG/SF', 'G/F', 'UT', 'BE', 'IR']",31.0,True,DAL,ACTIVE,False
4,6,Jeremy Lin fan club,2,Phantom Troupe,4432165,Jalen Suggs,PG,PG,"['PG', 'SG', 'G', 'SG/SF', 'G/F', 'UT', 'BE', 'IR']",52.0,True,ORL,ACTIVE,False
4,6,Jeremy Lin fan club,2,Phantom Troupe,4066648,Rui Hachimura,PF,PG,"['SF', 'PF', 'F', 'SG/SF', 'G/F', 'PF/C', 'F/C', 'UT', 'BE', 'IR']",61.0,True,LAL,ACTIVE,False
4,6,Jeremy Lin fan club,2,Phantom Troupe,4396971,Naz Reid,C,PG,"['PF', 'C', 'F', 'G/F', 'PF/C', 'F/C', 'UT', 'BE', 'IR']",104.0,True,MIN,ACTIVE,False
4,6,Jeremy Lin fan club,2,Phantom Troupe,5061575,Kon Knueppel,SG,PG,"['SG', 'G', 'SG/SF', 'G/F', 'UT', 'BE', 'IR']",135.0,True,CHA,ACTIVE,False
4,6,Jeremy Lin fan club,2,Phantom Troupe,6478,Nikola Vucevic,C,PG,"['C', 'PF/C', 'F/C', 'UT', 'BE', 'IR']",83.0,True,BOS,ACTIVE,False
4,6,Jeremy Lin fan club,2,Phantom Troupe,3136193,Devin Booker,PG,PG,"['PG', 'SG', 'G', 'SG/SF', 'G/F', 'UT', 'BE', 'IR']",158.0,True,PHO,ACTIVE,False
4,6,Jeremy Lin fan club,2,Phantom Troupe,4277811,Collin Sexton,SG,PG,"['PG', 'SG', 'G', 'SG/SF', 'G/F', 'UT', 'BE', 'IR']",15.0,True,CHI,ACTIVE,False
4,6,Jeremy Lin fan club,2,Phantom Troupe,4432816,LaMelo Ball,PG,PG,"['PG', 'G', 'G/F', 'UT', 'BE', 'IR']",31.0,True,CHA,ACTIVE,False
4,6,Jeremy Lin fan club,2,Phantom Troupe,3134907,Kyle Kuzma,PF,PG,"['SF', 'PF', 'F', 'SG/SF', 'G/F', 'PF/C', 'F/C', 'UT', 'BE', 'IR']",-7.0,True,MIL,OUT,True
4,6,Jeremy Lin fan club,2,Phantom Troupe,4431671,Jaden McDaniels,SF,PG,"['SF', 'F', 'SG/SF', 'G/F', 'F/C', 'UT', 'BE', 'IR']",93.0,True,MIN,ACTIVE,False
4,6,Jeremy Lin fan club,2,Phantom Troupe,4900671,Ajay Mitchell,PG,PG,"['PG', 'G', 'G/F', 'UT', 'BE', 'IR']",87.0,True,OKC,OUT,True
4,6,Jeremy Lin fan club,2,Phantom Troupe,3155942,Domantas Sabonis,C,PG,"['PF', 'C', 'F', 'G/F', 'PF/C', 'F/C', 'UT', 'BE', 'IR']",156.0,True,SAC,OUT,True
4,6,Jeremy Lin fan club,2,Phantom Troupe,3147657,Mikal Bridges,SF,PG,"['SG', 'SF', 'G', 'F', 'SG/SF', 'G/F', 'F/C', 'UT', 'BE', 'IR']",129.0,True,NYK,ACTIVE,False
4,2,Phantom Troupe,6,Jeremy Lin fan club,4278049,Daniel Gafford,C,PG,"['C', 'PF/C', 'F/C', 'UT', 'BE', 'IR']",132.0,True,DAL,ACTIVE,False
4,2,Phantom Troupe,6,Jeremy Lin fan club,4017837,Ivica Zubac,C,PG,"['C', 'PF/C', 'F/C', 'UT', 'BE', 'IR']",152.0,True,IND,OUT,True
4,2,Phantom Troupe,6,Jeremy Lin fan club,3913176,Brandon Ingram,SF,PG,"['SF', 'F', 'SG/SF', 'G/F', 'F/C', 'UT', 'BE', 'IR']",96.0,True,TOR,OUT,True
4,2,Phantom Troupe,6,Jeremy Lin fan club,3934719,OG Anunoby,SF,PG,"['SF', 'PF', 'F', 'SG/SF', 'G/F', 'PF/C', 'F/C', 'UT', 'BE', 'IR']",48.0,True,NYK,ACTIVE,False
4,2,Phantom Troupe,6,Jeremy Lin fan club,2991070,Jerami Grant,PF,PG,"['PF', 'F', 'G/F', 'PF/C', 'F/C', 'UT', 'BE', 'IR']",73.0,True,POR,ACTIVE,False
4,2,Phantom Troupe,6,Jeremy Lin fan club,4432166,Cade Cunningham,PG,PG,"['PG', 'SG', 'G', 'SG/SF', 'G/F', 'UT', 'BE', 'IR']",87.0,True,DET,ACTIVE,False
4,2,Phantom Troupe,6,Jeremy Lin fan club,4066262,Malik Monk,SG,PG,"['PG', 'SG', 'SF', 'G', 'F', 'SG/SF', 'G/F', 'F/C', 'UT', 'BE', 'IR']",35.0,True,SAC,OUT,True
4,2,Phantom Troupe,6,Jeremy Lin fan club,5124612,VJ Edgecombe,SG,PG,"['SG', 'G', 'SG/SF', 'G/F', 'UT', 'BE', 'IR']",50.0,True,PHL,ACTIVE,False
4,2,Phantom Troupe,6,Jeremy Lin fan club,3978,DeMar DeRozan,SF,PG,"['SF', 'PF', 'F', 'SG/SF', 'G/F', 'PF/C', 'F/C', 'UT', 'BE', 'IR']",114.0,True,SAC,OUT,True
4,2,Phantom Troupe,6,Jeremy Lin fan club,4066372,Kevin Huerter,SG,PG,"['SG', 'SF', 'G', 'F', 'SG/SF', 'G/F', 'F/C', 'UT', 'BE', 'IR']",97.0,True,DET,ACTIVE,False
4,2,Phantom Troupe,6,Jeremy Lin fan club,4066320,Desmond Bane,SG,PG,"['SG', 'SF', 'G', 'F', 'SG/SF', 'G/F', 'F/C', 'UT', 'BE', 'IR']",134.0,True,ORL,ACTIVE,False
4,2,Phantom Troupe,6,Jeremy Lin fan club,4711272,Reed Sheppard,SG,PG,"['PG', 'SG', 'G', 'SG/SF', 'G/F', 'UT', 'BE', 'IR']",34.0,True,HOU,ACTIVE,False
4,9,ybgcorp,3,Kat's Kittens,4395712,Andrew Nembhard,PG,PG,"['PG', 'SG', 'G', 'SG/SF', 'G/F', 'UT', 'BE', 'IR']",44.0,True,IND,OUT,True
4,9,ybgcorp,3,Kat's Kittens,4066328,Jarrett Allen,C,PG,"['C', 'PF/C', 'F/C', 'UT', 'BE', 'IR']",114.0,True,CLE,ACTIVE,False
4,9,ybgcorp,3,Kat's Kittens,4066457,Austin Reaves,SG,PG,"['PG', 'SG', 'SF', 'G', 'F', 'SG/SF', 'G/F', 'F/C', 'UT', 'BE', 'IR']",159.0,True,LAL,ACTIVE,False
4,9,ybgcorp,3,Kat's Kittens,4395626,Tre Jones,PG,PG,"['PG', 'G', 'G/F', 'UT', 'BE', 'IR']",76.0,True,CHI,ACTIVE,False
4,9,ybgcorp,3,Kat's Kittens,4701230,Jalen Johnson,PF,PG,"['PF', 'F', 'G/F', 'PF/C', 'F/C', 'UT', 'BE', 'IR']",251.0,True,ATL,ACTIVE,False
4,9,ybgcorp,3,Kat's Kittens,4591725,Ryan Rollins,SG,PG,"['PG', 'SG', 'G', 'SG/SF', 'G/F', 'UT', 'BE', 'IR']",104.0,True,MIL,OUT,True
4,9,ybgcorp,3,Kat's Kittens,4222252,Isaiah Hartenstein,C,PG,"['C', 'PF/C', 'F/C', 'UT', 'BE', 'IR']",78.0,True,OKC,ACTIVE,False
4,9,ybgcorp,3,Kat's Kittens,3134908,Jakob Poeltl,C,PG,"['C', 'PF/C', 'F/C', 'UT', 'BE', 'IR']",123.0,True,TOR,ACTIVE,False
4,9,ybgcorp,3,Kat's Kittens,4431767,Christian Braun,SG,PG,"['SG', 'SF', 'G', 'F', 'SG/SF', 'G/F', 'F/C', 'UT', 'BE', 'IR']",40.0,True,DEN,ACTIVE,False
4,9,ybgcorp,3,Kat's Kittens,4869342,Dyson Daniels,SG,PG,"['PG', 'SG', 'G', 'SG/SF', 'G/F', 'UT', 'BE', 'IR']",117.0,True,ATL,ACTIVE,False
4,9,ybgcorp,3,Kat's Kittens,4397014,Quentin Grimes,SG,PG,"['SG', 'G', 'SG/SF', 'G/F', 'UT', 'BE', 'IR']",54.0,True,PHL,ACTIVE,False
4,9,ybgcorp,3,Kat's Kittens,4278585,Collin Gillespie,PG,PG,"['PG', 'G', 'G/F', 'UT', 'BE', 'IR']",30.0,True,PHO,ACTIVE,False
4,9,ybgcorp,3,Kat's Kittens,4431675,Trendon Watford,PF,PG,"['PF', 'F', 'G/F', 'PF/C', 'F/C', 'UT', 'BE', 'IR']",6.0,True,PHL,ACTIVE,False
4,9,ybgcorp,3,Kat's Kittens,5105623,Kel'el Ware,C,PG,"['C', 'PF/C', 'F/C', 'UT', 'BE', 'IR']",45.0,True,MIA,ACTIVE,False
4,3,Kat's Kittens,9,ybgcorp,4431680,Onyeka Okongwu,C,PG,"['C', 'PF/C', 'F/C', 'UT', 'BE', 'IR']",180.0,True,ATL,ACTIVE,False
4,3,Kat's Kittens,9,ybgcorp,2530530,T.J. McConnell,PG,PG,"['PG', 'G', 'G/F', 'UT', 'BE', 'IR']",15.0,True,IND,OUT,True
4,3,Kat's Kittens,9,ybgcorp,3907823,Terance Mann,SG,PG,"['SG', 'SF', 'G', 'F', 'SG/SF', 'G/F', 'F/C', 'UT', 'BE', 'IR']",56.0,True,BKN,OUT,True
4,3,Kat's Kittens,9,ybgcorp,4433621,Jalen Duren,C,PG,"['C', 'PF/C', 'F/C', 'UT', 'BE', 'IR']",35.0,True,DET,ACTIVE,False
4,3,Kat's Kittens,9,ybgcorp,3062679,Josh Hart,SF,PG,"['SG', 'SF', 'G', 'F', 'SG/SF', 'G/F', 'F/C', 'UT', 'BE', 'IR']",93.0,True,NYK,ACTIVE,False
4,3,Kat's Kittens,9,ybgcorp,4395625,RJ Barrett,SF,PG,"['SG', 'SF', 'PF', 'G', 'F', 'SG/SF', 'G/F', 'PF/C', 'F/C', 'UT', 'BE', 'IR']",77.0,True,TOR,ACTIVE,False
4,3,Kat's Kittens,9,ybgcorp,3136195,Karl-Anthony Towns,C,PG,"['PF', 'C', 'F', 'G/F', 'PF/C', 'F/C', 'UT', 'BE', 'IR']",156.0,True,NYK,ACTIVE,False
4,3,Kat's Kittens,9,ybgcorp,3064514,Julius Randle,PF,PG,"['PF', 'F', 'G/F', 'PF/C', 'F/C', 'UT', 'BE', 'IR']",157.0,True,MIN,ACTIVE,False
4,3,Kat's Kittens,9,ybgcorp,4431678,Tyrese Maxey,PG,PG,"['PG', 'SG', 'G', 'SG/SF', 'G/F', 'UT', 'BE', 'IR']",95.0,True,PHL,ACTIVE,False
4,3,Kat's Kittens,9,ybgcorp,3934673,Donte DiVincenzo,SG,PG,"['PG', 'SG', 'G', 'SG/SF', 'G/F', 'UT', 'BE', 'IR']",76.0,True,MIN,OUT,True
4,3,Kat's Kittens,9,ybgcorp,4896372,Walter Clayton Jr.,SG,PG,"['PG', 'SG', 'G', 'SG/SF', 'G/F', 'UT', 'BE', 'IR']",10.0,True,MEM,OUT,True
4,3,Kat's Kittens,9,ybgcorp,4845367,Stephon Castle,PG,PG,"['PG', 'SG', 'G', 'SG/SF', 'G/F', 'UT', 'BE', 'IR']",147.0,True,SAS,ACTIVE,False
4,7,Goat's,4,SKAVALASSKKYYYY,3202,Kevin Durant,PF,PG,"['SF', 'PF', 'F', 'SG/SF', 'G/F', 'PF/C', 'F/C', 'UT', 'BE', 'IR']",138.0,True,HOU,OUT,True
4,7,Goat's,4,SKAVALASSKKYYYY,2990984,Buddy Hield,SG,PG,"['SG', 'SF', 'G', 'F', 'SG/SF', 'G/F', 'F/C', 'UT', 'BE', 'IR']",52.0,True,ATL,ACTIVE,False
4,7,Goat's,4,SKAVALASSKKYYYY,3136776,D'Angelo Russell,PG,PG,"['PG', 'SG', 'G', 'SG/SF', 'G/F', 'UT', 'BE', 'IR']",54.0,True,WAS,OUT,True
4,7,Goat's,4,SKAVALASSKKYYYY,4914336,Shaedon Sharpe,SG,PG,"['SG', 'SF', 'G', 'F', 'SG/SF', 'G/F', 'F/C', 'UT', 'BE', 'IR']",175.0,True,POR,ACTIVE,False
4,7,Goat's,4,SKAVALASSKKYYYY,4395724,Immanuel Quickley,PG,PG,"['PG', 'SG', 'G', 'SG/SF', 'G/F', 'UT', 'BE', 'IR']",126.0,True,TOR,OUT,True
4,7,Goat's,4,SKAVALASSKKYYYY,4277847,Wendell Carter Jr.,C,PG,"['C', 'PF/C', 'F/C', 'UT', 'BE', 'IR']",57.0,True,ORL,ACTIVE,False
4,7,Goat's,4,SKAVALASSKKYYYY,3064440,Zach LaVine,SG,PG,"['SG', 'SF', 'G', 'F', 'SG/SF', 'G/F', 'F/C', 'UT', 'BE', 'IR']",74.0,True,SAC,OUT,True
4,7,Goat's,4,SKAVALASSKKYYYY,3936299,Jamal Murray,PG,PG,"['PG', 'G', 'G/F', 'UT', 'BE', 'IR']",118.0,True,DEN,ACTIVE,False
4,7,Goat's,4,SKAVALASSKKYYYY,4278104,Michael Porter Jr.,SF,PG,"['SF', 'PF', 'F', 'SG/SF', 'G/F', 'PF/C', 'F/C', 'UT', 'BE', 'IR']",140.0,True,BKN,OUT,True
4,7,Goat's,4,SKAVALASSKKYYYY,3138196,Cameron Johnson,SF,PG,"['SF', 'PF', 'F', 'SG/SF', 'G/F', 'PF/C', 'F/C', 'UT', 'BE', 'IR']",10.0,True,DEN,ACTIVE,False
4,7,Goat's,4,SKAVALASSKKYYYY,6430,Jimmy Butler III,SF,PG,"['SG', 'SF', 'PF', 'G', 'F', 'SG/SF', 'G/F', 'PF/C', 'F/C', 'UT', 'BE', 'IR']",178.0,True,GSW,OUT,True
4,7,Goat's,4,SKAVALASSKKYYYY,4397020,Luguentz Dort,SG,PG,"['SG', 'SF', 'G', 'F', 'SG/SF', 'G/F', 'F/C', 'UT', 'BE', 'IR']",10.0,True,OKC,ACTIVE,False
4,7,Goat's,4,SKAVALASSKKYYYY,3032977,Giannis Antetokounmpo,PF,PG,"['PF', 'C', 'F', 'G/F', 'PF/C', 'F/C', 'UT', 'BE', 'IR']",171.0,True,MIL,OUT,True
4,4,SKAVALASSKKYYYY,7,Goat's,4278053,Davion Mitchell,PG,PG,"['PG', 'G', 'G/F', 'UT', 'BE', 'IR']",95.0,True,MIA,ACTIVE,False
4,4,SKAVALASSKKYYYY,7,Goat's,3945274,Luka Doncic,PG,PG,"['PG', 'G', 'G/F', 'UT', 'BE', 'IR']",221.0,True,LAL,OUT,True
4,4,SKAVALASSKKYYYY,7,Goat's,3975,Stephen Curry,PG,PG,"['PG', 'G', 'G/F', 'UT', 'BE', 'IR']",160.0,True,GSW,ACTIVE,False
4,4,SKAVALASSKKYYYY,7,Goat's,3064290,Aaron Gordon,PF,PG,"['PF', 'F', 'G/F', 'PF/C', 'F/C', 'UT', 'BE', 'IR']",80.0,True,DEN,OUT,True
4,4,SKAVALASSKKYYYY,7,Goat's,3102531,Kristaps Porzingis,C,PG,"['PF', 'C', 'F', 'G/F', 'PF/C', 'F/C', 'UT', 'BE', 'IR']",76.0,True,GSW,ACTIVE,False
4,4,SKAVALASSKKYYYY,7,Goat's,5105565,Donovan Clingan,C,PG,"['C', 'PF/C', 'F/C', 'UT', 'BE', 'IR']",88.0,True,POR,ACTIVE,False
4,4,SKAVALASSKKYYYY,7,Goat's,3155526,Dillon Brooks,SF,PG,"['SG', 'SF', 'G', 'F', 'SG/SF', 'G/F', 'F/C', 'UT', 'BE', 'IR']",145.0,True,PHO,ACTIVE,False
4,4,SKAVALASSKKYYYY,7,Goat's,2583632,Royce O'Neale,SF,PG,"['SF', 'F', 'SG/SF', 'G/F', 'F/C', 'UT', 'BE', 'IR']",52.0,True,PHO,ACTIVE,False
4,4,SKAVALASSKKYYYY,7,Goat's,3992,James Harden,PG,PG,"['PG', 'SG', 'G', 'SG/SF', 'G/F', 'UT', 'BE', 'IR']",250.0,True,CLE,ACTIVE,False
4,4,SKAVALASSKKYYYY,7,Goat's,3917376,Jaylen Brown,SF,PG,"['SG', 'SF', 'G', 'F', 'SG/SF', 'G/F', 'F/C', 'UT', 'BE', 'IR']",123.0,True,BOS,ACTIVE,False
4,4,SKAVALASSKKYYYY,7,Goat's,4433247,Jonathan Kuminga,PF,PG,"['PF', 'F', 'G/F', 'PF/C', 'F/C', 'UT', 'BE', 'IR']",20.0,True,ATL,ACTIVE,False
4,4,SKAVALASSKKYYYY,7,Goat's,3032976,Rudy Gobert,C,PG,"['C', 'PF/C', 'F/C', 'UT', 'BE', 'IR']",76.0,True,MIN,ACTIVE,False
4,4,SKAVALASSKKYYYY,7,Goat's,5041939,Cooper Flagg,SF,PG,"['PG', 'SF', 'PF', 'G', 'F', 'SG/SF', 'G/F', 'PF/C', 'F/C', 'UT', 'BE', 'IR']",169.0,True,DAL,OUT,True
4,10,Van Der Linde Gang,5,Poole Party,5104157,Victor Wembanyama,C,PG,"['C', 'PF/C', 'F/C', 'UT', 'BE', 'IR']",202.0,True,SAS,ACTIVE,False
4,10,Van Der Linde Gang,5,Poole Party,4066383,Miles Bridges,SF,PG,"['SF', 'PF', 'F', 'SG/SF', 'G/F', 'PF/C', 'F/C', 'UT', 'BE', 'IR']",175.0,True,CHA,ACTIVE,False
4,10,Van Der Linde Gang,5,Poole Party,4397424,Neemias Queta,C,PG,"['C', 'PF/C', 'F/C', 'UT', 'BE', 'IR']",34.0,True,BOS,ACTIVE,False
4,10,Van Der Linde Gang,5,Poole Party,3133628,Myles Turner,C,PG,"['C', 'PF/C', 'F/C', 'UT', 'BE', 'IR']",116.0,True,MIL,OUT,True
4,10,Van Der Linde Gang,5,Poole Party,4566434,Franz Wagner,SF,PG,"['SF', 'PF', 'F', 'SG/SF', 'G/F', 'PF/C', 'F/C', 'UT', 'BE', 'IR']",178.0,True,ORL,OUT,True
4,10,Van Der Linde Gang,5,Poole Party,4433627,Keyonte George,PG,PG,"['PG', 'SG', 'G', 'SG/SF', 'G/F', 'UT', 'BE', 'IR']",149.0,True,UTA,OUT,True
4,10,Van Der Linde Gang,5,Poole Party,4903027,Cedric Coward,SF,PG,"['SG', 'SF', 'G', 'F', 'SG/SF', 'G/F', 'F/C', 'UT', 'BE', 'IR']",67.0,True,MEM,OUT,True
4,10,Van Der Linde Gang,5,Poole Party,4576060,Ryan Kalkbrenner,C,PG,"['C', 'PF/C', 'F/C', 'UT', 'BE', 'IR', 'Rookie']",86.0,True,CHA,ACTIVE,False
4,10,Van Der Linde Gang,5,Poole Party,3135045,Grayson Allen,SG,PG,"['PG', 'SG', 'G', 'SG/SF', 'G/F', 'UT', 'BE', 'IR']",150.0,True,PHO,ACTIVE,False
4,10,Van Der Linde Gang,5,Poole Party,4065732,De'Andre Hunter,SF,PG,"['SF', 'PF', 'F', 'SG/SF', 'G/F', 'PF/C', 'F/C', 'UT', 'BE', 'IR']",125.0,True,SAC,OUT,True
4,10,Van Der Linde Gang,5,Poole Party,2595516,Norman Powell,SG,PG,"['SG', 'SF', 'G', 'F', 'SG/SF', 'G/F', 'F/C', 'UT', 'BE', 'IR']",139.0,True,MIA,ACTIVE,False
4,10,Van Der Linde Gang,5,Poole Party,3934672,Jalen Brunson,PG,PG,"['PG', 'G', 'G/F', 'UT', 'BE', 'IR']",91.0,True,NYK,ACTIVE,False
4,10,Van Der Linde Gang,5,Poole Party,4433134,Scottie Barnes,SF,PG,"['SG', 'SF', 'PF', 'G', 'F', 'SG/SF', 'G/F', 'PF/C', 'F/C', 'UT', 'BE', 'IR']",159.0,True,TOR,ACTIVE,False
4,5,Poole Party,10,Van Der Linde Gang,4709138,Brandin Podziemski,SG,PG,"['PG', 'SG', 'G', 'SG/SF', 'G/F', 'UT', 'BE', 'IR']",116.0,True,GSW,ACTIVE,False
4,5,Poole Party,10,Van Der Linde Gang,4351851,Anfernee Simons,SG,PG,"['PG', 'SG', 'G', 'SG/SF', 'G/F', 'UT', 'BE', 'IR']",40.0,True,CHI,OUT,True
4,5,Poole Party,10,Van Der Linde Gang,3149673,Pascal Siakam,PF,PG,"['PF', 'F', 'G/F', 'PF/C', 'F/C', 'UT', 'BE', 'IR']",118.0,True,IND,OUT,True
4,5,Poole Party,10,Van Der Linde Gang,4711294,Matas Buzelis,SF,PG,"['SF', 'PF', 'F', 'SG/SF', 'G/F', 'PF/C', 'F/C', 'UT', 'BE', 'IR']",109.0,True,CHI,OUT,True
4,5,Poole Party,10,Van Der Linde Gang,4594268,Anthony Edwards,SG,PG,"['SG', 'SF', 'G', 'F', 'SG/SF', 'G/F', 'F/C', 'UT', 'BE', 'IR']",154.0,True,MIN,ACTIVE,False
4,5,Poole Party,10,Van Der Linde Gang,4683692,Cason Wallace,SG,PG,"['SG', 'G', 'SG/SF', 'G/F', 'UT', 'BE', 'IR']",51.0,True,OKC,ACTIVE,False
4,5,Poole Party,10,Van Der Linde Gang,3995,Jrue Holiday,PG,PG,"['PG', 'SG', 'G', 'SG/SF', 'G/F', 'UT', 'BE', 'IR']",116.0,True,POR,ACTIVE,False
4,5,Poole Party,10,Van Der Linde Gang,3102530,Jusuf Nurkic,C,PG,"['C', 'PF/C', 'F/C', 'UT', 'BE', 'IR']",126.0,True,UTA,OUT,True
4,5,Poole Party,10,Van Der Linde Gang,5174563,Kyshawn George,SG,PG,"['SG', 'SF', 'G', 'F', 'SG/SF', 'G/F', 'F/C', 'UT', 'BE', 'IR']",117.0,True,WAS,OUT,True
4,5,Poole Party,10,Van Der Linde Gang,4066259,De'Aaron Fox,PG,PG,"['PG', 'G', 'G/F', 'UT', 'BE', 'IR']",155.0,True,SAS,ACTIVE,False
4,5,Poole Party,10,Van Der Linde Gang,4432158,Evan Mobley,PF,PG,"['PF', 'C', 'F', 'G/F', 'PF/C', 'F/C', 'UT', 'BE', 'IR']",109.0,True,CLE,ACTIVE,False
4,5,Poole Party,10,Van Der Linde Gang,5160992,Alex Sarr,C,PG,"['C', 'PF/C', 'F/C', 'UT', 'BE', 'IR']",99.0,True,WAS,OUT,True
5,6,Jeremy Lin fan club,8,Hawk Tuah Demure,4593125,Santi Aldama,PF,PG,"['SF', 'PF', 'C', 'F', 'SG/SF', 'G/F', 'PF/C', 'F/C', 'UT', 'BE', 'IR']",125.0,True,MEM,OUT,True
5,6,Jeremy Lin fan club,8,Hawk Tuah Demure,4433255,Chet Holmgren,C,PG,"['PF', 'C', 'F', 'G/F', 'PF/C', 'F/C', 'UT', 'BE', 'IR']",129.0,True,OKC,ACTIVE,False
5,6,Jeremy Lin fan club,8,Hawk Tuah Demure,4432582,Max Christie,SG,PG,"['SG', 'G', 'SG/SF', 'G/F', 'UT', 'BE', 'IR']",-1.0,True,DAL,ACTIVE,False
5,6,Jeremy Lin fan club,8,Hawk Tuah Demure,4066648,Rui Hachimura,PF,PG,"['SF', 'PF', 'F', 'SG/SF', 'G/F', 'PF/C', 'F/C', 'UT', 'BE', 'IR']",34.0,True,LAL,ACTIVE,False
5,6,Jeremy Lin fan club,8,Hawk Tuah Demure,4432165,Jalen Suggs,PG,PG,"['PG', 'SG', 'G', 'SG/SF', 'G/F', 'UT', 'BE', 'IR']",118.0,True,ORL,ACTIVE,False
5,6,Jeremy Lin fan club,8,Hawk Tuah Demure,4396971,Naz Reid,C,PG,"['PF', 'C', 'F', 'G/F', 'PF/C', 'F/C', 'UT', 'BE', 'IR']",118.0,True,MIN,ACTIVE,False
5,6,Jeremy Lin fan club,8,Hawk Tuah Demure,5061575,Kon Knueppel,SG,PG,"['SG', 'G', 'SG/SF', 'G/F', 'UT', 'BE', 'IR']",187.0,True,CHA,ACTIVE,False
5,6,Jeremy Lin fan club,8,Hawk Tuah Demure,6478,Nikola Vucevic,C,PG,"['C', 'PF/C', 'F/C', 'UT', 'BE', 'IR']",134.0,True,BOS,ACTIVE,False
5,6,Jeremy Lin fan club,8,Hawk Tuah Demure,3136193,Devin Booker,PG,PG,"['PG', 'SG', 'G', 'SG/SF', 'G/F', 'UT', 'BE', 'IR']",105.0,True,PHO,ACTIVE,False
5,6,Jeremy Lin fan club,8,Hawk Tuah Demure,5107199,Daniss Jenkins,PG,PG,"['PG', 'G', 'G/F', 'UT', 'BE', 'IR']",55.0,True,DET,ACTIVE,False
5,6,Jeremy Lin fan club,8,Hawk Tuah Demure,4432816,LaMelo Ball,PG,PG,"['PG', 'G', 'G/F', 'UT', 'BE', 'IR']",94.0,True,CHA,ACTIVE,False
5,6,Jeremy Lin fan club,8,Hawk Tuah Demure,4431671,Jaden McDaniels,SF,PG,"['SF', 'F', 'SG/SF', 'G/F', 'F/C', 'UT', 'BE', 'IR']",70.0,True,MIN,ACTIVE,False
5,6,Jeremy Lin fan club,8,Hawk Tuah Demure,4900671,Ajay Mitchell,PG,PG,"['PG', 'G', 'G/F', 'UT', 'BE', 'IR']",115.0,True,OKC,OUT,True
5,6,Jeremy Lin fan club,8,Hawk Tuah Demure,4701232,Mark Williams,C,PG,"['C', 'PF/C', 'F/C', 'UT', 'BE', 'IR']",40.0,True,PHO,OUT,True
5,6,Jeremy Lin fan club,8,Hawk Tuah Demure,3147657,Mikal Bridges,SF,PG,"['SG', 'SF', 'G', 'F', 'SG/SF', 'G/F', 'F/C', 'UT', 'BE', 'IR']",152.0,True,NYK,ACTIVE,False
5,8,Hawk Tuah Demure,6,Jeremy Lin fan club,3112335,Nikola Jokic,C,PG,"['C', 'PF/C', 'F/C', 'UT', 'BE', 'IR']",280.0,True,DEN,ACTIVE,False
5,8,Hawk Tuah Demure,6,Jeremy Lin fan club,4684740,Amen Thompson,SF,PG,"['SG', 'SF', 'PF', 'G', 'F', 'SG/SF', 'G/F', 'PF/C', 'F/C', 'UT', 'BE', 'IR']",87.0,True,HOU,ACTIVE,False
5,8,Hawk Tuah Demure,6,Jeremy Lin fan club,4871145,Josh Giddey,SG,PG,"['PG', 'SG', 'SF', 'G', 'F', 'SG/SF', 'G/F', 'F/C', 'UT', 'BE', 'IR']",182.0,True,CHI,OUT,True
5,8,Hawk Tuah Demure,6,Jeremy Lin fan club,4683747,Jaylon Tyson,SG,PG,"['SG', 'SF', 'G', 'F', 'SG/SF', 'G/F', 'F/C', 'UT', 'BE', 'IR']",12.0,True,CLE,ACTIVE,False
5,8,Hawk Tuah Demure,6,Jeremy Lin fan club,4396907,Darius Garland,PG,PG,"['PG', 'G', 'G/F', 'UT', 'BE', 'IR']",42.0,True,LAC,ACTIVE,False
5,8,Hawk Tuah Demure,6,Jeremy Lin fan club,4397002,Ayo Dosunmu,SG,PG,"['SG', 'G', 'SG/SF', 'G/F', 'UT', 'BE', 'IR']",10.0,True,MIN,ACTIVE,False
5,8,Hawk Tuah Demure,6,Jeremy Lin fan club,4683021,Deni Avdija,SF,PG,"['SG', 'SF', 'PF', 'G', 'F', 'SG/SF', 'G/F', 'PF/C', 'F/C', 'UT', 'BE', 'IR']",154.0,True,POR,ACTIVE,False
5,8,Hawk Tuah Demure,6,Jeremy Lin fan club,4278129,Deandre Ayton,C,PG,"['C', 'PF/C', 'F/C', 'UT', 'BE', 'IR']",56.0,True,LAL,ACTIVE,False
5,8,Hawk Tuah Demure,6,Jeremy Lin fan club,4594327,Keegan Murray,PF,PG,"['SF', 'PF', 'F', 'SG/SF', 'G/F', 'PF/C', 'F/C', 'UT', 'BE', 'IR']",53.0,True,SAC,OUT,True
5,8,Hawk Tuah Demure,6,Jeremy Lin fan club,6578,Harrison Barnes,PF,PG,"['PF', 'F', 'G/F', 'PF/C', 'F/C', 'UT', 'BE', 'IR']",22.0,True,SAS,ACTIVE,False
5,8,Hawk Tuah Demure,6,Jeremy Lin fan club,3908809,Donovan Mitchell,SG,PG,"['PG', 'SG', 'G', 'SG/SF', 'G/F', 'UT', 'BE', 'IR']",209.0,True,CLE,ACTIVE,False
5,8,Hawk Tuah Demure,6,Jeremy Lin fan club,4432848,Jaime Jaquez Jr.,SF,PG,"['SG', 'SF', 'G', 'F', 'SG/SF', 'G/F', 'F/C', 'UT', 'BE', 'IR']",107.0,True,MIA,ACTIVE,False
5,8,Hawk Tuah Demure,6,Jeremy Lin fan club,4712849,Anthony Black,PG,PG,"['PG', 'SG', 'G', 'SG/SF', 'G/F', 'UT', 'BE', 'IR']",23.0,True,ORL,ACTIVE,False
5,8,Hawk Tuah Demure,6,Jeremy Lin fan club,4701232,Mark Williams,C,PG,"['C', 'PF/C', 'F/C', 'UT', 'BE', 'IR']",35.0,True,PHO,OUT,True
5,8,Hawk Tuah Demure,6,Jeremy Lin fan club,6585,Andre Drummond,C,PG,"['C', 'PF/C', 'F/C', 'UT', 'BE', 'IR']",16.0,True,PHL,ACTIVE,False
5,8,Hawk Tuah Demure,6,Jeremy Lin fan club,4431736,Toumani Camara,PF,PG,"['SF', 'PF', 'F', 'SG/SF', 'G/F', 'PF/C', 'F/C', 'UT', 'BE', 'IR']",34.0,True,POR,ACTIVE,False
5,8,Hawk Tuah Demure,6,Jeremy Lin fan club,4869780,Derik Queen,C,PG,"['C', 'PF/C', 'F/C', 'UT', 'BE', 'IR', 'Rookie']",41.0,True,NOP,ACTIVE,False
5,8,Hawk Tuah Demure,6,Jeremy Lin fan club,4066336,Lauri Markkanen,PF,PG,"['SF', 'PF', 'F', 'SG/SF', 'G/F', 'PF/C', 'F/C', 'UT', 'BE', 'IR']",127.0,True,UTA,OUT,True
5,1,YSK FC,9,ybgcorp,4871144,Alperen Sengun,C,PG,"['C', 'PF/C', 'F/C', 'UT', 'BE', 'IR']",76.0,True,HOU,ACTIVE,False
5,1,YSK FC,9,ybgcorp,4277961,Jaren Jackson Jr.,C,PG,"['PF', 'C', 'F', 'G/F', 'PF/C', 'F/C', 'UT', 'BE', 'IR']",22.0,True,UTA,OUT,True
5,1,YSK FC,9,ybgcorp,3468,Russell Westbrook,PG,PG,"['PG', 'G', 'G/F', 'UT', 'BE', 'IR']",111.0,True,SAC,OUT,True
5,1,YSK FC,9,ybgcorp,4066354,Payton Pritchard,PG,PG,"['PG', 'G', 'G/F', 'UT', 'BE', 'IR']",108.0,True,BOS,ACTIVE,False
5,1,YSK FC,9,ybgcorp,4395630,Devin Vassell,SG,PG,"['SG', 'SF', 'G', 'F', 'SG/SF', 'G/F', 'F/C', 'UT', 'BE', 'IR']",67.0,True,SAS,ACTIVE,False
5,1,YSK FC,9,ybgcorp,4600663,Zach Edey,C,PG,"['C', 'PF/C', 'F/C', 'UT', 'BE', 'IR']",105.0,True,MEM,OUT,True
5,1,YSK FC,9,ybgcorp,4278067,Nic Claxton,C,PG,"['C', 'PF/C', 'F/C', 'UT', 'BE', 'IR']",100.0,True,BKN,OUT,True
5,1,YSK FC,9,ybgcorp,4278073,Shai Gilgeous-Alexander,PG,PG,"['PG', 'G', 'G/F', 'UT', 'BE', 'IR']",233.0,True,OKC,ACTIVE,False
5,1,YSK FC,9,ybgcorp,3059319,Andrew Wiggins,SF,PG,"['SF', 'PF', 'F', 'SG/SF', 'G/F', 'PF/C', 'F/C', 'UT', 'BE', 'IR']",47.0,True,MIA,ACTIVE,False
5,1,YSK FC,9,ybgcorp,4397688,Trey Murphy III,SF,PG,"['SG', 'SF', 'G', 'F', 'SG/SF', 'G/F', 'F/C', 'UT', 'BE', 'IR']",164.0,True,NOP,OUT,True
5,1,YSK FC,9,ybgcorp,3032979,Dennis Schroder,PG,PG,"['PG', 'G', 'G/F', 'UT', 'BE', 'IR']",72.0,True,CLE,OUT,True
5,1,YSK FC,9,ybgcorp,3078576,Derrick White,SG,PG,"['PG', 'SG', 'G', 'SG/SF', 'G/F', 'UT', 'BE', 'IR']",96.0,True,BOS,ACTIVE,False
5,1,YSK FC,9,ybgcorp,4278078,P.J. Washington,PF,PG,"['SF', 'PF', 'F', 'SG/SF', 'G/F', 'PF/C', 'F/C', 'UT', 'BE', 'IR']",128.0,True,DAL,OUT,True
5,9,ybgcorp,1,YSK FC,4395712,Andrew Nembhard,PG,PG,"['PG', 'SG', 'G', 'SG/SF', 'G/F', 'UT', 'BE', 'IR']",17.0,True,IND,OUT,True
5,9,ybgcorp,1,YSK FC,4433287,Brandon Miller,SF,PG,"['SG', 'SF', 'G', 'F', 'SG/SF', 'G/F', 'F/C', 'UT', 'BE', 'IR']",36.0,True,CHA,OUT,True
5,9,ybgcorp,1,YSK FC,4066328,Jarrett Allen,C,PG,"['C', 'PF/C', 'F/C', 'UT', 'BE', 'IR']",45.0,True,CLE,ACTIVE,False
5,9,ybgcorp,1,YSK FC,4066457,Austin Reaves,SG,PG,"['PG', 'SG', 'SF', 'G', 'F', 'SG/SF', 'G/F', 'F/C', 'UT', 'BE', 'IR']",67.0,True,LAL,ACTIVE,False
5,9,ybgcorp,1,YSK FC,4701230,Jalen Johnson,PF,PG,"['PF', 'F', 'G/F', 'PF/C', 'F/C', 'UT', 'BE', 'IR']",220.0,True,ATL,ACTIVE,False
5,9,ybgcorp,1,YSK FC,4395626,Tre Jones,PG,PG,"['PG', 'G', 'G/F', 'UT', 'BE', 'IR']",23.0,True,CHI,ACTIVE,False
5,9,ybgcorp,1,YSK FC,4591725,Ryan Rollins,SG,PG,"['PG', 'SG', 'G', 'SG/SF', 'G/F', 'UT', 'BE', 'IR']",148.0,True,MIL,OUT,True
5,9,ybgcorp,1,YSK FC,4222252,Isaiah Hartenstein,C,PG,"['C', 'PF/C', 'F/C', 'UT', 'BE', 'IR']",144.0,True,OKC,ACTIVE,False
5,9,ybgcorp,1,YSK FC,1966,LeBron James,SF,PG,"['SF', 'PF', 'F', 'SG/SF', 'G/F', 'PF/C', 'F/C', 'UT', 'BE', 'IR']",76.0,True,LAL,ACTIVE,False
5,9,ybgcorp,1,YSK FC,3134908,Jakob Poeltl,C,PG,"['C', 'PF/C', 'F/C', 'UT', 'BE', 'IR']",84.0,True,TOR,ACTIVE,False
5,9,ybgcorp,1,YSK FC,4869342,Dyson Daniels,SG,PG,"['PG', 'SG', 'G', 'SG/SF', 'G/F', 'UT', 'BE', 'IR']",155.0,True,ATL,ACTIVE,False
5,9,ybgcorp,1,YSK FC,4397014,Quentin Grimes,SG,PG,"['SG', 'G', 'SG/SF', 'G/F', 'UT', 'BE', 'IR']",101.0,True,PHL,ACTIVE,False
5,9,ybgcorp,1,YSK FC,4278039,Nickeil Alexander-Walker,SG,PG,"['SG', 'G', 'SG/SF', 'G/F', 'UT', 'BE', 'IR']",172.0,True,ATL,ACTIVE,False
5,9,ybgcorp,1,YSK FC,5105623,Kel'el Ware,C,PG,"['C', 'PF/C', 'F/C', 'UT', 'BE', 'IR']",163.0,True,MIA,ACTIVE,False
5,2,Phantom Troupe,7,Goat's,4395651,Coby White,PG,PG,"['PG', 'SG', 'G', 'SG/SF', 'G/F', 'UT', 'BE', 'IR']",71.0,True,CHA,ACTIVE,False
5,2,Phantom Troupe,7,Goat's,4278049,Daniel Gafford,C,PG,"['C', 'PF/C', 'F/C', 'UT', 'BE', 'IR']",74.0,True,DAL,ACTIVE,False
5,2,Phantom Troupe,7,Goat's,4684742,Ausar Thompson,SF,PG,"['SF', 'PF', 'F', 'SG/SF', 'G/F', 'PF/C', 'F/C', 'UT', 'BE', 'IR']",47.0,True,DET,ACTIVE,False
5,2,Phantom Troupe,7,Goat's,3913176,Brandon Ingram,SF,PG,"['SF', 'F', 'SG/SF', 'G/F', 'F/C', 'UT', 'BE', 'IR']",150.0,True,TOR,OUT,True
5,2,Phantom Troupe,7,Goat's,4432166,Cade Cunningham,PG,PG,"['PG', 'SG', 'G', 'SG/SF', 'G/F', 'UT', 'BE', 'IR']",113.0,True,DET,ACTIVE,False
5,2,Phantom Troupe,7,Goat's,4066262,Malik Monk,SG,PG,"['PG', 'SG', 'SF', 'G', 'F', 'SG/SF', 'G/F', 'F/C', 'UT', 'BE', 'IR']",55.0,True,SAC,OUT,True
5,2,Phantom Troupe,7,Goat's,5124612,VJ Edgecombe,SG,PG,"['SG', 'G', 'SG/SF', 'G/F', 'UT', 'BE', 'IR']",98.0,True,PHL,ACTIVE,False
5,2,Phantom Troupe,7,Goat's,3978,DeMar DeRozan,SF,PG,"['SF', 'PF', 'F', 'SG/SF', 'G/F', 'PF/C', 'F/C', 'UT', 'BE', 'IR']",84.0,True,SAC,OUT,True
5,2,Phantom Troupe,7,Goat's,4066320,Desmond Bane,SG,PG,"['SG', 'SF', 'G', 'F', 'SG/SF', 'G/F', 'F/C', 'UT', 'BE', 'IR']",155.0,True,ORL,ACTIVE,False
5,2,Phantom Troupe,7,Goat's,4711272,Reed Sheppard,SG,PG,"['PG', 'SG', 'G', 'SG/SF', 'G/F', 'UT', 'BE', 'IR']",76.0,True,HOU,ACTIVE,False
5,2,Phantom Troupe,7,Goat's,4395628,Zion Williamson,PF,PG,"['PF', 'F', 'G/F', 'PF/C', 'F/C', 'UT', 'BE', 'IR']",41.0,True,NOP,OUT,True
5,2,Phantom Troupe,7,Goat's,4017837,Ivica Zubac,C,PG,"['C', 'PF/C', 'F/C', 'UT', 'BE', 'IR']",173.0,True,IND,OUT,True
5,2,Phantom Troupe,7,Goat's,2991070,Jerami Grant,PF,PG,"['PF', 'F', 'G/F', 'PF/C', 'F/C', 'UT', 'BE', 'IR']",86.0,True,POR,ACTIVE,False
5,2,Phantom Troupe,7,Goat's,4066372,Kevin Huerter,SG,PG,"['SG', 'SF', 'G', 'F', 'SG/SF', 'G/F', 'F/C', 'UT', 'BE', 'IR']",40.0,True,DET,ACTIVE,False
5,7,Goat's,2,Phantom Troupe,3202,Kevin Durant,PF,PG,"['SF', 'PF', 'F', 'SG/SF', 'G/F', 'PF/C', 'F/C', 'UT', 'BE', 'IR']",43.0,True,HOU,OUT,True
5,7,Goat's,2,Phantom Troupe,4432582,Max Christie,SG,PG,"['SG', 'G', 'SG/SF', 'G/F', 'UT', 'BE', 'IR']",10.0,True,DAL,ACTIVE,False
5,7,Goat's,2,Phantom Troupe,2990984,Buddy Hield,SG,PG,"['SG', 'SF', 'G', 'F', 'SG/SF', 'G/F', 'F/C', 'UT', 'BE', 'IR']",29.0,True,ATL,ACTIVE,False
5,7,Goat's,2,Phantom Troupe,4914336,Shaedon Sharpe,SG,PG,"['SG', 'SF', 'G', 'F', 'SG/SF', 'G/F', 'F/C', 'UT', 'BE', 'IR']",35.0,True,POR,ACTIVE,False
5,7,Goat's,2,Phantom Troupe,4066261,Bam Adebayo,C,PG,"['PF', 'C', 'F', 'G/F', 'PF/C', 'F/C', 'UT', 'BE', 'IR']",122.0,True,MIA,OUT,True
5,7,Goat's,2,Phantom Troupe,4395724,Immanuel Quickley,PG,PG,"['PG', 'SG', 'G', 'SG/SF', 'G/F', 'UT', 'BE', 'IR']",163.0,True,TOR,OUT,True
5,7,Goat's,2,Phantom Troupe,6450,Kawhi Leonard,SF,PG,"['SF', 'PF', 'F', 'SG/SF', 'G/F', 'PF/C', 'F/C', 'UT', 'BE', 'IR']",33.0,True,LAC,ACTIVE,False
5,7,Goat's,2,Phantom Troupe,4277847,Wendell Carter Jr.,C,PG,"['C', 'PF/C', 'F/C', 'UT', 'BE', 'IR']",83.0,True,ORL,ACTIVE,False
5,7,Goat's,2,Phantom Troupe,3064440,Zach LaVine,SG,PG,"['SG', 'SF', 'G', 'F', 'SG/SF', 'G/F', 'F/C', 'UT', 'BE', 'IR']",67.0,True,SAC,OUT,True
5,7,Goat's,2,Phantom Troupe,3936299,Jamal Murray,PG,PG,"['PG', 'G', 'G/F', 'UT', 'BE', 'IR']",188.0,True,DEN,ACTIVE,False
5,7,Goat's,2,Phantom Troupe,4278585,Collin Gillespie,PG,PG,"['PG', 'G', 'G/F', 'UT', 'BE', 'IR']",73.0,True,PHO,ACTIVE,False
5,7,Goat's,2,Phantom Troupe,4278104,Michael Porter Jr.,SF,PG,"['SF', 'PF', 'F', 'SG/SF', 'G/F', 'PF/C', 'F/C', 'UT', 'BE', 'IR']",146.0,True,BKN,OUT,True
5,7,Goat's,2,Phantom Troupe,3138196,Cameron Johnson,SF,PG,"['SF', 'PF', 'F', 'SG/SF', 'G/F', 'PF/C', 'F/C', 'UT', 'BE', 'IR']",123.0,True,DEN,ACTIVE,False
5,7,Goat's,2,Phantom Troupe,6430,Jimmy Butler III,SF,PG,"['SG', 'SF', 'PF', 'G', 'F', 'SG/SF', 'G/F', 'PF/C', 'F/C', 'UT', 'BE', 'IR']",100.0,True,GSW,OUT,True
5,7,Goat's,2,Phantom Troupe,3032977,Giannis Antetokounmpo,PF,PG,"['PF', 'C', 'F', 'G/F', 'PF/C', 'F/C', 'UT', 'BE', 'IR']",24.0,True,MIL,OUT,True
5,7,Goat's,2,Phantom Troupe,4397020,Luguentz Dort,SG,PG,"['SG', 'SF', 'G', 'F', 'SG/SF', 'G/F', 'F/C', 'UT', 'BE', 'IR']",76.0,True,OKC,ACTIVE,False
5,3,Kat's Kittens,10,Van Der Linde Gang,4431680,Onyeka Okongwu,C,PG,"['C', 'PF/C', 'F/C', 'UT', 'BE', 'IR']",100.0,True,ATL,ACTIVE,False
5,3,Kat's Kittens,10,Van Der Linde Gang,3907823,Terance Mann,SG,PG,"['SG', 'SF', 'G', 'F', 'SG/SF', 'G/F', 'F/C', 'UT', 'BE', 'IR']",46.0,True,BKN,OUT,True
5,3,Kat's Kittens,10,Van Der Linde Gang,4433621,Jalen Duren,C,PG,"['C', 'PF/C', 'F/C', 'UT', 'BE', 'IR']",134.0,True,DET,ACTIVE,False
5,3,Kat's Kittens,10,Van Der Linde Gang,3062679,Josh Hart,SF,PG,"['SG', 'SF', 'G', 'F', 'SG/SF', 'G/F', 'F/C', 'UT', 'BE', 'IR']",100.0,True,NYK,ACTIVE,False
5,3,Kat's Kittens,10,Van Der Linde Gang,4395625,RJ Barrett,SF,PG,"['SG', 'SF', 'PF', 'G', 'F', 'SG/SF', 'G/F', 'PF/C', 'F/C', 'UT', 'BE', 'IR']",121.0,True,TOR,ACTIVE,False
5,3,Kat's Kittens,10,Van Der Linde Gang,4251,Paul George,SF,PG,"['SF', 'PF', 'F', 'SG/SF', 'G/F', 'PF/C', 'F/C', 'UT', 'BE', 'IR']",42.0,True,PHL,ACTIVE,False
5,3,Kat's Kittens,10,Van Der Linde Gang,3136195,Karl-Anthony Towns,C,PG,"['PF', 'C', 'F', 'G/F', 'PF/C', 'F/C', 'UT', 'BE', 'IR']",101.0,True,NYK,ACTIVE,False
5,3,Kat's Kittens,10,Van Der Linde Gang,3064514,Julius Randle,PF,PG,"['PF', 'F', 'G/F', 'PF/C', 'F/C', 'UT', 'BE', 'IR']",92.0,True,MIN,ACTIVE,False
5,3,Kat's Kittens,10,Van Der Linde Gang,4431678,Tyrese Maxey,PG,PG,"['PG', 'SG', 'G', 'SG/SF', 'G/F', 'UT', 'BE', 'IR']",259.0,True,PHL,ACTIVE,False
5,3,Kat's Kittens,10,Van Der Linde Gang,3934673,Donte DiVincenzo,SG,PG,"['PG', 'SG', 'G', 'SG/SF', 'G/F', 'UT', 'BE', 'IR']",90.0,True,MIN,OUT,True
5,10,Van Der Linde Gang,3,Kat's Kittens,4066383,Miles Bridges,SF,PG,"['SF', 'PF', 'F', 'SG/SF', 'G/F', 'PF/C', 'F/C', 'UT', 'BE', 'IR']",152.0,True,CHA,ACTIVE,False
5,10,Van Der Linde Gang,3,Kat's Kittens,3133628,Myles Turner,C,PG,"['C', 'PF/C', 'F/C', 'UT', 'BE', 'IR']",96.0,True,MIL,OUT,True
5,10,Van Der Linde Gang,3,Kat's Kittens,4397424,Neemias Queta,C,PG,"['C', 'PF/C', 'F/C', 'UT', 'BE', 'IR']",83.0,True,BOS,ACTIVE,False
5,10,Van Der Linde Gang,3,Kat's Kittens,4683634,Bennedict Mathurin,SF,PG,"['SG', 'SF', 'G', 'F', 'SG/SF', 'G/F', 'F/C', 'UT', 'BE', 'IR']",102.0,True,LAC,ACTIVE,False
5,10,Van Der Linde Gang,3,Kat's Kittens,4566434,Franz Wagner,SF,PG,"['SF', 'PF', 'F', 'SG/SF', 'G/F', 'PF/C', 'F/C', 'UT', 'BE', 'IR']",156.0,True,ORL,OUT,True
5,10,Van Der Linde Gang,3,Kat's Kittens,4433627,Keyonte George,PG,PG,"['PG', 'SG', 'G', 'SG/SF', 'G/F', 'UT', 'BE', 'IR']",142.0,True,UTA,OUT,True
5,10,Van Der Linde Gang,3,Kat's Kittens,4576060,Ryan Kalkbrenner,C,PG,"['C', 'PF/C', 'F/C', 'UT', 'BE', 'IR', 'Rookie']",48.0,True,CHA,ACTIVE,False
5,10,Van Der Linde Gang,3,Kat's Kittens,4903027,Cedric Coward,SF,PG,"['SG', 'SF', 'G', 'F', 'SG/SF', 'G/F', 'F/C', 'UT', 'BE', 'IR']",70.0,True,MEM,OUT,True
5,10,Van Der Linde Gang,3,Kat's Kittens,4065732,De'Andre Hunter,SF,PG,"['SF', 'PF', 'F', 'SG/SF', 'G/F', 'PF/C', 'F/C', 'UT', 'BE', 'IR']",116.0,True,SAC,OUT,True
5,10,Van Der Linde Gang,3,Kat's Kittens,2595516,Norman Powell,SG,PG,"['SG', 'SF', 'G', 'F', 'SG/SF', 'G/F', 'F/C', 'UT', 'BE', 'IR']",156.0,True,MIA,ACTIVE,False
5,10,Van Der Linde Gang,3,Kat's Kittens,3934672,Jalen Brunson,PG,PG,"['PG', 'G', 'G/F', 'UT', 'BE', 'IR']",106.0,True,NYK,ACTIVE,False
5,10,Van Der Linde Gang,3,Kat's Kittens,4433134,Scottie Barnes,SF,PG,"['SG', 'SF', 'PF', 'G', 'F', 'SG/SF', 'G/F', 'PF/C', 'F/C', 'UT', 'BE', 'IR']",176.0,True,TOR,ACTIVE,False
5,4,SKAVALASSKKYYYY,5,Poole Party,2490149,CJ McCollum,SG,PG,"['PG', 'SG', 'G', 'SG/SF', 'G/F', 'UT', 'BE', 'IR']",31.0,True,ATL,ACTIVE,False
5,4,SKAVALASSKKYYYY,5,Poole Party,4278053,Davion Mitchell,PG,PG,"['PG', 'G', 'G/F', 'UT', 'BE', 'IR']",121.0,True,MIA,ACTIVE,False
5,4,SKAVALASSKKYYYY,5,Poole Party,3945274,Luka Doncic,PG,PG,"['PG', 'G', 'G/F', 'UT', 'BE', 'IR']",118.0,True,LAL,OUT,True
5,4,SKAVALASSKKYYYY,5,Poole Party,3975,Stephen Curry,PG,PG,"['PG', 'G', 'G/F', 'UT', 'BE', 'IR']",119.0,True,GSW,ACTIVE,False
5,4,SKAVALASSKKYYYY,5,Poole Party,3102531,Kristaps Porzingis,C,PG,"['PF', 'C', 'F', 'G/F', 'PF/C', 'F/C', 'UT', 'BE', 'IR']",98.0,True,GSW,ACTIVE,False
5,4,SKAVALASSKKYYYY,5,Poole Party,3064290,Aaron Gordon,PF,PG,"['PF', 'F', 'G/F', 'PF/C', 'F/C', 'UT', 'BE', 'IR']",35.0,True,DEN,OUT,True
5,4,SKAVALASSKKYYYY,5,Poole Party,5105565,Donovan Clingan,C,PG,"['C', 'PF/C', 'F/C', 'UT', 'BE', 'IR']",173.0,True,POR,ACTIVE,False
5,4,SKAVALASSKKYYYY,5,Poole Party,3155526,Dillon Brooks,SF,PG,"['SG', 'SF', 'G', 'F', 'SG/SF', 'G/F', 'F/C', 'UT', 'BE', 'IR']",90.0,True,PHO,ACTIVE,False
5,4,SKAVALASSKKYYYY,5,Poole Party,2583632,Royce O'Neale,SF,PG,"['SF', 'F', 'SG/SF', 'G/F', 'F/C', 'UT', 'BE', 'IR']",63.0,True,PHO,ACTIVE,False
5,4,SKAVALASSKKYYYY,5,Poole Party,3992,James Harden,PG,PG,"['PG', 'SG', 'G', 'SG/SF', 'G/F', 'UT', 'BE', 'IR']",203.0,True,CLE,ACTIVE,False
5,4,SKAVALASSKKYYYY,5,Poole Party,3917376,Jaylen Brown,SF,PG,"['SG', 'SF', 'G', 'F', 'SG/SF', 'G/F', 'F/C', 'UT', 'BE', 'IR']",131.0,True,BOS,ACTIVE,False
5,4,SKAVALASSKKYYYY,5,Poole Party,3032976,Rudy Gobert,C,PG,"['C', 'PF/C', 'F/C', 'UT', 'BE', 'IR']",99.0,True,MIN,ACTIVE,False
5,4,SKAVALASSKKYYYY,5,Poole Party,5041939,Cooper Flagg,SF,PG,"['PG', 'SF', 'PF', 'G', 'F', 'SG/SF', 'G/F', 'PF/C', 'F/C', 'UT', 'BE', 'IR']",95.0,True,DAL,OUT,True
5,5,Poole Party,4,SKAVALASSKKYYYY,4709138,Brandin Podziemski,SG,PG,"['PG', 'SG', 'G', 'SG/SF', 'G/F', 'UT', 'BE', 'IR']",66.0,True,GSW,ACTIVE,False
5,5,Poole Party,4,SKAVALASSKKYYYY,5104155,Bilal Coulibaly,SF,PG,"['SG', 'SF', 'G', 'F', 'SG/SF', 'G/F', 'F/C', 'UT', 'BE', 'IR']",66.0,True,WAS,OUT,True
5,5,Poole Party,4,SKAVALASSKKYYYY,4711294,Matas Buzelis,SF,PG,"['SF', 'PF', 'F', 'SG/SF', 'G/F', 'PF/C', 'F/C', 'UT', 'BE', 'IR']",101.0,True,CHI,OUT,True
5,5,Poole Party,4,SKAVALASSKKYYYY,4351851,Anfernee Simons,SG,PG,"['PG', 'SG', 'G', 'SG/SF', 'G/F', 'UT', 'BE', 'IR']",102.0,True,CHI,OUT,True
5,5,Poole Party,4,SKAVALASSKKYYYY,3149673,Pascal Siakam,PF,PG,"['PF', 'F', 'G/F', 'PF/C', 'F/C', 'UT', 'BE', 'IR']",133.0,True,IND,OUT,True
5,5,Poole Party,4,SKAVALASSKKYYYY,4594268,Anthony Edwards,SG,PG,"['SG', 'SF', 'G', 'F', 'SG/SF', 'G/F', 'F/C', 'UT', 'BE', 'IR']",120.0,True,MIN,ACTIVE,False
5,5,Poole Party,4,SKAVALASSKKYYYY,4683692,Cason Wallace,SG,PG,"['SG', 'G', 'SG/SF', 'G/F', 'UT', 'BE', 'IR']",89.0,True,OKC,ACTIVE,False
5,5,Poole Party,4,SKAVALASSKKYYYY,4066259,De'Aaron Fox,PG,PG,"['PG', 'G', 'G/F', 'UT', 'BE', 'IR']",132.0,True,SAS,ACTIVE,False
5,5,Poole Party,4,SKAVALASSKKYYYY,3102530,Jusuf Nurkic,C,PG,"['C', 'PF/C', 'F/C', 'UT', 'BE', 'IR']",81.0,True,UTA,OUT,True
5,5,Poole Party,4,SKAVALASSKKYYYY,5174563,Kyshawn George,SG,PG,"['SG', 'SF', 'G', 'F', 'SG/SF', 'G/F', 'F/C', 'UT', 'BE', 'IR']",105.0,True,WAS,OUT,True
5,5,Poole Party,4,SKAVALASSKKYYYY,4432158,Evan Mobley,PF,PG,"['PF', 'C', 'F', 'G/F', 'PF/C', 'F/C', 'UT', 'BE', 'IR']",134.0,True,CLE,ACTIVE,False
5,5,Poole Party,4,SKAVALASSKKYYYY,5160992,Alex Sarr,C,PG,"['C', 'PF/C', 'F/C', 'UT', 'BE', 'IR']",28.0,True,WAS,OUT,True
6,8,Hawk Tuah Demure,9,ybgcorp,3112335,Nikola Jokic,C,PG,"['C', 'PF/C', 'F/C', 'UT', 'BE', 'IR']",170.0,True,DEN,ACTIVE,False
6,8,Hawk Tuah Demure,9,ybgcorp,4433218,Jaden Ivey,SG,PG,"['PG', 'SG', 'G', 'SG/SF', 'G/F', 'UT', 'BE', 'IR']",6.0,True,FA,OUT,True
6,8,Hawk Tuah Demure,9,ybgcorp,4684740,Amen Thompson,SF,PG,"['SG', 'SF', 'PF', 'G', 'F', 'SG/SF', 'G/F', 'PF/C', 'F/C', 'UT', 'BE', 'IR']",101.0,True,HOU,ACTIVE,False
6,8,Hawk Tuah Demure,9,ybgcorp,4871145,Josh Giddey,SG,PG,"['PG', 'SG', 'SF', 'G', 'F', 'SG/SF', 'G/F', 'F/C', 'UT', 'BE', 'IR']",129.0,True,CHI,OUT,True
6,8,Hawk Tuah Demure,9,ybgcorp,4683747,Jaylon Tyson,SG,PG,"['SG', 'SF', 'G', 'F', 'SG/SF', 'G/F', 'F/C', 'UT', 'BE', 'IR']",35.0,True,CLE,ACTIVE,False
6,8,Hawk Tuah Demure,9,ybgcorp,4396907,Darius Garland,PG,PG,"['PG', 'G', 'G/F', 'UT', 'BE', 'IR']",65.0,True,LAC,ACTIVE,False
6,8,Hawk Tuah Demure,9,ybgcorp,4683021,Deni Avdija,SF,PG,"['SG', 'SF', 'PF', 'G', 'F', 'SG/SF', 'G/F', 'PF/C', 'F/C', 'UT', 'BE', 'IR']",154.0,True,POR,ACTIVE,False
6,8,Hawk Tuah Demure,9,ybgcorp,4278129,Deandre Ayton,C,PG,"['C', 'PF/C', 'F/C', 'UT', 'BE', 'IR']",100.0,True,LAL,ACTIVE,False
6,8,Hawk Tuah Demure,9,ybgcorp,4594327,Keegan Murray,PF,PG,"['SF', 'PF', 'F', 'SG/SF', 'G/F', 'PF/C', 'F/C', 'UT', 'BE', 'IR']",204.0,True,SAC,OUT,True
6,8,Hawk Tuah Demure,9,ybgcorp,3908809,Donovan Mitchell,SG,PG,"['PG', 'SG', 'G', 'SG/SF', 'G/F', 'UT', 'BE', 'IR']",128.0,True,CLE,ACTIVE,False
6,8,Hawk Tuah Demure,9,ybgcorp,4397136,Saddiq Bey,SF,PG,"['SF', 'PF', 'F', 'SG/SF', 'G/F', 'PF/C', 'F/C', 'UT', 'BE', 'IR']",84.0,True,NOP,ACTIVE,False
6,8,Hawk Tuah Demure,9,ybgcorp,4432848,Jaime Jaquez Jr.,SF,PG,"['SG', 'SF', 'G', 'F', 'SG/SF', 'G/F', 'F/C', 'UT', 'BE', 'IR']",41.0,True,MIA,ACTIVE,False
6,8,Hawk Tuah Demure,9,ybgcorp,4712849,Anthony Black,PG,PG,"['PG', 'SG', 'G', 'SG/SF', 'G/F', 'UT', 'BE', 'IR']",46.0,True,ORL,ACTIVE,False
6,8,Hawk Tuah Demure,9,ybgcorp,6585,Andre Drummond,C,PG,"['C', 'PF/C', 'F/C', 'UT', 'BE', 'IR']",16.0,True,PHL,ACTIVE,False
6,8,Hawk Tuah Demure,9,ybgcorp,4432639,Jabari Smith Jr.,PF,PG,"['PF', 'C', 'F', 'G/F', 'PF/C', 'F/C', 'UT', 'BE', 'IR']",51.0,True,HOU,ACTIVE,False
6,8,Hawk Tuah Demure,9,ybgcorp,4869780,Derik Queen,C,PG,"['C', 'PF/C', 'F/C', 'UT', 'BE', 'IR', 'Rookie']",89.0,True,NOP,ACTIVE,False
6,8,Hawk Tuah Demure,9,ybgcorp,4066336,Lauri Markkanen,PF,PG,"['SF', 'PF', 'F', 'SG/SF', 'G/F', 'PF/C', 'F/C', 'UT', 'BE', 'IR']",79.0,True,UTA,OUT,True
6,9,ybgcorp,8,Hawk Tuah Demure,4433287,Brandon Miller,SF,PG,"['SG', 'SF', 'G', 'F', 'SG/SF', 'G/F', 'F/C', 'UT', 'BE', 'IR']",89.0,True,CHA,OUT,True
6,9,ybgcorp,8,Hawk Tuah Demure,4066328,Jarrett Allen,C,PG,"['C', 'PF/C', 'F/C', 'UT', 'BE', 'IR']",18.0,True,CLE,ACTIVE,False
6,9,ybgcorp,8,Hawk Tuah Demure,4066457,Austin Reaves,SG,PG,"['PG', 'SG', 'SF', 'G', 'F', 'SG/SF', 'G/F', 'F/C', 'UT', 'BE', 'IR']",186.0,True,LAL,ACTIVE,False
6,9,ybgcorp,8,Hawk Tuah Demure,4701230,Jalen Johnson,PF,PG,"['PF', 'F', 'G/F', 'PF/C', 'F/C', 'UT', 'BE', 'IR']",153.0,True,ATL,ACTIVE,False
6,9,ybgcorp,8,Hawk Tuah Demure,4395626,Tre Jones,PG,PG,"['PG', 'G', 'G/F', 'UT', 'BE', 'IR']",102.0,True,CHI,ACTIVE,False
6,9,ybgcorp,8,Hawk Tuah Demure,4591725,Ryan Rollins,SG,PG,"['PG', 'SG', 'G', 'SG/SF', 'G/F', 'UT', 'BE', 'IR']",130.0,True,MIL,OUT,True
6,9,ybgcorp,8,Hawk Tuah Demure,4222252,Isaiah Hartenstein,C,PG,"['C', 'PF/C', 'F/C', 'UT', 'BE', 'IR']",33.0,True,OKC,ACTIVE,False
6,9,ybgcorp,8,Hawk Tuah Demure,1966,LeBron James,SF,PG,"['SF', 'PF', 'F', 'SG/SF', 'G/F', 'PF/C', 'F/C', 'UT', 'BE', 'IR']",77.0,True,LAL,ACTIVE,False
6,9,ybgcorp,8,Hawk Tuah Demure,3134908,Jakob Poeltl,C,PG,"['C', 'PF/C', 'F/C', 'UT', 'BE', 'IR']",102.0,True,TOR,ACTIVE,False
6,9,ybgcorp,8,Hawk Tuah Demure,4869342,Dyson Daniels,SG,PG,"['PG', 'SG', 'G', 'SG/SF', 'G/F', 'UT', 'BE', 'IR']",114.0,True,ATL,ACTIVE,False
6,9,ybgcorp,8,Hawk Tuah Demure,4397014,Quentin Grimes,SG,PG,"['SG', 'G', 'SG/SF', 'G/F', 'UT', 'BE', 'IR']",59.0,True,PHL,ACTIVE,False
6,9,ybgcorp,8,Hawk Tuah Demure,4278039,Nickeil Alexander-Walker,SG,PG,"['SG', 'G', 'SG/SF', 'G/F', 'UT', 'BE', 'IR']",117.0,True,ATL,ACTIVE,False
6,9,ybgcorp,8,Hawk Tuah Demure,5105623,Kel'el Ware,C,PG,"['C', 'PF/C', 'F/C', 'UT', 'BE', 'IR']",106.0,True,MIA,ACTIVE,False
6,7,Goat's,6,Jeremy Lin fan club,4432582,Max Christie,SG,PG,"['SG', 'G', 'SG/SF', 'G/F', 'UT', 'BE', 'IR']",46.0,True,DAL,ACTIVE,False
6,7,Goat's,6,Jeremy Lin fan club,4914336,Shaedon Sharpe,SG,PG,"['SG', 'SF', 'G', 'F', 'SG/SF', 'G/F', 'F/C', 'UT', 'BE', 'IR']",23.0,True,POR,ACTIVE,False
6,7,Goat's,6,Jeremy Lin fan club,4066261,Bam Adebayo,C,PG,"['PF', 'C', 'F', 'G/F', 'PF/C', 'F/C', 'UT', 'BE', 'IR']",59.0,True,MIA,OUT,True
6,7,Goat's,6,Jeremy Lin fan club,4395724,Immanuel Quickley,PG,PG,"['PG', 'SG', 'G', 'SG/SF', 'G/F', 'UT', 'BE', 'IR']",132.0,True,TOR,OUT,True
6,7,Goat's,6,Jeremy Lin fan club,6450,Kawhi Leonard,SF,PG,"['SF', 'PF', 'F', 'SG/SF', 'G/F', 'PF/C', 'F/C', 'UT', 'BE', 'IR']",123.0,True,LAC,ACTIVE,False
6,7,Goat's,6,Jeremy Lin fan club,4277847,Wendell Carter Jr.,C,PG,"['C', 'PF/C', 'F/C', 'UT', 'BE', 'IR']",49.0,True,ORL,ACTIVE,False
6,7,Goat's,6,Jeremy Lin fan club,3064440,Zach LaVine,SG,PG,"['SG', 'SF', 'G', 'F', 'SG/SF', 'G/F', 'F/C', 'UT', 'BE', 'IR']",101.0,True,SAC,OUT,True
6,7,Goat's,6,Jeremy Lin fan club,3936299,Jamal Murray,PG,PG,"['PG', 'G', 'G/F', 'UT', 'BE', 'IR']",149.0,True,DEN,ACTIVE,False
6,7,Goat's,6,Jeremy Lin fan club,4278585,Collin Gillespie,PG,PG,"['PG', 'G', 'G/F', 'UT', 'BE', 'IR']",143.0,True,PHO,ACTIVE,False
6,7,Goat's,6,Jeremy Lin fan club,4278104,Michael Porter Jr.,SF,PG,"['SF', 'PF', 'F', 'SG/SF', 'G/F', 'PF/C', 'F/C', 'UT', 'BE', 'IR']",12.0,True,BKN,OUT,True
6,7,Goat's,6,Jeremy Lin fan club,3138196,Cameron Johnson,SF,PG,"['SF', 'PF', 'F', 'SG/SF', 'G/F', 'PF/C', 'F/C', 'UT', 'BE', 'IR']",110.0,True,DEN,ACTIVE,False
6,7,Goat's,6,Jeremy Lin fan club,6430,Jimmy Butler III,SF,PG,"['SG', 'SF', 'PF', 'G', 'F', 'SG/SF', 'G/F', 'PF/C', 'F/C', 'UT', 'BE', 'IR']",93.0,True,GSW,OUT,True
6,7,Goat's,6,Jeremy Lin fan club,3032977,Giannis Antetokounmpo,PF,PG,"['PF', 'C', 'F', 'G/F', 'PF/C', 'F/C', 'UT', 'BE', 'IR']",112.0,True,MIL,OUT,True
6,6,Jeremy Lin fan club,7,Goat's,4593125,Santi Aldama,PF,PG,"['SF', 'PF', 'C', 'F', 'SG/SF', 'G/F', 'PF/C', 'F/C', 'UT', 'BE', 'IR']",128.0,True,MEM,OUT,True
6,6,Jeremy Lin fan club,7,Goat's,4433255,Chet Holmgren,C,PG,"['PF', 'C', 'F', 'G/F', 'PF/C', 'F/C', 'UT', 'BE', 'IR']",108.0,True,OKC,ACTIVE,False
6,6,Jeremy Lin fan club,7,Goat's,4066648,Rui Hachimura,PF,PG,"['SF', 'PF', 'F', 'SG/SF', 'G/F', 'PF/C', 'F/C', 'UT', 'BE', 'IR']",18.0,True,LAL,ACTIVE,False
6,6,Jeremy Lin fan club,7,Goat's,4432165,Jalen Suggs,PG,PG,"['PG', 'SG', 'G', 'SG/SF', 'G/F', 'UT', 'BE', 'IR']",71.0,True,ORL,ACTIVE,False
6,6,Jeremy Lin fan club,7,Goat's,4396971,Naz Reid,C,PG,"['PF', 'C', 'F', 'G/F', 'PF/C', 'F/C', 'UT', 'BE', 'IR']",106.0,True,MIN,ACTIVE,False
6,6,Jeremy Lin fan club,7,Goat's,5061575,Kon Knueppel,SG,PG,"['SG', 'G', 'SG/SF', 'G/F', 'UT', 'BE', 'IR']",68.0,True,CHA,ACTIVE,False
6,6,Jeremy Lin fan club,7,Goat's,6478,Nikola Vucevic,C,PG,"['C', 'PF/C', 'F/C', 'UT', 'BE', 'IR']",73.0,True,BOS,ACTIVE,False
6,6,Jeremy Lin fan club,7,Goat's,4395725,Tyler Herro,SG,PG,"['PG', 'SG', 'G', 'SG/SF', 'G/F', 'UT', 'BE', 'IR']",140.0,True,MIA,OUT,True
6,6,Jeremy Lin fan club,7,Goat's,3136193,Devin Booker,PG,PG,"['PG', 'SG', 'G', 'SG/SF', 'G/F', 'UT', 'BE', 'IR']",133.0,True,PHO,ACTIVE,False
6,6,Jeremy Lin fan club,7,Goat's,4432816,LaMelo Ball,PG,PG,"['PG', 'G', 'G/F', 'UT', 'BE', 'IR']",74.0,True,CHA,ACTIVE,False
6,6,Jeremy Lin fan club,7,Goat's,4431671,Jaden McDaniels,SF,PG,"['SF', 'F', 'SG/SF', 'G/F', 'F/C', 'UT', 'BE', 'IR']",81.0,True,MIN,ACTIVE,False
6,6,Jeremy Lin fan club,7,Goat's,4900671,Ajay Mitchell,PG,PG,"['PG', 'G', 'G/F', 'UT', 'BE', 'IR']",52.0,True,OKC,OUT,True
6,6,Jeremy Lin fan club,7,Goat's,4701232,Mark Williams,C,PG,"['C', 'PF/C', 'F/C', 'UT', 'BE', 'IR']",20.0,True,PHO,OUT,True
6,6,Jeremy Lin fan club,7,Goat's,4592479,Julian Champagnie,SF,PG,"['SF', 'F', 'SG/SF', 'G/F', 'F/C', 'UT', 'BE', 'IR']",10.0,True,SAS,ACTIVE,False
6,6,Jeremy Lin fan club,7,Goat's,3147657,Mikal Bridges,SF,PG,"['SG', 'SF', 'G', 'F', 'SG/SF', 'G/F', 'F/C', 'UT', 'BE', 'IR']",168.0,True,NYK,ACTIVE,False
6,10,Van Der Linde Gang,1,YSK FC,4566434,Franz Wagner,SF,PG,"['SF', 'PF', 'F', 'SG/SF', 'G/F', 'PF/C', 'F/C', 'UT', 'BE', 'IR']",72.0,True,ORL,OUT,True
6,10,Van Der Linde Gang,1,YSK FC,3135045,Grayson Allen,SG,PG,"['PG', 'SG', 'G', 'SG/SF', 'G/F', 'UT', 'BE', 'IR']",24.0,True,PHO,ACTIVE,False
6,10,Van Der Linde Gang,1,YSK FC,3934672,Jalen Brunson,PG,PG,"['PG', 'G', 'G/F', 'UT', 'BE', 'IR']",160.0,True,NYK,ACTIVE,False
6,10,Van Der Linde Gang,1,YSK FC,4433134,Scottie Barnes,SF,PG,"['SG', 'SF', 'PF', 'G', 'F', 'SG/SF', 'G/F', 'PF/C', 'F/C', 'UT', 'BE', 'IR']",178.0,True,TOR,ACTIVE,False
6,10,Van Der Linde Gang,1,YSK FC,4066383,Miles Bridges,SF,PG,"['SF', 'PF', 'F', 'SG/SF', 'G/F', 'PF/C', 'F/C', 'UT', 'BE', 'IR']",107.0,True,CHA,ACTIVE,False
6,10,Van Der Linde Gang,1,YSK FC,4397424,Neemias Queta,C,PG,"['C', 'PF/C', 'F/C', 'UT', 'BE', 'IR']",44.0,True,BOS,ACTIVE,False
6,10,Van Der Linde Gang,1,YSK FC,3133628,Myles Turner,C,PG,"['C', 'PF/C', 'F/C', 'UT', 'BE', 'IR']",126.0,True,MIL,OUT,True
6,10,Van Der Linde Gang,1,YSK FC,4683634,Bennedict Mathurin,SF,PG,"['SG', 'SF', 'G', 'F', 'SG/SF', 'G/F', 'F/C', 'UT', 'BE', 'IR']",85.0,True,LAC,ACTIVE,False
6,10,Van Der Linde Gang,1,YSK FC,4433627,Keyonte George,PG,PG,"['PG', 'SG', 'G', 'SG/SF', 'G/F', 'UT', 'BE', 'IR']",92.0,True,UTA,OUT,True
6,10,Van Der Linde Gang,1,YSK FC,4576060,Ryan Kalkbrenner,C,PG,"['C', 'PF/C', 'F/C', 'UT', 'BE', 'IR', 'Rookie']",67.0,True,CHA,ACTIVE,False
6,10,Van Der Linde Gang,1,YSK FC,4903027,Cedric Coward,SF,PG,"['SG', 'SF', 'G', 'F', 'SG/SF', 'G/F', 'F/C', 'UT', 'BE', 'IR']",58.0,True,MEM,OUT,True
6,10,Van Der Linde Gang,1,YSK FC,4065732,De'Andre Hunter,SF,PG,"['SF', 'PF', 'F', 'SG/SF', 'G/F', 'PF/C', 'F/C', 'UT', 'BE', 'IR']",36.0,True,SAC,OUT,True
6,10,Van Der Linde Gang,1,YSK FC,2595516,Norman Powell,SG,PG,"['SG', 'SF', 'G', 'F', 'SG/SF', 'G/F', 'F/C', 'UT', 'BE', 'IR']",54.0,True,MIA,ACTIVE,False
6,1,YSK FC,10,Van Der Linde Gang,4871144,Alperen Sengun,C,PG,"['C', 'PF/C', 'F/C', 'UT', 'BE', 'IR']",106.0,True,HOU,ACTIVE,False
6,1,YSK FC,10,Van Der Linde Gang,4277961,Jaren Jackson Jr.,C,PG,"['PF', 'C', 'F', 'G/F', 'PF/C', 'F/C', 'UT', 'BE', 'IR']",137.0,True,UTA,OUT,True
6,1,YSK FC,10,Van Der Linde Gang,4066354,Payton Pritchard,PG,PG,"['PG', 'G', 'G/F', 'UT', 'BE', 'IR']",117.0,True,BOS,ACTIVE,False
6,1,YSK FC,10,Van Der Linde Gang,3468,Russell Westbrook,PG,PG,"['PG', 'G', 'G/F', 'UT', 'BE', 'IR']",133.0,True,SAC,OUT,True
6,1,YSK FC,10,Van Der Linde Gang,4395630,Devin Vassell,SG,PG,"['SG', 'SF', 'G', 'F', 'SG/SF', 'G/F', 'F/C', 'UT', 'BE', 'IR']",133.0,True,SAS,ACTIVE,False
6,1,YSK FC,10,Van Der Linde Gang,4600663,Zach Edey,C,PG,"['C', 'PF/C', 'F/C', 'UT', 'BE', 'IR']",160.0,True,MEM,OUT,True
6,1,YSK FC,10,Van Der Linde Gang,4278067,Nic Claxton,C,PG,"['C', 'PF/C', 'F/C', 'UT', 'BE', 'IR']",42.0,True,BKN,OUT,True
6,1,YSK FC,10,Van Der Linde Gang,4278073,Shai Gilgeous-Alexander,PG,PG,"['PG', 'G', 'G/F', 'UT', 'BE', 'IR']",167.0,True,OKC,ACTIVE,False
6,1,YSK FC,10,Van Der Linde Gang,3059319,Andrew Wiggins,SF,PG,"['SF', 'PF', 'F', 'SG/SF', 'G/F', 'PF/C', 'F/C', 'UT', 'BE', 'IR']",84.0,True,MIA,ACTIVE,False
6,1,YSK FC,10,Van Der Linde Gang,4397688,Trey Murphy III,SF,PG,"['SG', 'SF', 'G', 'F', 'SG/SF', 'G/F', 'F/C', 'UT', 'BE', 'IR']",69.0,True,NOP,OUT,True
6,1,YSK FC,10,Van Der Linde Gang,3032979,Dennis Schroder,PG,PG,"['PG', 'G', 'G/F', 'UT', 'BE', 'IR']",23.0,True,CLE,OUT,True
6,1,YSK FC,10,Van Der Linde Gang,3078576,Derrick White,SG,PG,"['PG', 'SG', 'G', 'SG/SF', 'G/F', 'UT', 'BE', 'IR']",89.0,True,BOS,ACTIVE,False
6,1,YSK FC,10,Van Der Linde Gang,4278078,P.J. Washington,PF,PG,"['SF', 'PF', 'F', 'SG/SF', 'G/F', 'PF/C', 'F/C', 'UT', 'BE', 'IR']",81.0,True,DAL,OUT,True
6,5,Poole Party,2,Phantom Troupe,4395712,Andrew Nembhard,PG,PG,"['PG', 'SG', 'G', 'SG/SF', 'G/F', 'UT', 'BE', 'IR']",40.0,True,IND,OUT,True
6,5,Poole Party,2,Phantom Troupe,4351851,Anfernee Simons,SG,PG,"['PG', 'SG', 'G', 'SG/SF', 'G/F', 'UT', 'BE', 'IR']",19.0,True,CHI,OUT,True
6,5,Poole Party,2,Phantom Troupe,4683692,Cason Wallace,SG,PG,"['SG', 'G', 'SG/SF', 'G/F', 'UT', 'BE', 'IR']",69.0,True,OKC,ACTIVE,False
6,5,Poole Party,2,Phantom Troupe,4593803,Jalen Williams,PF,PG,"['SF', 'PF', 'C', 'F', 'SG/SF', 'G/F', 'PF/C', 'F/C', 'UT', 'BE', 'IR']",40.0,True,OKC,OUT,True
6,5,Poole Party,2,Phantom Troupe,5174563,Kyshawn George,SG,PG,"['SG', 'SF', 'G', 'F', 'SG/SF', 'G/F', 'F/C', 'UT', 'BE', 'IR']",11.0,True,WAS,OUT,True
6,5,Poole Party,2,Phantom Troupe,4066259,De'Aaron Fox,PG,PG,"['PG', 'G', 'G/F', 'UT', 'BE', 'IR']",144.0,True,SAS,ACTIVE,False
6,5,Poole Party,2,Phantom Troupe,3102530,Jusuf Nurkic,C,PG,"['C', 'PF/C', 'F/C', 'UT', 'BE', 'IR']",111.0,True,UTA,OUT,True
6,5,Poole Party,2,Phantom Troupe,5160992,Alex Sarr,C,PG,"['C', 'PF/C', 'F/C', 'UT', 'BE', 'IR']",98.0,True,WAS,OUT,True
6,5,Poole Party,2,Phantom Troupe,5104155,Bilal Coulibaly,SF,PG,"['SG', 'SF', 'G', 'F', 'SG/SF', 'G/F', 'F/C', 'UT', 'BE', 'IR']",46.0,True,WAS,OUT,True
6,5,Poole Party,2,Phantom Troupe,4711294,Matas Buzelis,SF,PG,"['SF', 'PF', 'F', 'SG/SF', 'G/F', 'PF/C', 'F/C', 'UT', 'BE', 'IR']",42.0,True,CHI,OUT,True
6,5,Poole Party,2,Phantom Troupe,3149673,Pascal Siakam,PF,PG,"['PF', 'F', 'G/F', 'PF/C', 'F/C', 'UT', 'BE', 'IR']",169.0,True,IND,OUT,True
6,5,Poole Party,2,Phantom Troupe,4594268,Anthony Edwards,SG,PG,"['SG', 'SF', 'G', 'F', 'SG/SF', 'G/F', 'F/C', 'UT', 'BE', 'IR']",221.0,True,MIN,ACTIVE,False
6,5,Poole Party,2,Phantom Troupe,4432158,Evan Mobley,PF,PG,"['PF', 'C', 'F', 'G/F', 'PF/C', 'F/C', 'UT', 'BE', 'IR']",143.0,True,CLE,ACTIVE,False
6,2,Phantom Troupe,5,Poole Party,4278049,Daniel Gafford,C,PG,"['C', 'PF/C', 'F/C', 'UT', 'BE', 'IR']",41.0,True,DAL,ACTIVE,False
6,2,Phantom Troupe,5,Poole Party,4395651,Coby White,PG,PG,"['PG', 'SG', 'G', 'SG/SF', 'G/F', 'UT', 'BE', 'IR']",68.0,True,CHA,ACTIVE,False
6,2,Phantom Troupe,5,Poole Party,4684742,Ausar Thompson,SF,PG,"['SF', 'PF', 'F', 'SG/SF', 'G/F', 'PF/C', 'F/C', 'UT', 'BE', 'IR']",86.0,True,DET,ACTIVE,False
6,2,Phantom Troupe,5,Poole Party,3913176,Brandon Ingram,SF,PG,"['SF', 'F', 'SG/SF', 'G/F', 'F/C', 'UT', 'BE', 'IR']",117.0,True,TOR,OUT,True
6,2,Phantom Troupe,5,Poole Party,4432166,Cade Cunningham,PG,PG,"['PG', 'SG', 'G', 'SG/SF', 'G/F', 'UT', 'BE', 'IR']",204.0,True,DET,ACTIVE,False
6,2,Phantom Troupe,5,Poole Party,4066262,Malik Monk,SG,PG,"['PG', 'SG', 'SF', 'G', 'F', 'SG/SF', 'G/F', 'F/C', 'UT', 'BE', 'IR']",116.0,True,SAC,OUT,True
6,2,Phantom Troupe,5,Poole Party,5124612,VJ Edgecombe,SG,PG,"['SG', 'G', 'SG/SF', 'G/F', 'UT', 'BE', 'IR']",20.0,True,PHL,ACTIVE,False
6,2,Phantom Troupe,5,Poole Party,3978,DeMar DeRozan,SF,PG,"['SF', 'PF', 'F', 'SG/SF', 'G/F', 'PF/C', 'F/C', 'UT', 'BE', 'IR']",142.0,True,SAC,OUT,True
6,2,Phantom Troupe,5,Poole Party,4066320,Desmond Bane,SG,PG,"['SG', 'SF', 'G', 'F', 'SG/SF', 'G/F', 'F/C', 'UT', 'BE', 'IR']",88.0,True,ORL,ACTIVE,False
6,2,Phantom Troupe,5,Poole Party,4711272,Reed Sheppard,SG,PG,"['PG', 'SG', 'G', 'SG/SF', 'G/F', 'UT', 'BE', 'IR']",126.0,True,HOU,ACTIVE,False
6,2,Phantom Troupe,5,Poole Party,4395628,Zion Williamson,PF,PG,"['PF', 'F', 'G/F', 'PF/C', 'F/C', 'UT', 'BE', 'IR']",101.0,True,NOP,OUT,True
6,2,Phantom Troupe,5,Poole Party,4017837,Ivica Zubac,C,PG,"['C', 'PF/C', 'F/C', 'UT', 'BE', 'IR']",112.0,True,IND,OUT,True
6,2,Phantom Troupe,5,Poole Party,2991070,Jerami Grant,PF,PG,"['PF', 'F', 'G/F', 'PF/C', 'F/C', 'UT', 'BE', 'IR']",90.0,True,POR,ACTIVE,False
6,4,SKAVALASSKKYYYY,3,Kat's Kittens,2490149,CJ McCollum,SG,PG,"['PG', 'SG', 'G', 'SG/SF', 'G/F', 'UT', 'BE', 'IR']",98.0,True,ATL,ACTIVE,False
6,4,SKAVALASSKKYYYY,3,Kat's Kittens,2530530,T.J. McConnell,PG,PG,"['PG', 'G', 'G/F', 'UT', 'BE', 'IR']",37.0,True,IND,OUT,True
6,4,SKAVALASSKKYYYY,3,Kat's Kittens,4278053,Davion Mitchell,PG,PG,"['PG', 'G', 'G/F', 'UT', 'BE', 'IR']",82.0,True,MIA,ACTIVE,False
6,4,SKAVALASSKKYYYY,3,Kat's Kittens,3945274,Luka Doncic,PG,PG,"['PG', 'G', 'G/F', 'UT', 'BE', 'IR']",210.0,True,LAL,OUT,True
6,4,SKAVALASSKKYYYY,3,Kat's Kittens,3975,Stephen Curry,PG,PG,"['PG', 'G', 'G/F', 'UT', 'BE', 'IR']",72.0,True,GSW,ACTIVE,False
6,4,SKAVALASSKKYYYY,3,Kat's Kittens,6440,Tobias Harris,PF,PG,"['SF', 'PF', 'F', 'SG/SF', 'G/F', 'PF/C', 'F/C', 'UT', 'BE', 'IR']",96.0,True,DET,ACTIVE,False
6,4,SKAVALASSKKYYYY,3,Kat's Kittens,3102531,Kristaps Porzingis,C,PG,"['PF', 'C', 'F', 'G/F', 'PF/C', 'F/C', 'UT', 'BE', 'IR']",34.0,True,GSW,ACTIVE,False
6,4,SKAVALASSKKYYYY,3,Kat's Kittens,5105565,Donovan Clingan,C,PG,"['C', 'PF/C', 'F/C', 'UT', 'BE', 'IR']",65.0,True,POR,ACTIVE,False
6,4,SKAVALASSKKYYYY,3,Kat's Kittens,3155526,Dillon Brooks,SF,PG,"['SG', 'SF', 'G', 'F', 'SG/SF', 'G/F', 'F/C', 'UT', 'BE', 'IR']",101.0,True,PHO,ACTIVE,False
6,4,SKAVALASSKKYYYY,3,Kat's Kittens,2583632,Royce O'Neale,SF,PG,"['SF', 'F', 'SG/SF', 'G/F', 'F/C', 'UT', 'BE', 'IR']",116.0,True,PHO,ACTIVE,False
6,4,SKAVALASSKKYYYY,3,Kat's Kittens,3992,James Harden,PG,PG,"['PG', 'SG', 'G', 'SG/SF', 'G/F', 'UT', 'BE', 'IR']",140.0,True,CLE,ACTIVE,False
6,4,SKAVALASSKKYYYY,3,Kat's Kittens,3917376,Jaylen Brown,SF,PG,"['SG', 'SF', 'G', 'F', 'SG/SF', 'G/F', 'F/C', 'UT', 'BE', 'IR']",169.0,True,BOS,ACTIVE,False
6,4,SKAVALASSKKYYYY,3,Kat's Kittens,3032976,Rudy Gobert,C,PG,"['C', 'PF/C', 'F/C', 'UT', 'BE', 'IR']",108.0,True,MIN,ACTIVE,False
6,4,SKAVALASSKKYYYY,3,Kat's Kittens,5041939,Cooper Flagg,SF,PG,"['PG', 'SF', 'PF', 'G', 'F', 'SG/SF', 'G/F', 'PF/C', 'F/C', 'UT', 'BE', 'IR']",95.0,True,DAL,OUT,True
6,3,Kat's Kittens,4,SKAVALASSKKYYYY,4431680,Onyeka Okongwu,C,PG,"['C', 'PF/C', 'F/C', 'UT', 'BE', 'IR']",104.0,True,ATL,ACTIVE,False
6,3,Kat's Kittens,4,SKAVALASSKKYYYY,3907823,Terance Mann,SG,PG,"['SG', 'SF', 'G', 'F', 'SG/SF', 'G/F', 'F/C', 'UT', 'BE', 'IR']",51.0,True,BKN,OUT,True
6,3,Kat's Kittens,4,SKAVALASSKKYYYY,4433621,Jalen Duren,C,PG,"['C', 'PF/C', 'F/C', 'UT', 'BE', 'IR']",90.0,True,DET,ACTIVE,False
6,3,Kat's Kittens,4,SKAVALASSKKYYYY,6583,Anthony Davis,C,PG,"['PF', 'C', 'F', 'G/F', 'PF/C', 'F/C', 'UT', 'BE', 'IR']",41.0,True,WAS,OUT,True
6,3,Kat's Kittens,4,SKAVALASSKKYYYY,3062679,Josh Hart,SF,PG,"['SG', 'SF', 'G', 'F', 'SG/SF', 'G/F', 'F/C', 'UT', 'BE', 'IR']",168.0,True,NYK,ACTIVE,False
6,3,Kat's Kittens,4,SKAVALASSKKYYYY,4251,Paul George,SF,PG,"['SF', 'PF', 'F', 'SG/SF', 'G/F', 'PF/C', 'F/C', 'UT', 'BE', 'IR']",77.0,True,PHL,ACTIVE,False
6,3,Kat's Kittens,4,SKAVALASSKKYYYY,3064514,Julius Randle,PF,PG,"['PF', 'F', 'G/F', 'PF/C', 'F/C', 'UT', 'BE', 'IR']",140.0,True,MIN,ACTIVE,False
6,3,Kat's Kittens,4,SKAVALASSKKYYYY,3136195,Karl-Anthony Towns,C,PG,"['PF', 'C', 'F', 'G/F', 'PF/C', 'F/C', 'UT', 'BE', 'IR']",153.0,True,NYK,ACTIVE,False
6,3,Kat's Kittens,4,SKAVALASSKKYYYY,3934673,Donte DiVincenzo,SG,PG,"['PG', 'SG', 'G', 'SG/SF', 'G/F', 'UT', 'BE', 'IR']",95.0,True,MIN,OUT,True
6,3,Kat's Kittens,4,SKAVALASSKKYYYY,4431678,Tyrese Maxey,PG,PG,"['PG', 'SG', 'G', 'SG/SF', 'G/F', 'UT', 'BE', 'IR']",138.0,True,PHL,ACTIVE,False
7,7,Goat's,8,Hawk Tuah Demure,3202,Kevin Durant,PF,PG,"['SF', 'PF', 'F', 'SG/SF', 'G/F', 'PF/C', 'F/C', 'UT', 'BE', 'IR']",178.0,True,HOU,OUT,True
7,7,Goat's,8,Hawk Tuah Demure,4432582,Max Christie,SG,PG,"['SG', 'G', 'SG/SF', 'G/F', 'UT', 'BE', 'IR']",61.0,True,DAL,ACTIVE,False
7,7,Goat's,8,Hawk Tuah Demure,4914336,Shaedon Sharpe,SG,PG,"['SG', 'SF', 'G', 'F', 'SG/SF', 'G/F', 'F/C', 'UT', 'BE', 'IR']",126.0,True,POR,ACTIVE,False
7,7,Goat's,8,Hawk Tuah Demure,4066261,Bam Adebayo,C,PG,"['PF', 'C', 'F', 'G/F', 'PF/C', 'F/C', 'UT', 'BE', 'IR']",177.0,True,MIA,OUT,True
7,7,Goat's,8,Hawk Tuah Demure,4395724,Immanuel Quickley,PG,PG,"['PG', 'SG', 'G', 'SG/SF', 'G/F', 'UT', 'BE', 'IR']",147.0,True,TOR,OUT,True
7,7,Goat's,8,Hawk Tuah Demure,6450,Kawhi Leonard,SF,PG,"['SF', 'PF', 'F', 'SG/SF', 'G/F', 'PF/C', 'F/C', 'UT', 'BE', 'IR']",168.0,True,LAC,ACTIVE,False
7,7,Goat's,8,Hawk Tuah Demure,3064440,Zach LaVine,SG,PG,"['SG', 'SF', 'G', 'F', 'SG/SF', 'G/F', 'F/C', 'UT', 'BE', 'IR']",72.0,True,SAC,OUT,True
7,7,Goat's,8,Hawk Tuah Demure,4277847,Wendell Carter Jr.,C,PG,"['C', 'PF/C', 'F/C', 'UT', 'BE', 'IR']",87.0,True,ORL,ACTIVE,False
7,7,Goat's,8,Hawk Tuah Demure,3936299,Jamal Murray,PG,PG,"['PG', 'G', 'G/F', 'UT', 'BE', 'IR']",236.0,True,DEN,ACTIVE,False
7,7,Goat's,8,Hawk Tuah Demure,4278585,Collin Gillespie,PG,PG,"['PG', 'G', 'G/F', 'UT', 'BE', 'IR']",72.0,True,PHO,ACTIVE,False
7,7,Goat's,8,Hawk Tuah Demure,4278104,Michael Porter Jr.,SF,PG,"['SF', 'PF', 'F', 'SG/SF', 'G/F', 'PF/C', 'F/C', 'UT', 'BE', 'IR']",191.0,True,BKN,OUT,True
7,7,Goat's,8,Hawk Tuah Demure,6585,Andre Drummond,C,PG,"['C', 'PF/C', 'F/C', 'UT', 'BE', 'IR']",48.0,True,PHL,ACTIVE,False
7,7,Goat's,8,Hawk Tuah Demure,6589,Draymond Green,PF,PG,"['PF', 'C', 'F', 'G/F', 'PF/C', 'F/C', 'UT', 'BE', 'IR']",8.0,True,GSW,ACTIVE,False
7,7,Goat's,8,Hawk Tuah Demure,6430,Jimmy Butler III,SF,PG,"['SG', 'SF', 'PF', 'G', 'F', 'SG/SF', 'G/F', 'PF/C', 'F/C', 'UT', 'BE', 'IR']",51.0,True,GSW,OUT,True
7,7,Goat's,8,Hawk Tuah Demure,3032977,Giannis Antetokounmpo,PF,PG,"['PF', 'C', 'F', 'G/F', 'PF/C', 'F/C', 'UT', 'BE', 'IR']",42.0,True,MIL,OUT,True
7,8,Hawk Tuah Demure,7,Goat's,3112335,Nikola Jokic,C,PG,"['C', 'PF/C', 'F/C', 'UT', 'BE', 'IR']",269.0,True,DEN,ACTIVE,False
7,8,Hawk Tuah Demure,7,Goat's,4684740,Amen Thompson,SF,PG,"['SG', 'SF', 'PF', 'G', 'F', 'SG/SF', 'G/F', 'PF/C', 'F/C', 'UT', 'BE', 'IR']",147.0,True,HOU,ACTIVE,False
7,8,Hawk Tuah Demure,7,Goat's,4871145,Josh Giddey,SG,PG,"['PG', 'SG', 'SF', 'G', 'F', 'SG/SF', 'G/F', 'F/C', 'UT', 'BE', 'IR']",155.0,True,CHI,OUT,True
7,8,Hawk Tuah Demure,7,Goat's,4396907,Darius Garland,PG,PG,"['PG', 'G', 'G/F', 'UT', 'BE', 'IR']",29.0,True,LAC,ACTIVE,False
7,8,Hawk Tuah Demure,7,Goat's,4683021,Deni Avdija,SF,PG,"['SG', 'SF', 'PF', 'G', 'F', 'SG/SF', 'G/F', 'PF/C', 'F/C', 'UT', 'BE', 'IR']",195.0,True,POR,ACTIVE,False
7,8,Hawk Tuah Demure,7,Goat's,4278129,Deandre Ayton,C,PG,"['C', 'PF/C', 'F/C', 'UT', 'BE', 'IR']",127.0,True,LAL,ACTIVE,False
7,8,Hawk Tuah Demure,7,Goat's,4594327,Keegan Murray,PF,PG,"['SF', 'PF', 'F', 'SG/SF', 'G/F', 'PF/C', 'F/C', 'UT', 'BE', 'IR']",55.0,True,SAC,OUT,True
7,8,Hawk Tuah Demure,7,Goat's,3908809,Donovan Mitchell,SG,PG,"['PG', 'SG', 'G', 'SG/SF', 'G/F', 'UT', 'BE', 'IR']",200.0,True,CLE,ACTIVE,False
7,8,Hawk Tuah Demure,7,Goat's,4397136,Saddiq Bey,SF,PG,"['SF', 'PF', 'F', 'SG/SF', 'G/F', 'PF/C', 'F/C', 'UT', 'BE', 'IR']",98.0,True,NOP,ACTIVE,False
7,8,Hawk Tuah Demure,7,Goat's,4432848,Jaime Jaquez Jr.,SF,PG,"['SG', 'SF', 'G', 'F', 'SG/SF', 'G/F', 'F/C', 'UT', 'BE', 'IR']",108.0,True,MIA,ACTIVE,False
7,8,Hawk Tuah Demure,7,Goat's,4397140,Kevin Porter Jr.,SG,PG,"['PG', 'SG', 'G', 'SG/SF', 'G/F', 'UT', 'BE', 'IR']",157.0,True,MIL,OUT,True
7,8,Hawk Tuah Demure,7,Goat's,3059318,Joel Embiid,C,PG,"['C', 'PF/C', 'F/C', 'UT', 'BE', 'IR']",19.0,True,PHL,ACTIVE,False
7,8,Hawk Tuah Demure,7,Goat's,4432639,Jabari Smith Jr.,PF,PG,"['PF', 'C', 'F', 'G/F', 'PF/C', 'F/C', 'UT', 'BE', 'IR']",20.0,True,HOU,ACTIVE,False
7,8,Hawk Tuah Demure,7,Goat's,4869780,Derik Queen,C,PG,"['C', 'PF/C', 'F/C', 'UT', 'BE', 'IR', 'Rookie']",92.0,True,NOP,ACTIVE,False
7,8,Hawk Tuah Demure,7,Goat's,4066336,Lauri Markkanen,PF,PG,"['SF', 'PF', 'F', 'SG/SF', 'G/F', 'PF/C', 'F/C', 'UT', 'BE', 'IR']",116.0,True,UTA,OUT,True
7,9,ybgcorp,10,Van Der Linde Gang,4433287,Brandon Miller,SF,PG,"['SG', 'SF', 'G', 'F', 'SG/SF', 'G/F', 'F/C', 'UT', 'BE', 'IR']",40.0,True,CHA,OUT,True
7,9,ybgcorp,10,Van Der Linde Gang,4066457,Austin Reaves,SG,PG,"['PG', 'SG', 'SF', 'G', 'F', 'SG/SF', 'G/F', 'F/C', 'UT', 'BE', 'IR']",151.0,True,LAL,ACTIVE,False
7,9,ybgcorp,10,Van Der Linde Gang,4395626,Tre Jones,PG,PG,"['PG', 'G', 'G/F', 'UT', 'BE', 'IR']",30.0,True,CHI,ACTIVE,False
7,9,ybgcorp,10,Van Der Linde Gang,4701230,Jalen Johnson,PF,PG,"['PF', 'F', 'G/F', 'PF/C', 'F/C', 'UT', 'BE', 'IR']",196.0,True,ATL,ACTIVE,False
7,9,ybgcorp,10,Van Der Linde Gang,4591725,Ryan Rollins,SG,PG,"['PG', 'SG', 'G', 'SG/SF', 'G/F', 'UT', 'BE', 'IR']",138.0,True,MIL,OUT,True
7,9,ybgcorp,10,Van Der Linde Gang,4683689,Jordan Walsh,SF,PG,"['SF', 'F', 'SG/SF', 'G/F', 'F/C', 'UT', 'BE', 'IR']",28.0,True,BOS,ACTIVE,False
7,9,ybgcorp,10,Van Der Linde Gang,1966,LeBron James,SF,PG,"['SF', 'PF', 'F', 'SG/SF', 'G/F', 'PF/C', 'F/C', 'UT', 'BE', 'IR']",95.0,True,LAL,ACTIVE,False
7,9,ybgcorp,10,Van Der Linde Gang,4576087,Peyton Watson,SF,PG,"['SF', 'PF', 'F', 'SG/SF', 'G/F', 'PF/C', 'F/C', 'UT', 'BE', 'IR']",12.0,True,DEN,OUT,True
7,9,ybgcorp,10,Van Der Linde Gang,3134908,Jakob Poeltl,C,PG,"['C', 'PF/C', 'F/C', 'UT', 'BE', 'IR']",56.0,True,TOR,ACTIVE,False
7,9,ybgcorp,10,Van Der Linde Gang,4869342,Dyson Daniels,SG,PG,"['PG', 'SG', 'G', 'SG/SF', 'G/F', 'UT', 'BE', 'IR']",106.0,True,ATL,ACTIVE,False
7,9,ybgcorp,10,Van Der Linde Gang,5144091,Jeremiah Fears,SG,PG,"['PG', 'SG', 'G', 'SG/SF', 'G/F', 'UT', 'BE', 'IR']",57.0,True,NOP,ACTIVE,False
7,9,ybgcorp,10,Van Der Linde Gang,4397014,Quentin Grimes,SG,PG,"['SG', 'G', 'SG/SF', 'G/F', 'UT', 'BE', 'IR']",83.0,True,PHL,ACTIVE,False
7,9,ybgcorp,10,Van Der Linde Gang,4278039,Nickeil Alexander-Walker,SG,PG,"['SG', 'G', 'SG/SF', 'G/F', 'UT', 'BE', 'IR']",152.0,True,ATL,ACTIVE,False
7,9,ybgcorp,10,Van Der Linde Gang,4903027,Cedric Coward,SF,PG,"['SG', 'SF', 'G', 'F', 'SG/SF', 'G/F', 'F/C', 'UT', 'BE', 'IR']",17.0,True,MEM,OUT,True
7,9,ybgcorp,10,Van Der Linde Gang,5105623,Kel'el Ware,C,PG,"['C', 'PF/C', 'F/C', 'UT', 'BE', 'IR']",94.0,True,MIA,ACTIVE,False
7,10,Van Der Linde Gang,9,ybgcorp,4566434,Franz Wagner,SF,PG,"['SF', 'PF', 'F', 'SG/SF', 'G/F', 'PF/C', 'F/C', 'UT', 'BE', 'IR']",161.0,True,ORL,OUT,True
7,10,Van Der Linde Gang,9,ybgcorp,3135045,Grayson Allen,SG,PG,"['PG', 'SG', 'G', 'SG/SF', 'G/F', 'UT', 'BE', 'IR']",4.0,True,PHO,ACTIVE,False
7,10,Van Der Linde Gang,9,ybgcorp,3934672,Jalen Brunson,PG,PG,"['PG', 'G', 'G/F', 'UT', 'BE', 'IR']",167.0,True,NYK,ACTIVE,False
7,10,Van Der Linde Gang,9,ybgcorp,4433134,Scottie Barnes,SF,PG,"['SG', 'SF', 'PF', 'G', 'F', 'SG/SF', 'G/F', 'PF/C', 'F/C', 'UT', 'BE', 'IR']",191.0,True,TOR,ACTIVE,False
7,10,Van Der Linde Gang,9,ybgcorp,4066383,Miles Bridges,SF,PG,"['SF', 'PF', 'F', 'SG/SF', 'G/F', 'PF/C', 'F/C', 'UT', 'BE', 'IR']",90.0,True,CHA,ACTIVE,False
7,10,Van Der Linde Gang,9,ybgcorp,3133628,Myles Turner,C,PG,"['C', 'PF/C', 'F/C', 'UT', 'BE', 'IR']",71.0,True,MIL,OUT,True
7,10,Van Der Linde Gang,9,ybgcorp,4397424,Neemias Queta,C,PG,"['C', 'PF/C', 'F/C', 'UT', 'BE', 'IR']",133.0,True,BOS,ACTIVE,False
7,10,Van Der Linde Gang,9,ybgcorp,4683634,Bennedict Mathurin,SF,PG,"['SG', 'SF', 'G', 'F', 'SG/SF', 'G/F', 'F/C', 'UT', 'BE', 'IR']",28.0,True,LAC,ACTIVE,False
7,10,Van Der Linde Gang,9,ybgcorp,4712849,Anthony Black,PG,PG,"['PG', 'SG', 'G', 'SG/SF', 'G/F', 'UT', 'BE', 'IR']",55.0,True,ORL,ACTIVE,False
7,10,Van Der Linde Gang,9,ybgcorp,4433627,Keyonte George,PG,PG,"['PG', 'SG', 'G', 'SG/SF', 'G/F', 'UT', 'BE', 'IR']",121.0,True,UTA,OUT,True
7,10,Van Der Linde Gang,9,ybgcorp,4903027,Cedric Coward,SF,PG,"['SG', 'SF', 'G', 'F', 'SG/SF', 'G/F', 'F/C', 'UT', 'BE', 'IR']",1.0,True,MEM,OUT,True
7,10,Van Der Linde Gang,9,ybgcorp,4576060,Ryan Kalkbrenner,C,PG,"['C', 'PF/C', 'F/C', 'UT', 'BE', 'IR', 'Rookie']",79.0,True,CHA,ACTIVE,False
7,10,Van Der Linde Gang,9,ybgcorp,4065732,De'Andre Hunter,SF,PG,"['SF', 'PF', 'F', 'SG/SF', 'G/F', 'PF/C', 'F/C', 'UT', 'BE', 'IR']",44.0,True,SAC,OUT,True
7,10,Van Der Linde Gang,9,ybgcorp,2595516,Norman Powell,SG,PG,"['SG', 'SF', 'G', 'F', 'SG/SF', 'G/F', 'F/C', 'UT', 'BE', 'IR']",115.0,True,MIA,ACTIVE,False
7,6,Jeremy Lin fan club,5,Poole Party,4593125,Santi Aldama,PF,PG,"['SF', 'PF', 'C', 'F', 'SG/SF', 'G/F', 'PF/C', 'F/C', 'UT', 'BE', 'IR']",76.0,True,MEM,OUT,True
7,6,Jeremy Lin fan club,5,Poole Party,4433255,Chet Holmgren,C,PG,"['PF', 'C', 'F', 'G/F', 'PF/C', 'F/C', 'UT', 'BE', 'IR']",119.0,True,OKC,ACTIVE,False
7,6,Jeremy Lin fan club,5,Poole Party,4432165,Jalen Suggs,PG,PG,"['PG', 'SG', 'G', 'SG/SF', 'G/F', 'UT', 'BE', 'IR']",157.0,True,ORL,ACTIVE,False
7,6,Jeremy Lin fan club,5,Poole Party,4712896,Noah Clowney,PF,PG,"['PF', 'F', 'G/F', 'PF/C', 'F/C', 'UT', 'BE', 'IR']",62.0,True,BKN,OUT,True
7,6,Jeremy Lin fan club,5,Poole Party,4396971,Naz Reid,C,PG,"['PF', 'C', 'F', 'G/F', 'PF/C', 'F/C', 'UT', 'BE', 'IR']",134.0,True,MIN,ACTIVE,False
7,6,Jeremy Lin fan club,5,Poole Party,5061575,Kon Knueppel,SG,PG,"['SG', 'G', 'SG/SF', 'G/F', 'UT', 'BE', 'IR']",112.0,True,CHA,ACTIVE,False
7,6,Jeremy Lin fan club,5,Poole Party,4395725,Tyler Herro,SG,PG,"['PG', 'SG', 'G', 'SG/SF', 'G/F', 'UT', 'BE', 'IR']",66.0,True,MIA,OUT,True
7,6,Jeremy Lin fan club,5,Poole Party,3136193,Devin Booker,PG,PG,"['PG', 'SG', 'G', 'SG/SF', 'G/F', 'UT', 'BE', 'IR']",19.0,True,PHO,ACTIVE,False
7,6,Jeremy Lin fan club,5,Poole Party,6478,Nikola Vucevic,C,PG,"['C', 'PF/C', 'F/C', 'UT', 'BE', 'IR']",101.0,True,BOS,ACTIVE,False
7,6,Jeremy Lin fan club,5,Poole Party,4277811,Collin Sexton,SG,PG,"['PG', 'SG', 'G', 'SG/SF', 'G/F', 'UT', 'BE', 'IR']",11.0,True,CHI,ACTIVE,False
7,6,Jeremy Lin fan club,5,Poole Party,4432816,LaMelo Ball,PG,PG,"['PG', 'G', 'G/F', 'UT', 'BE', 'IR']",121.0,True,CHA,ACTIVE,False
7,6,Jeremy Lin fan club,5,Poole Party,4431671,Jaden McDaniels,SF,PG,"['SF', 'F', 'SG/SF', 'G/F', 'F/C', 'UT', 'BE', 'IR']",130.0,True,MIN,ACTIVE,False
7,6,Jeremy Lin fan club,5,Poole Party,4900671,Ajay Mitchell,PG,PG,"['PG', 'G', 'G/F', 'UT', 'BE', 'IR']",54.0,True,OKC,OUT,True
7,6,Jeremy Lin fan club,5,Poole Party,4701232,Mark Williams,C,PG,"['C', 'PF/C', 'F/C', 'UT', 'BE', 'IR']",54.0,True,PHO,OUT,True
7,6,Jeremy Lin fan club,5,Poole Party,3147657,Mikal Bridges,SF,PG,"['SG', 'SF', 'G', 'F', 'SG/SF', 'G/F', 'F/C', 'UT', 'BE', 'IR']",165.0,True,NYK,ACTIVE,False
7,5,Poole Party,6,Jeremy Lin fan club,4395712,Andrew Nembhard,PG,PG,"['PG', 'SG', 'G', 'SG/SF', 'G/F', 'UT', 'BE', 'IR']",72.0,True,IND,OUT,True
7,5,Poole Party,6,Jeremy Lin fan club,4709138,Brandin Podziemski,SG,PG,"['PG', 'SG', 'G', 'SG/SF', 'G/F', 'UT', 'BE', 'IR']",105.0,True,GSW,ACTIVE,False
7,5,Poole Party,6,Jeremy Lin fan club,5104155,Bilal Coulibaly,SF,PG,"['SG', 'SF', 'G', 'F', 'SG/SF', 'G/F', 'F/C', 'UT', 'BE', 'IR']",14.0,True,WAS,OUT,True
7,5,Poole Party,6,Jeremy Lin fan club,3149673,Pascal Siakam,PF,PG,"['PF', 'F', 'G/F', 'PF/C', 'F/C', 'UT', 'BE', 'IR']",122.0,True,IND,OUT,True
7,5,Poole Party,6,Jeremy Lin fan club,4711294,Matas Buzelis,SF,PG,"['SF', 'PF', 'F', 'SG/SF', 'G/F', 'PF/C', 'F/C', 'UT', 'BE', 'IR']",91.0,True,CHI,OUT,True
7,5,Poole Party,6,Jeremy Lin fan club,4594268,Anthony Edwards,SG,PG,"['SG', 'SF', 'G', 'F', 'SG/SF', 'G/F', 'F/C', 'UT', 'BE', 'IR']",114.0,True,MIN,ACTIVE,False
7,5,Poole Party,6,Jeremy Lin fan club,4683692,Cason Wallace,SG,PG,"['SG', 'G', 'SG/SF', 'G/F', 'UT', 'BE', 'IR']",77.0,True,OKC,ACTIVE,False
7,5,Poole Party,6,Jeremy Lin fan club,4066259,De'Aaron Fox,PG,PG,"['PG', 'G', 'G/F', 'UT', 'BE', 'IR']",125.0,True,SAS,ACTIVE,False
7,5,Poole Party,6,Jeremy Lin fan club,5174563,Kyshawn George,SG,PG,"['SG', 'SF', 'G', 'F', 'SG/SF', 'G/F', 'F/C', 'UT', 'BE', 'IR']",120.0,True,WAS,OUT,True
7,5,Poole Party,6,Jeremy Lin fan club,4432158,Evan Mobley,PF,PG,"['PF', 'C', 'F', 'G/F', 'PF/C', 'F/C', 'UT', 'BE', 'IR']",181.0,True,CLE,ACTIVE,False
7,5,Poole Party,6,Jeremy Lin fan club,3102530,Jusuf Nurkic,C,PG,"['C', 'PF/C', 'F/C', 'UT', 'BE', 'IR']",48.0,True,UTA,OUT,True
7,5,Poole Party,6,Jeremy Lin fan club,4593803,Jalen Williams,PF,PG,"['SF', 'PF', 'C', 'F', 'SG/SF', 'G/F', 'PF/C', 'F/C', 'UT', 'BE', 'IR']",132.0,True,OKC,OUT,True
7,1,YSK FC,4,SKAVALASSKKYYYY,4871144,Alperen Sengun,C,PG,"['C', 'PF/C', 'F/C', 'UT', 'BE', 'IR']",148.0,True,HOU,ACTIVE,False
7,1,YSK FC,4,SKAVALASSKKYYYY,4683747,Jaylon Tyson,SG,PG,"['SG', 'SF', 'G', 'F', 'SG/SF', 'G/F', 'F/C', 'UT', 'BE', 'IR']",25.0,True,CLE,ACTIVE,False
7,1,YSK FC,4,SKAVALASSKKYYYY,4277961,Jaren Jackson Jr.,C,PG,"['PF', 'C', 'F', 'G/F', 'PF/C', 'F/C', 'UT', 'BE', 'IR']",63.0,True,UTA,OUT,True
7,1,YSK FC,4,SKAVALASSKKYYYY,3468,Russell Westbrook,PG,PG,"['PG', 'G', 'G/F', 'UT', 'BE', 'IR']",64.0,True,SAC,OUT,True
7,1,YSK FC,4,SKAVALASSKKYYYY,4066354,Payton Pritchard,PG,PG,"['PG', 'G', 'G/F', 'UT', 'BE', 'IR']",87.0,True,BOS,ACTIVE,False
7,1,YSK FC,4,SKAVALASSKKYYYY,4395630,Devin Vassell,SG,PG,"['SG', 'SF', 'G', 'F', 'SG/SF', 'G/F', 'F/C', 'UT', 'BE', 'IR']",69.0,True,SAS,ACTIVE,False
7,1,YSK FC,4,SKAVALASSKKYYYY,4600663,Zach Edey,C,PG,"['C', 'PF/C', 'F/C', 'UT', 'BE', 'IR']",80.0,True,MEM,OUT,True
7,1,YSK FC,4,SKAVALASSKKYYYY,4278067,Nic Claxton,C,PG,"['C', 'PF/C', 'F/C', 'UT', 'BE', 'IR']",187.0,True,BKN,OUT,True
7,1,YSK FC,4,SKAVALASSKKYYYY,4278073,Shai Gilgeous-Alexander,PG,PG,"['PG', 'G', 'G/F', 'UT', 'BE', 'IR']",119.0,True,OKC,ACTIVE,False
7,1,YSK FC,4,SKAVALASSKKYYYY,3059319,Andrew Wiggins,SF,PG,"['SF', 'PF', 'F', 'SG/SF', 'G/F', 'PF/C', 'F/C', 'UT', 'BE', 'IR']",130.0,True,MIA,ACTIVE,False
7,1,YSK FC,4,SKAVALASSKKYYYY,4397688,Trey Murphy III,SF,PG,"['SG', 'SF', 'G', 'F', 'SG/SF', 'G/F', 'F/C', 'UT', 'BE', 'IR']",145.0,True,NOP,OUT,True
7,1,YSK FC,4,SKAVALASSKKYYYY,4431736,Toumani Camara,PF,PG,"['SF', 'PF', 'F', 'SG/SF', 'G/F', 'PF/C', 'F/C', 'UT', 'BE', 'IR']",27.0,True,POR,ACTIVE,False
7,1,YSK FC,4,SKAVALASSKKYYYY,3078576,Derrick White,SG,PG,"['PG', 'SG', 'G', 'SG/SF', 'G/F', 'UT', 'BE', 'IR']",187.0,True,BOS,ACTIVE,False
7,1,YSK FC,4,SKAVALASSKKYYYY,4432573,Paolo Banchero,PF,PG,"['SF', 'PF', 'F', 'SG/SF', 'G/F', 'PF/C', 'F/C', 'UT', 'BE', 'IR']",34.0,True,ORL,ACTIVE,False
7,4,SKAVALASSKKYYYY,1,YSK FC,2490149,CJ McCollum,SG,PG,"['PG', 'SG', 'G', 'SG/SF', 'G/F', 'UT', 'BE', 'IR']",130.0,True,ATL,ACTIVE,False
7,4,SKAVALASSKKYYYY,1,YSK FC,2530530,T.J. McConnell,PG,PG,"['PG', 'G', 'G/F', 'UT', 'BE', 'IR']",12.0,True,IND,OUT,True
7,4,SKAVALASSKKYYYY,1,YSK FC,4278053,Davion Mitchell,PG,PG,"['PG', 'G', 'G/F', 'UT', 'BE', 'IR']",105.0,True,MIA,ACTIVE,False
7,4,SKAVALASSKKYYYY,1,YSK FC,3945274,Luka Doncic,PG,PG,"['PG', 'G', 'G/F', 'UT', 'BE', 'IR']",107.0,True,LAL,OUT,True
7,4,SKAVALASSKKYYYY,1,YSK FC,4395723,Keldon Johnson,SF,PG,"['SF', 'PF', 'F', 'SG/SF', 'G/F', 'PF/C', 'F/C', 'UT', 'BE', 'IR']",67.0,True,SAS,ACTIVE,False
7,4,SKAVALASSKKYYYY,1,YSK FC,6440,Tobias Harris,PF,PG,"['SF', 'PF', 'F', 'SG/SF', 'G/F', 'PF/C', 'F/C', 'UT', 'BE', 'IR']",48.0,True,DET,ACTIVE,False
7,4,SKAVALASSKKYYYY,1,YSK FC,3102531,Kristaps Porzingis,C,PG,"['PF', 'C', 'F', 'G/F', 'PF/C', 'F/C', 'UT', 'BE', 'IR']",47.0,True,GSW,ACTIVE,False
7,4,SKAVALASSKKYYYY,1,YSK FC,5105565,Donovan Clingan,C,PG,"['C', 'PF/C', 'F/C', 'UT', 'BE', 'IR']",39.0,True,POR,ACTIVE,False
7,4,SKAVALASSKKYYYY,1,YSK FC,3155526,Dillon Brooks,SF,PG,"['SG', 'SF', 'G', 'F', 'SG/SF', 'G/F', 'F/C', 'UT', 'BE', 'IR']",65.0,True,PHO,ACTIVE,False
7,4,SKAVALASSKKYYYY,1,YSK FC,2583632,Royce O'Neale,SF,PG,"['SF', 'F', 'SG/SF', 'G/F', 'F/C', 'UT', 'BE', 'IR']",40.0,True,PHO,ACTIVE,False
7,4,SKAVALASSKKYYYY,1,YSK FC,3992,James Harden,PG,PG,"['PG', 'SG', 'G', 'SG/SF', 'G/F', 'UT', 'BE', 'IR']",164.0,True,CLE,ACTIVE,False
7,4,SKAVALASSKKYYYY,1,YSK FC,3917376,Jaylen Brown,SF,PG,"['SG', 'SF', 'G', 'F', 'SG/SF', 'G/F', 'F/C', 'UT', 'BE', 'IR']",162.0,True,BOS,ACTIVE,False
7,4,SKAVALASSKKYYYY,1,YSK FC,3032976,Rudy Gobert,C,PG,"['C', 'PF/C', 'F/C', 'UT', 'BE', 'IR']",105.0,True,MIN,ACTIVE,False
7,4,SKAVALASSKKYYYY,1,YSK FC,5041939,Cooper Flagg,SF,PG,"['PG', 'SF', 'PF', 'G', 'F', 'SG/SF', 'G/F', 'PF/C', 'F/C', 'UT', 'BE', 'IR']",142.0,True,DAL,OUT,True
7,2,Phantom Troupe,3,Kat's Kittens,4278049,Daniel Gafford,C,PG,"['C', 'PF/C', 'F/C', 'UT', 'BE', 'IR']",6.0,True,DAL,ACTIVE,False
7,2,Phantom Troupe,3,Kat's Kittens,4017837,Ivica Zubac,C,PG,"['C', 'PF/C', 'F/C', 'UT', 'BE', 'IR']",119.0,True,IND,OUT,True
7,2,Phantom Troupe,3,Kat's Kittens,4395651,Coby White,PG,PG,"['PG', 'SG', 'G', 'SG/SF', 'G/F', 'UT', 'BE', 'IR']",31.0,True,CHA,ACTIVE,False
7,2,Phantom Troupe,3,Kat's Kittens,4684742,Ausar Thompson,SF,PG,"['SF', 'PF', 'F', 'SG/SF', 'G/F', 'PF/C', 'F/C', 'UT', 'BE', 'IR']",90.0,True,DET,ACTIVE,False
7,2,Phantom Troupe,3,Kat's Kittens,2991070,Jerami Grant,PF,PG,"['PF', 'F', 'G/F', 'PF/C', 'F/C', 'UT', 'BE', 'IR']",150.0,True,POR,ACTIVE,False
7,2,Phantom Troupe,3,Kat's Kittens,3913176,Brandon Ingram,SF,PG,"['SF', 'F', 'SG/SF', 'G/F', 'F/C', 'UT', 'BE', 'IR']",99.0,True,TOR,OUT,True
7,2,Phantom Troupe,3,Kat's Kittens,4432166,Cade Cunningham,PG,PG,"['PG', 'SG', 'G', 'SG/SF', 'G/F', 'UT', 'BE', 'IR']",216.0,True,DET,ACTIVE,False
7,2,Phantom Troupe,3,Kat's Kittens,4066262,Malik Monk,SG,PG,"['PG', 'SG', 'SF', 'G', 'F', 'SG/SF', 'G/F', 'F/C', 'UT', 'BE', 'IR']",55.0,True,SAC,OUT,True
7,2,Phantom Troupe,3,Kat's Kittens,3978,DeMar DeRozan,SF,PG,"['SF', 'PF', 'F', 'SG/SF', 'G/F', 'PF/C', 'F/C', 'UT', 'BE', 'IR']",54.0,True,SAC,OUT,True
7,2,Phantom Troupe,3,Kat's Kittens,5124612,VJ Edgecombe,SG,PG,"['SG', 'G', 'SG/SF', 'G/F', 'UT', 'BE', 'IR']",115.0,True,PHL,ACTIVE,False
7,2,Phantom Troupe,3,Kat's Kittens,4066320,Desmond Bane,SG,PG,"['SG', 'SF', 'G', 'F', 'SG/SF', 'G/F', 'F/C', 'UT', 'BE', 'IR']",61.0,True,ORL,ACTIVE,False
7,2,Phantom Troupe,3,Kat's Kittens,4711272,Reed Sheppard,SG,PG,"['PG', 'SG', 'G', 'SG/SF', 'G/F', 'UT', 'BE', 'IR']",89.0,True,HOU,ACTIVE,False
7,3,Kat's Kittens,2,Phantom Troupe,4431680,Onyeka Okongwu,C,PG,"['C', 'PF/C', 'F/C', 'UT', 'BE', 'IR']",149.0,True,ATL,ACTIVE,False
7,3,Kat's Kittens,2,Phantom Troupe,3907823,Terance Mann,SG,PG,"['SG', 'SF', 'G', 'F', 'SG/SF', 'G/F', 'F/C', 'UT', 'BE', 'IR']",33.0,True,BKN,OUT,True
7,3,Kat's Kittens,2,Phantom Troupe,3908845,John Collins,PF,PG,"['PF', 'C', 'F', 'G/F', 'PF/C', 'F/C', 'UT', 'BE', 'IR']",57.0,True,LAC,ACTIVE,False
7,3,Kat's Kittens,2,Phantom Troupe,4433621,Jalen Duren,C,PG,"['C', 'PF/C', 'F/C', 'UT', 'BE', 'IR']",108.0,True,DET,ACTIVE,False
7,3,Kat's Kittens,2,Phantom Troupe,3136776,D'Angelo Russell,PG,PG,"['PG', 'SG', 'G', 'SG/SF', 'G/F', 'UT', 'BE', 'IR']",46.0,True,WAS,OUT,True
7,3,Kat's Kittens,2,Phantom Troupe,6583,Anthony Davis,C,PG,"['PF', 'C', 'F', 'G/F', 'PF/C', 'F/C', 'UT', 'BE', 'IR']",191.0,True,WAS,OUT,True
7,3,Kat's Kittens,2,Phantom Troupe,3062679,Josh Hart,SF,PG,"['SG', 'SF', 'G', 'F', 'SG/SF', 'G/F', 'F/C', 'UT', 'BE', 'IR']",154.0,True,NYK,ACTIVE,False
7,3,Kat's Kittens,2,Phantom Troupe,4251,Paul George,SF,PG,"['SF', 'PF', 'F', 'SG/SF', 'G/F', 'PF/C', 'F/C', 'UT', 'BE', 'IR']",82.0,True,PHL,ACTIVE,False
7,3,Kat's Kittens,2,Phantom Troupe,3064514,Julius Randle,PF,PG,"['PF', 'F', 'G/F', 'PF/C', 'F/C', 'UT', 'BE', 'IR']",96.0,True,MIN,ACTIVE,False
7,3,Kat's Kittens,2,Phantom Troupe,3136195,Karl-Anthony Towns,C,PG,"['PF', 'C', 'F', 'G/F', 'PF/C', 'F/C', 'UT', 'BE', 'IR']",157.0,True,NYK,ACTIVE,False
7,3,Kat's Kittens,2,Phantom Troupe,3934673,Donte DiVincenzo,SG,PG,"['PG', 'SG', 'G', 'SG/SF', 'G/F', 'UT', 'BE', 'IR']",89.0,True,MIN,OUT,True
7,3,Kat's Kittens,2,Phantom Troupe,4431678,Tyrese Maxey,PG,PG,"['PG', 'SG', 'G', 'SG/SF', 'G/F', 'UT', 'BE', 'IR']",225.0,True,PHL,ACTIVE,False
8,8,Hawk Tuah Demure,10,Van Der Linde Gang,3112335,Nikola Jokic,C,PG,"['C', 'PF/C', 'F/C', 'UT', 'BE', 'IR']",82.0,True,DEN,ACTIVE,False
8,8,Hawk Tuah Demure,10,Van Der Linde Gang,4871145,Josh Giddey,SG,PG,"['PG', 'SG', 'SF', 'G', 'F', 'SG/SF', 'G/F', 'F/C', 'UT', 'BE', 'IR']",77.0,True,CHI,OUT,True
8,8,Hawk Tuah Demure,10,Van Der Linde Gang,4684740,Amen Thompson,SF,PG,"['SG', 'SF', 'PF', 'G', 'F', 'SG/SF', 'G/F', 'PF/C', 'F/C', 'UT', 'BE', 'IR']",51.0,True,HOU,ACTIVE,False
8,8,Hawk Tuah Demure,10,Van Der Linde Gang,4396907,Darius Garland,PG,PG,"['PG', 'G', 'G/F', 'UT', 'BE', 'IR']",76.0,True,LAC,ACTIVE,False
8,8,Hawk Tuah Demure,10,Van Der Linde Gang,4683021,Deni Avdija,SF,PG,"['SG', 'SF', 'PF', 'G', 'F', 'SG/SF', 'G/F', 'PF/C', 'F/C', 'UT', 'BE', 'IR']",78.0,True,POR,ACTIVE,False
8,8,Hawk Tuah Demure,10,Van Der Linde Gang,4278129,Deandre Ayton,C,PG,"['C', 'PF/C', 'F/C', 'UT', 'BE', 'IR']",71.0,True,LAL,ACTIVE,False
8,8,Hawk Tuah Demure,10,Van Der Linde Gang,4594327,Keegan Murray,PF,PG,"['SF', 'PF', 'F', 'SG/SF', 'G/F', 'PF/C', 'F/C', 'UT', 'BE', 'IR']",79.0,True,SAC,OUT,True
8,8,Hawk Tuah Demure,10,Van Der Linde Gang,3908809,Donovan Mitchell,SG,PG,"['PG', 'SG', 'G', 'SG/SF', 'G/F', 'UT', 'BE', 'IR']",102.0,True,CLE,ACTIVE,False
8,8,Hawk Tuah Demure,10,Van Der Linde Gang,4432848,Jaime Jaquez Jr.,SF,PG,"['SG', 'SF', 'G', 'F', 'SG/SF', 'G/F', 'F/C', 'UT', 'BE', 'IR']",15.0,True,MIA,ACTIVE,False
8,8,Hawk Tuah Demure,10,Van Der Linde Gang,4397136,Saddiq Bey,SF,PG,"['SF', 'PF', 'F', 'SG/SF', 'G/F', 'PF/C', 'F/C', 'UT', 'BE', 'IR']",81.0,True,NOP,ACTIVE,False
8,8,Hawk Tuah Demure,10,Van Der Linde Gang,4397140,Kevin Porter Jr.,SG,PG,"['PG', 'SG', 'G', 'SG/SF', 'G/F', 'UT', 'BE', 'IR']",71.0,True,MIL,OUT,True
8,8,Hawk Tuah Demure,10,Van Der Linde Gang,3059318,Joel Embiid,C,PG,"['C', 'PF/C', 'F/C', 'UT', 'BE', 'IR']",90.0,True,PHL,ACTIVE,False
8,8,Hawk Tuah Demure,10,Van Der Linde Gang,4869780,Derik Queen,C,PG,"['C', 'PF/C', 'F/C', 'UT', 'BE', 'IR', 'Rookie']",136.0,True,NOP,ACTIVE,False
8,10,Van Der Linde Gang,8,Hawk Tuah Demure,3135045,Grayson Allen,SG,PG,"['PG', 'SG', 'G', 'SG/SF', 'G/F', 'UT', 'BE', 'IR']",75.0,True,PHO,ACTIVE,False
8,10,Van Der Linde Gang,8,Hawk Tuah Demure,3934672,Jalen Brunson,PG,PG,"['PG', 'G', 'G/F', 'UT', 'BE', 'IR']",119.0,True,NYK,ACTIVE,False
8,10,Van Der Linde Gang,8,Hawk Tuah Demure,4433134,Scottie Barnes,SF,PG,"['SG', 'SF', 'PF', 'G', 'F', 'SG/SF', 'G/F', 'PF/C', 'F/C', 'UT', 'BE', 'IR']",25.0,True,TOR,ACTIVE,False
8,10,Van Der Linde Gang,8,Hawk Tuah Demure,5104157,Victor Wembanyama,C,PG,"['C', 'PF/C', 'F/C', 'UT', 'BE', 'IR']",36.0,True,SAS,ACTIVE,False
8,10,Van Der Linde Gang,8,Hawk Tuah Demure,4066383,Miles Bridges,SF,PG,"['SF', 'PF', 'F', 'SG/SF', 'G/F', 'PF/C', 'F/C', 'UT', 'BE', 'IR']",96.0,True,CHA,ACTIVE,False
8,10,Van Der Linde Gang,8,Hawk Tuah Demure,4397424,Neemias Queta,C,PG,"['C', 'PF/C', 'F/C', 'UT', 'BE', 'IR']",14.0,True,BOS,ACTIVE,False
8,10,Van Der Linde Gang,8,Hawk Tuah Demure,3133628,Myles Turner,C,PG,"['C', 'PF/C', 'F/C', 'UT', 'BE', 'IR']",18.0,True,MIL,OUT,True
8,10,Van Der Linde Gang,8,Hawk Tuah Demure,4683634,Bennedict Mathurin,SF,PG,"['SG', 'SF', 'G', 'F', 'SG/SF', 'G/F', 'F/C', 'UT', 'BE', 'IR']",75.0,True,LAC,ACTIVE,False
8,10,Van Der Linde Gang,8,Hawk Tuah Demure,4712849,Anthony Black,PG,PG,"['PG', 'SG', 'G', 'SG/SF', 'G/F', 'UT', 'BE', 'IR']",52.0,True,ORL,ACTIVE,False
8,10,Van Der Linde Gang,8,Hawk Tuah Demure,4433627,Keyonte George,PG,PG,"['PG', 'SG', 'G', 'SG/SF', 'G/F', 'UT', 'BE', 'IR']",72.0,True,UTA,OUT,True
8,10,Van Der Linde Gang,8,Hawk Tuah Demure,4065732,De'Andre Hunter,SF,PG,"['SF', 'PF', 'F', 'SG/SF', 'G/F', 'PF/C', 'F/C', 'UT', 'BE', 'IR']",17.0,True,SAC,OUT,True
8,10,Van Der Linde Gang,8,Hawk Tuah Demure,5105623,Kel'el Ware,C,PG,"['C', 'PF/C', 'F/C', 'UT', 'BE', 'IR']",15.0,True,MIA,ACTIVE,False
8,10,Van Der Linde Gang,8,Hawk Tuah Demure,2595516,Norman Powell,SG,PG,"['SG', 'SF', 'G', 'F', 'SG/SF', 'G/F', 'F/C', 'UT', 'BE', 'IR']",42.0,True,MIA,ACTIVE,False
8,5,Poole Party,7,Goat's,4395712,Andrew Nembhard,PG,PG,"['PG', 'SG', 'G', 'SG/SF', 'G/F', 'UT', 'BE', 'IR']",49.0,True,IND,OUT,True
8,5,Poole Party,7,Goat's,4709138,Brandin Podziemski,SG,PG,"['PG', 'SG', 'G', 'SG/SF', 'G/F', 'UT', 'BE', 'IR']",42.0,True,GSW,ACTIVE,False
8,5,Poole Party,7,Goat's,4711294,Matas Buzelis,SF,PG,"['SF', 'PF', 'F', 'SG/SF', 'G/F', 'PF/C', 'F/C', 'UT', 'BE', 'IR']",49.0,True,CHI,OUT,True
8,5,Poole Party,7,Goat's,3149673,Pascal Siakam,PF,PG,"['PF', 'F', 'G/F', 'PF/C', 'F/C', 'UT', 'BE', 'IR']",90.0,True,IND,OUT,True
8,5,Poole Party,7,Goat's,4594268,Anthony Edwards,SG,PG,"['SG', 'SF', 'G', 'F', 'SG/SF', 'G/F', 'F/C', 'UT', 'BE', 'IR']",65.0,True,MIN,ACTIVE,False
8,5,Poole Party,7,Goat's,4683692,Cason Wallace,SG,PG,"['SG', 'G', 'SG/SF', 'G/F', 'UT', 'BE', 'IR']",37.0,True,OKC,ACTIVE,False
8,5,Poole Party,7,Goat's,3102530,Jusuf Nurkic,C,PG,"['C', 'PF/C', 'F/C', 'UT', 'BE', 'IR']",51.0,True,UTA,OUT,True
8,5,Poole Party,7,Goat's,5174563,Kyshawn George,SG,PG,"['SG', 'SF', 'G', 'F', 'SG/SF', 'G/F', 'F/C', 'UT', 'BE', 'IR']",62.0,True,WAS,OUT,True
8,5,Poole Party,7,Goat's,4432158,Evan Mobley,PF,PG,"['PF', 'C', 'F', 'G/F', 'PF/C', 'F/C', 'UT', 'BE', 'IR']",45.0,True,CLE,ACTIVE,False
8,5,Poole Party,7,Goat's,4593803,Jalen Williams,PF,PG,"['SF', 'PF', 'C', 'F', 'SG/SF', 'G/F', 'PF/C', 'F/C', 'UT', 'BE', 'IR']",70.0,True,OKC,OUT,True
8,5,Poole Party,7,Goat's,4066259,De'Aaron Fox,PG,PG,"['PG', 'G', 'G/F', 'UT', 'BE', 'IR']",111.0,True,SAS,ACTIVE,False
8,7,Goat's,5,Poole Party,3202,Kevin Durant,PF,PG,"['SF', 'PF', 'F', 'SG/SF', 'G/F', 'PF/C', 'F/C', 'UT', 'BE', 'IR']",12.0,True,HOU,OUT,True
8,7,Goat's,5,Poole Party,4432582,Max Christie,SG,PG,"['SG', 'G', 'SG/SF', 'G/F', 'UT', 'BE', 'IR']",42.0,True,DAL,ACTIVE,False
8,7,Goat's,5,Poole Party,4914336,Shaedon Sharpe,SG,PG,"['SG', 'SF', 'G', 'F', 'SG/SF', 'G/F', 'F/C', 'UT', 'BE', 'IR']",100.0,True,POR,ACTIVE,False
8,7,Goat's,5,Poole Party,4066261,Bam Adebayo,C,PG,"['PF', 'C', 'F', 'G/F', 'PF/C', 'F/C', 'UT', 'BE', 'IR']",46.0,True,MIA,OUT,True
8,7,Goat's,5,Poole Party,6450,Kawhi Leonard,SF,PG,"['SF', 'PF', 'F', 'SG/SF', 'G/F', 'PF/C', 'F/C', 'UT', 'BE', 'IR']",62.0,True,LAC,ACTIVE,False
8,7,Goat's,5,Poole Party,3134907,Kyle Kuzma,PF,PG,"['SF', 'PF', 'F', 'SG/SF', 'G/F', 'PF/C', 'F/C', 'UT', 'BE', 'IR']",66.0,True,MIL,OUT,True
8,7,Goat's,5,Poole Party,4277847,Wendell Carter Jr.,C,PG,"['C', 'PF/C', 'F/C', 'UT', 'BE', 'IR']",86.0,True,ORL,ACTIVE,False
8,7,Goat's,5,Poole Party,3064440,Zach LaVine,SG,PG,"['SG', 'SF', 'G', 'F', 'SG/SF', 'G/F', 'F/C', 'UT', 'BE', 'IR']",29.0,True,SAC,OUT,True
8,7,Goat's,5,Poole Party,3936299,Jamal Murray,PG,PG,"['PG', 'G', 'G/F', 'UT', 'BE', 'IR']",33.0,True,DEN,ACTIVE,False
8,7,Goat's,5,Poole Party,4278585,Collin Gillespie,PG,PG,"['PG', 'G', 'G/F', 'UT', 'BE', 'IR']",76.0,True,PHO,ACTIVE,False
8,7,Goat's,5,Poole Party,6585,Andre Drummond,C,PG,"['C', 'PF/C', 'F/C', 'UT', 'BE', 'IR']",50.0,True,PHL,ACTIVE,False
8,7,Goat's,5,Poole Party,4278104,Michael Porter Jr.,SF,PG,"['SF', 'PF', 'F', 'SG/SF', 'G/F', 'PF/C', 'F/C', 'UT', 'BE', 'IR']",65.0,True,BKN,OUT,True
8,7,Goat's,5,Poole Party,6430,Jimmy Butler III,SF,PG,"['SG', 'SF', 'PF', 'G', 'F', 'SG/SF', 'G/F', 'PF/C', 'F/C', 'UT', 'BE', 'IR']",66.0,True,GSW,OUT,True
8,4,SKAVALASSKKYYYY,9,ybgcorp,2490149,CJ McCollum,SG,PG,"['PG', 'SG', 'G', 'SG/SF', 'G/F', 'UT', 'BE', 'IR']",69.0,True,ATL,ACTIVE,False
8,4,SKAVALASSKKYYYY,9,ybgcorp,4278053,Davion Mitchell,PG,PG,"['PG', 'G', 'G/F', 'UT', 'BE', 'IR']",32.0,True,MIA,ACTIVE,False
8,4,SKAVALASSKKYYYY,9,ybgcorp,3945274,Luka Doncic,PG,PG,"['PG', 'G', 'G/F', 'UT', 'BE', 'IR']",77.0,True,LAL,OUT,True
8,4,SKAVALASSKKYYYY,9,ybgcorp,3155526,Dillon Brooks,SF,PG,"['SG', 'SF', 'G', 'F', 'SG/SF', 'G/F', 'F/C', 'UT', 'BE', 'IR']",51.0,True,PHO,ACTIVE,False
8,4,SKAVALASSKKYYYY,9,ybgcorp,3975,Stephen Curry,PG,PG,"['PG', 'G', 'G/F', 'UT', 'BE', 'IR']",137.0,True,GSW,ACTIVE,False
8,4,SKAVALASSKKYYYY,9,ybgcorp,2583632,Royce O'Neale,SF,PG,"['SF', 'F', 'SG/SF', 'G/F', 'F/C', 'UT', 'BE', 'IR']",29.0,True,PHO,ACTIVE,False
8,4,SKAVALASSKKYYYY,9,ybgcorp,6440,Tobias Harris,PF,PG,"['SF', 'PF', 'F', 'SG/SF', 'G/F', 'PF/C', 'F/C', 'UT', 'BE', 'IR']",24.0,True,DET,ACTIVE,False
8,4,SKAVALASSKKYYYY,9,ybgcorp,3992,James Harden,PG,PG,"['PG', 'SG', 'G', 'SG/SF', 'G/F', 'UT', 'BE', 'IR']",42.0,True,CLE,ACTIVE,False
8,4,SKAVALASSKKYYYY,9,ybgcorp,4395723,Keldon Johnson,SF,PG,"['SF', 'PF', 'F', 'SG/SF', 'G/F', 'PF/C', 'F/C', 'UT', 'BE', 'IR']",40.0,True,SAS,ACTIVE,False
8,4,SKAVALASSKKYYYY,9,ybgcorp,3917376,Jaylen Brown,SF,PG,"['SG', 'SF', 'G', 'F', 'SG/SF', 'G/F', 'F/C', 'UT', 'BE', 'IR']",35.0,True,BOS,ACTIVE,False
8,4,SKAVALASSKKYYYY,9,ybgcorp,3032976,Rudy Gobert,C,PG,"['C', 'PF/C', 'F/C', 'UT', 'BE', 'IR']",117.0,True,MIN,ACTIVE,False
8,4,SKAVALASSKKYYYY,9,ybgcorp,5041939,Cooper Flagg,SF,PG,"['PG', 'SF', 'PF', 'G', 'F', 'SG/SF', 'G/F', 'PF/C', 'F/C', 'UT', 'BE', 'IR']",54.0,True,DAL,OUT,True
8,9,ybgcorp,4,SKAVALASSKKYYYY,4433287,Brandon Miller,SF,PG,"['SG', 'SF', 'G', 'F', 'SG/SF', 'G/F', 'F/C', 'UT', 'BE', 'IR']",77.0,True,CHA,OUT,True
8,9,ybgcorp,4,SKAVALASSKKYYYY,4066328,Jarrett Allen,C,PG,"['C', 'PF/C', 'F/C', 'UT', 'BE', 'IR']",8.0,True,CLE,ACTIVE,False
8,9,ybgcorp,4,SKAVALASSKKYYYY,4066457,Austin Reaves,SG,PG,"['PG', 'SG', 'SF', 'G', 'F', 'SG/SF', 'G/F', 'F/C', 'UT', 'BE', 'IR']",33.0,True,LAL,ACTIVE,False
8,9,ybgcorp,4,SKAVALASSKKYYYY,4395626,Tre Jones,PG,PG,"['PG', 'G', 'G/F', 'UT', 'BE', 'IR']",44.0,True,CHI,ACTIVE,False
8,9,ybgcorp,4,SKAVALASSKKYYYY,4701230,Jalen Johnson,PF,PG,"['PF', 'F', 'G/F', 'PF/C', 'F/C', 'UT', 'BE', 'IR']",89.0,True,ATL,ACTIVE,False
8,9,ybgcorp,4,SKAVALASSKKYYYY,4591725,Ryan Rollins,SG,PG,"['PG', 'SG', 'G', 'SG/SF', 'G/F', 'UT', 'BE', 'IR']",51.0,True,MIL,OUT,True
8,9,ybgcorp,4,SKAVALASSKKYYYY,4222252,Isaiah Hartenstein,C,PG,"['C', 'PF/C', 'F/C', 'UT', 'BE', 'IR']",24.0,True,OKC,ACTIVE,False
8,9,ybgcorp,4,SKAVALASSKKYYYY,4683689,Jordan Walsh,SF,PG,"['SF', 'F', 'SG/SF', 'G/F', 'F/C', 'UT', 'BE', 'IR']",47.0,True,BOS,ACTIVE,False
8,9,ybgcorp,4,SKAVALASSKKYYYY,1966,LeBron James,SF,PG,"['SF', 'PF', 'F', 'SG/SF', 'G/F', 'PF/C', 'F/C', 'UT', 'BE', 'IR']",87.0,True,LAL,ACTIVE,False
8,9,ybgcorp,4,SKAVALASSKKYYYY,6578,Harrison Barnes,PF,PG,"['PF', 'F', 'G/F', 'PF/C', 'F/C', 'UT', 'BE', 'IR']",25.0,True,SAS,ACTIVE,False
8,9,ybgcorp,4,SKAVALASSKKYYYY,3134908,Jakob Poeltl,C,PG,"['C', 'PF/C', 'F/C', 'UT', 'BE', 'IR']",32.0,True,TOR,ACTIVE,False
8,9,ybgcorp,4,SKAVALASSKKYYYY,4869342,Dyson Daniels,SG,PG,"['PG', 'SG', 'G', 'SG/SF', 'G/F', 'UT', 'BE', 'IR']",97.0,True,ATL,ACTIVE,False
8,9,ybgcorp,4,SKAVALASSKKYYYY,4277813,Herbert Jones,SF,PG,"['SF', 'PF', 'F', 'SG/SF', 'G/F', 'PF/C', 'F/C', 'UT', 'BE', 'IR']",9.0,True,NOP,ACTIVE,False
8,9,ybgcorp,4,SKAVALASSKKYYYY,4397014,Quentin Grimes,SG,PG,"['SG', 'G', 'SG/SF', 'G/F', 'UT', 'BE', 'IR']",64.0,True,PHL,ACTIVE,False
8,9,ybgcorp,4,SKAVALASSKKYYYY,5144091,Jeremiah Fears,SG,PG,"['PG', 'SG', 'G', 'SG/SF', 'G/F', 'UT', 'BE', 'IR']",67.0,True,NOP,ACTIVE,False
8,9,ybgcorp,4,SKAVALASSKKYYYY,4278039,Nickeil Alexander-Walker,SG,PG,"['SG', 'G', 'SG/SF', 'G/F', 'UT', 'BE', 'IR']",43.0,True,ATL,ACTIVE,False
8,9,ybgcorp,4,SKAVALASSKKYYYY,4397183,Aaron Wiggins,SG,PG,"['SG', 'G', 'SG/SF', 'G/F', 'UT', 'BE', 'IR']",14.0,True,OKC,ACTIVE,False
8,3,Kat's Kittens,6,Jeremy Lin fan club,4431680,Onyeka Okongwu,C,PG,"['C', 'PF/C', 'F/C', 'UT', 'BE', 'IR']",79.0,True,ATL,ACTIVE,False
8,3,Kat's Kittens,6,Jeremy Lin fan club,3907823,Terance Mann,SG,PG,"['SG', 'SF', 'G', 'F', 'SG/SF', 'G/F', 'F/C', 'UT', 'BE', 'IR']",36.0,True,BKN,OUT,True
8,3,Kat's Kittens,6,Jeremy Lin fan club,4433621,Jalen Duren,C,PG,"['C', 'PF/C', 'F/C', 'UT', 'BE', 'IR']",33.0,True,DET,ACTIVE,False
8,3,Kat's Kittens,6,Jeremy Lin fan club,3908845,John Collins,PF,PG,"['PF', 'C', 'F', 'G/F', 'PF/C', 'F/C', 'UT', 'BE', 'IR']",16.0,True,LAC,ACTIVE,False
8,3,Kat's Kittens,6,Jeremy Lin fan club,6583,Anthony Davis,C,PG,"['PF', 'C', 'F', 'G/F', 'PF/C', 'F/C', 'UT', 'BE', 'IR']",56.0,True,WAS,OUT,True
8,3,Kat's Kittens,6,Jeremy Lin fan club,4066262,Malik Monk,SG,PG,"['PG', 'SG', 'SF', 'G', 'F', 'SG/SF', 'G/F', 'F/C', 'UT', 'BE', 'IR']",29.0,True,SAC,OUT,True
8,3,Kat's Kittens,6,Jeremy Lin fan club,3062679,Josh Hart,SF,PG,"['SG', 'SF', 'G', 'F', 'SG/SF', 'G/F', 'F/C', 'UT', 'BE', 'IR']",86.0,True,NYK,ACTIVE,False
8,3,Kat's Kittens,6,Jeremy Lin fan club,4251,Paul George,SF,PG,"['SF', 'PF', 'F', 'SG/SF', 'G/F', 'PF/C', 'F/C', 'UT', 'BE', 'IR']",91.0,True,PHL,ACTIVE,False
8,3,Kat's Kittens,6,Jeremy Lin fan club,3136195,Karl-Anthony Towns,C,PG,"['PF', 'C', 'F', 'G/F', 'PF/C', 'F/C', 'UT', 'BE', 'IR']",96.0,True,NYK,ACTIVE,False
8,3,Kat's Kittens,6,Jeremy Lin fan club,3064514,Julius Randle,PF,PG,"['PF', 'F', 'G/F', 'PF/C', 'F/C', 'UT', 'BE', 'IR']",127.0,True,MIN,ACTIVE,False
8,3,Kat's Kittens,6,Jeremy Lin fan club,3934673,Donte DiVincenzo,SG,PG,"['PG', 'SG', 'G', 'SG/SF', 'G/F', 'UT', 'BE', 'IR']",104.0,True,MIN,OUT,True
8,3,Kat's Kittens,6,Jeremy Lin fan club,4845367,Stephon Castle,PG,PG,"['PG', 'SG', 'G', 'SG/SF', 'G/F', 'UT', 'BE', 'IR']",97.0,True,SAS,ACTIVE,False
8,6,Jeremy Lin fan club,3,Kat's Kittens,4278594,Naji Marshall,SF,PG,"['SF', 'PF', 'F', 'SG/SF', 'G/F', 'PF/C', 'F/C', 'UT', 'BE', 'IR']",31.0,True,DAL,OUT,True
8,6,Jeremy Lin fan club,3,Kat's Kittens,4593125,Santi Aldama,PF,PG,"['SF', 'PF', 'C', 'F', 'SG/SF', 'G/F', 'PF/C', 'F/C', 'UT', 'BE', 'IR']",44.0,True,MEM,OUT,True
8,6,Jeremy Lin fan club,3,Kat's Kittens,5037871,Dylan Harper,PG,PG,"['PG', 'SG', 'G', 'SG/SF', 'G/F', 'UT', 'BE', 'IR']",21.0,True,SAS,ACTIVE,False
8,6,Jeremy Lin fan club,3,Kat's Kittens,4433255,Chet Holmgren,C,PG,"['PF', 'C', 'F', 'G/F', 'PF/C', 'F/C', 'UT', 'BE', 'IR']",79.0,True,OKC,ACTIVE,False
8,6,Jeremy Lin fan club,3,Kat's Kittens,4432165,Jalen Suggs,PG,PG,"['PG', 'SG', 'G', 'SG/SF', 'G/F', 'UT', 'BE', 'IR']",76.0,True,ORL,ACTIVE,False
8,6,Jeremy Lin fan club,3,Kat's Kittens,4396971,Naz Reid,C,PG,"['PF', 'C', 'F', 'G/F', 'PF/C', 'F/C', 'UT', 'BE', 'IR']",104.0,True,MIN,ACTIVE,False
8,6,Jeremy Lin fan club,3,Kat's Kittens,5061575,Kon Knueppel,SG,PG,"['SG', 'G', 'SG/SF', 'G/F', 'UT', 'BE', 'IR']",109.0,True,CHA,ACTIVE,False
8,6,Jeremy Lin fan club,3,Kat's Kittens,3136193,Devin Booker,PG,PG,"['PG', 'SG', 'G', 'SG/SF', 'G/F', 'UT', 'BE', 'IR']",47.0,True,PHO,ACTIVE,False
8,6,Jeremy Lin fan club,3,Kat's Kittens,6478,Nikola Vucevic,C,PG,"['C', 'PF/C', 'F/C', 'UT', 'BE', 'IR']",54.0,True,BOS,ACTIVE,False
8,6,Jeremy Lin fan club,3,Kat's Kittens,4395725,Tyler Herro,SG,PG,"['PG', 'SG', 'G', 'SG/SF', 'G/F', 'UT', 'BE', 'IR']",27.0,True,MIA,OUT,True
8,6,Jeremy Lin fan club,3,Kat's Kittens,4431671,Jaden McDaniels,SF,PG,"['SF', 'F', 'SG/SF', 'G/F', 'F/C', 'UT', 'BE', 'IR']",72.0,True,MIN,ACTIVE,False
8,6,Jeremy Lin fan club,3,Kat's Kittens,4900671,Ajay Mitchell,PG,PG,"['PG', 'G', 'G/F', 'UT', 'BE', 'IR']",61.0,True,OKC,OUT,True
8,6,Jeremy Lin fan club,3,Kat's Kittens,4278580,Sandro Mamukelashvili,PF,PG,"['PF', 'F', 'G/F', 'PF/C', 'F/C', 'UT', 'BE', 'IR']",6.0,True,TOR,ACTIVE,False
8,6,Jeremy Lin fan club,3,Kat's Kittens,4701232,Mark Williams,C,PG,"['C', 'PF/C', 'F/C', 'UT', 'BE', 'IR']",109.0,True,PHO,OUT,True
8,6,Jeremy Lin fan club,3,Kat's Kittens,4592479,Julian Champagnie,SF,PG,"['SF', 'F', 'SG/SF', 'G/F', 'F/C', 'UT', 'BE', 'IR']",15.0,True,SAS,ACTIVE,False
8,6,Jeremy Lin fan club,3,Kat's Kittens,3147657,Mikal Bridges,SF,PG,"['SG', 'SF', 'G', 'F', 'SG/SF', 'G/F', 'F/C', 'UT', 'BE', 'IR']",65.0,True,NYK,ACTIVE,False
8,6,Jeremy Lin fan club,3,Kat's Kittens,4431736,Toumani Camara,PF,PG,"['SF', 'PF', 'F', 'SG/SF', 'G/F', 'PF/C', 'F/C', 'UT', 'BE', 'IR']",55.0,True,POR,ACTIVE,False
8,2,Phantom Troupe,1,YSK FC,4395651,Coby White,PG,PG,"['PG', 'SG', 'G', 'SG/SF', 'G/F', 'UT', 'BE', 'IR']",59.0,True,CHA,ACTIVE,False
8,2,Phantom Troupe,1,YSK FC,4684742,Ausar Thompson,SF,PG,"['SF', 'PF', 'F', 'SG/SF', 'G/F', 'PF/C', 'F/C', 'UT', 'BE', 'IR']",31.0,True,DET,ACTIVE,False
8,2,Phantom Troupe,1,YSK FC,3913176,Brandon Ingram,SF,PG,"['SF', 'F', 'SG/SF', 'G/F', 'F/C', 'UT', 'BE', 'IR']",56.0,True,TOR,OUT,True
8,2,Phantom Troupe,1,YSK FC,3934719,OG Anunoby,SF,PG,"['SF', 'PF', 'F', 'SG/SF', 'G/F', 'PF/C', 'F/C', 'UT', 'BE', 'IR']",80.0,True,NYK,ACTIVE,False
8,2,Phantom Troupe,1,YSK FC,4432166,Cade Cunningham,PG,PG,"['PG', 'SG', 'G', 'SG/SF', 'G/F', 'UT', 'BE', 'IR']",41.0,True,DET,ACTIVE,False
8,2,Phantom Troupe,1,YSK FC,4066262,Malik Monk,SG,PG,"['PG', 'SG', 'SF', 'G', 'F', 'SG/SF', 'G/F', 'F/C', 'UT', 'BE', 'IR']",-3.0,True,SAC,OUT,True
8,2,Phantom Troupe,1,YSK FC,5124612,VJ Edgecombe,SG,PG,"['SG', 'G', 'SG/SF', 'G/F', 'UT', 'BE', 'IR']",83.0,True,PHL,ACTIVE,False
8,2,Phantom Troupe,1,YSK FC,3978,DeMar DeRozan,SF,PG,"['SF', 'PF', 'F', 'SG/SF', 'G/F', 'PF/C', 'F/C', 'UT', 'BE', 'IR']",95.0,True,SAC,OUT,True
8,2,Phantom Troupe,1,YSK FC,4395630,Devin Vassell,SG,PG,"['SG', 'SF', 'G', 'F', 'SG/SF', 'G/F', 'F/C', 'UT', 'BE', 'IR']",75.0,True,SAS,ACTIVE,False
8,2,Phantom Troupe,1,YSK FC,4066320,Desmond Bane,SG,PG,"['SG', 'SF', 'G', 'F', 'SG/SF', 'G/F', 'F/C', 'UT', 'BE', 'IR']",100.0,True,ORL,ACTIVE,False
8,2,Phantom Troupe,1,YSK FC,4711272,Reed Sheppard,SG,PG,"['PG', 'SG', 'G', 'SG/SF', 'G/F', 'UT', 'BE', 'IR']",21.0,True,HOU,ACTIVE,False
8,2,Phantom Troupe,1,YSK FC,4017837,Ivica Zubac,C,PG,"['C', 'PF/C', 'F/C', 'UT', 'BE', 'IR']",60.0,True,IND,OUT,True
8,2,Phantom Troupe,1,YSK FC,2991070,Jerami Grant,PF,PG,"['PF', 'F', 'G/F', 'PF/C', 'F/C', 'UT', 'BE', 'IR']",58.0,True,POR,ACTIVE,False
8,2,Phantom Troupe,1,YSK FC,4432639,Jabari Smith Jr.,PF,PG,"['PF', 'C', 'F', 'G/F', 'PF/C', 'F/C', 'UT', 'BE', 'IR']",32.0,True,HOU,ACTIVE,False
8,1,YSK FC,2,Phantom Troupe,4871144,Alperen Sengun,C,PG,"['C', 'PF/C', 'F/C', 'UT', 'BE', 'IR']",47.0,True,HOU,ACTIVE,False
8,1,YSK FC,2,Phantom Troupe,4683747,Jaylon Tyson,SG,PG,"['SG', 'SF', 'G', 'F', 'SG/SF', 'G/F', 'F/C', 'UT', 'BE', 'IR']",61.0,True,CLE,ACTIVE,False
8,1,YSK FC,2,Phantom Troupe,4277961,Jaren Jackson Jr.,C,PG,"['PF', 'C', 'F', 'G/F', 'PF/C', 'F/C', 'UT', 'BE', 'IR']",22.0,True,UTA,OUT,True
8,1,YSK FC,2,Phantom Troupe,4066354,Payton Pritchard,PG,PG,"['PG', 'G', 'G/F', 'UT', 'BE', 'IR']",27.0,True,BOS,ACTIVE,False
8,1,YSK FC,2,Phantom Troupe,3468,Russell Westbrook,PG,PG,"['PG', 'G', 'G/F', 'UT', 'BE', 'IR']",134.0,True,SAC,OUT,True
8,1,YSK FC,2,Phantom Troupe,4278067,Nic Claxton,C,PG,"['C', 'PF/C', 'F/C', 'UT', 'BE', 'IR']",55.0,True,BKN,OUT,True
8,1,YSK FC,2,Phantom Troupe,4278073,Shai Gilgeous-Alexander,PG,PG,"['PG', 'G', 'G/F', 'UT', 'BE', 'IR']",99.0,True,OKC,ACTIVE,False
8,1,YSK FC,2,Phantom Troupe,4576060,Ryan Kalkbrenner,C,PG,"['C', 'PF/C', 'F/C', 'UT', 'BE', 'IR', 'Rookie']",45.0,True,CHA,ACTIVE,False
8,1,YSK FC,2,Phantom Troupe,3059319,Andrew Wiggins,SF,PG,"['SF', 'PF', 'F', 'SG/SF', 'G/F', 'PF/C', 'F/C', 'UT', 'BE', 'IR']",36.0,True,MIA,ACTIVE,False
8,1,YSK FC,2,Phantom Troupe,4397688,Trey Murphy III,SF,PG,"['SG', 'SF', 'G', 'F', 'SG/SF', 'G/F', 'F/C', 'UT', 'BE', 'IR']",148.0,True,NOP,OUT,True
8,1,YSK FC,2,Phantom Troupe,3078576,Derrick White,SG,PG,"['PG', 'SG', 'G', 'SG/SF', 'G/F', 'UT', 'BE', 'IR']",7.0,True,BOS,ACTIVE,False
8,1,YSK FC,2,Phantom Troupe,3064560,Luke Kornet,C,PG,"['C', 'PF/C', 'F/C', 'UT', 'BE', 'IR']",22.0,True,SAS,ACTIVE,False
8,1,YSK FC,2,Phantom Troupe,4348700,Goga Bitadze,C,PG,"['C', 'PF/C', 'F/C', 'UT', 'BE', 'IR']",21.0,True,ORL,ACTIVE,False
8,1,YSK FC,2,Phantom Troupe,4432573,Paolo Banchero,PF,PG,"['SF', 'PF', 'F', 'SG/SF', 'G/F', 'PF/C', 'F/C', 'UT', 'BE', 'IR']",59.0,True,ORL,ACTIVE,False
8,1,YSK FC,2,Phantom Troupe,4278078,P.J. Washington,PF,PG,"['SF', 'PF', 'F', 'SG/SF', 'G/F', 'PF/C', 'F/C', 'UT', 'BE', 'IR']",24.0,True,DAL,OUT,True
9,5,Poole Party,8,Hawk Tuah Demure,4395712,Andrew Nembhard,PG,PG,"['PG', 'SG', 'G', 'SG/SF', 'G/F', 'UT', 'BE', 'IR']",60.0,True,IND,OUT,True
9,5,Poole Party,8,Hawk Tuah Demure,4277956,Jordan Poole,SG,PG,"['PG', 'SG', 'G', 'SG/SF', 'G/F', 'UT', 'BE', 'IR']",54.0,True,NOP,ACTIVE,False
9,5,Poole Party,8,Hawk Tuah Demure,3149673,Pascal Siakam,PF,PG,"['PF', 'F', 'G/F', 'PF/C', 'F/C', 'UT', 'BE', 'IR']",84.0,True,IND,OUT,True
9,5,Poole Party,8,Hawk Tuah Demure,4711294,Matas Buzelis,SF,PG,"['SF', 'PF', 'F', 'SG/SF', 'G/F', 'PF/C', 'F/C', 'UT', 'BE', 'IR']",120.0,True,CHI,OUT,True
9,5,Poole Party,8,Hawk Tuah Demure,4594268,Anthony Edwards,SG,PG,"['SG', 'SF', 'G', 'F', 'SG/SF', 'G/F', 'F/C', 'UT', 'BE', 'IR']",88.0,True,MIN,ACTIVE,False
9,5,Poole Party,8,Hawk Tuah Demure,4683692,Cason Wallace,SG,PG,"['SG', 'G', 'SG/SF', 'G/F', 'UT', 'BE', 'IR']",40.0,True,OKC,ACTIVE,False
9,5,Poole Party,8,Hawk Tuah Demure,6589,Draymond Green,PF,PG,"['PF', 'C', 'F', 'G/F', 'PF/C', 'F/C', 'UT', 'BE', 'IR']",40.0,True,GSW,ACTIVE,False
9,5,Poole Party,8,Hawk Tuah Demure,3102530,Jusuf Nurkic,C,PG,"['C', 'PF/C', 'F/C', 'UT', 'BE', 'IR']",50.0,True,UTA,OUT,True
9,5,Poole Party,8,Hawk Tuah Demure,5174563,Kyshawn George,SG,PG,"['SG', 'SF', 'G', 'F', 'SG/SF', 'G/F', 'F/C', 'UT', 'BE', 'IR']",131.0,True,WAS,OUT,True
9,5,Poole Party,8,Hawk Tuah Demure,4066259,De'Aaron Fox,PG,PG,"['PG', 'G', 'G/F', 'UT', 'BE', 'IR']",98.0,True,SAS,ACTIVE,False
9,5,Poole Party,8,Hawk Tuah Demure,4593803,Jalen Williams,PF,PG,"['SF', 'PF', 'C', 'F', 'SG/SF', 'G/F', 'PF/C', 'F/C', 'UT', 'BE', 'IR']",70.0,True,OKC,OUT,True
9,5,Poole Party,8,Hawk Tuah Demure,5160992,Alex Sarr,C,PG,"['C', 'PF/C', 'F/C', 'UT', 'BE', 'IR']",71.0,True,WAS,OUT,True
9,8,Hawk Tuah Demure,5,Poole Party,3112335,Nikola Jokic,C,PG,"['C', 'PF/C', 'F/C', 'UT', 'BE', 'IR']",167.0,True,DEN,ACTIVE,False
9,8,Hawk Tuah Demure,5,Poole Party,4594327,Keegan Murray,PF,PG,"['SF', 'PF', 'F', 'SG/SF', 'G/F', 'PF/C', 'F/C', 'UT', 'BE', 'IR']",99.0,True,SAC,OUT,True
9,8,Hawk Tuah Demure,5,Poole Party,4279888,Ja Morant,PG,PG,"['PG', 'G', 'G/F', 'UT', 'BE', 'IR']",26.0,True,MEM,OUT,True
9,8,Hawk Tuah Demure,5,Poole Party,3908809,Donovan Mitchell,SG,PG,"['PG', 'SG', 'G', 'SG/SF', 'G/F', 'UT', 'BE', 'IR']",40.0,True,CLE,ACTIVE,False
9,8,Hawk Tuah Demure,5,Poole Party,4871145,Josh Giddey,SG,PG,"['PG', 'SG', 'SF', 'G', 'F', 'SG/SF', 'G/F', 'F/C', 'UT', 'BE', 'IR']",161.0,True,CHI,OUT,True
9,8,Hawk Tuah Demure,5,Poole Party,4684740,Amen Thompson,SF,PG,"['SG', 'SF', 'PF', 'G', 'F', 'SG/SF', 'G/F', 'PF/C', 'F/C', 'UT', 'BE', 'IR']",172.0,True,HOU,ACTIVE,False
9,8,Hawk Tuah Demure,5,Poole Party,4397140,Kevin Porter Jr.,SG,PG,"['PG', 'SG', 'G', 'SG/SF', 'G/F', 'UT', 'BE', 'IR']",104.0,True,MIL,OUT,True
9,8,Hawk Tuah Demure,5,Poole Party,4396907,Darius Garland,PG,PG,"['PG', 'G', 'G/F', 'UT', 'BE', 'IR']",81.0,True,LAC,ACTIVE,False
9,8,Hawk Tuah Demure,5,Poole Party,4683021,Deni Avdija,SF,PG,"['SG', 'SF', 'PF', 'G', 'F', 'SG/SF', 'G/F', 'PF/C', 'F/C', 'UT', 'BE', 'IR']",91.0,True,POR,ACTIVE,False
9,8,Hawk Tuah Demure,5,Poole Party,4684793,Kyle Filipowski,PF,PG,"['PF', 'C', 'F', 'G/F', 'PF/C', 'F/C', 'UT', 'BE', 'IR']",25.0,True,UTA,OUT,True
9,8,Hawk Tuah Demure,5,Poole Party,4869780,Derik Queen,C,PG,"['C', 'PF/C', 'F/C', 'UT', 'BE', 'IR', 'Rookie']",81.0,True,NOP,ACTIVE,False
9,8,Hawk Tuah Demure,5,Poole Party,4066336,Lauri Markkanen,PF,PG,"['SF', 'PF', 'F', 'SG/SF', 'G/F', 'PF/C', 'F/C', 'UT', 'BE', 'IR']",75.0,True,UTA,OUT,True
9,10,Van Der Linde Gang,4,SKAVALASSKKYYYY,5104157,Victor Wembanyama,C,PG,"['C', 'PF/C', 'F/C', 'UT', 'BE', 'IR']",133.0,True,SAS,ACTIVE,False
9,10,Van Der Linde Gang,4,SKAVALASSKKYYYY,4066383,Miles Bridges,SF,PG,"['SF', 'PF', 'F', 'SG/SF', 'G/F', 'PF/C', 'F/C', 'UT', 'BE', 'IR']",49.0,True,CHA,ACTIVE,False
9,10,Van Der Linde Gang,4,SKAVALASSKKYYYY,3133628,Myles Turner,C,PG,"['C', 'PF/C', 'F/C', 'UT', 'BE', 'IR']",58.0,True,MIL,OUT,True
9,10,Van Der Linde Gang,4,SKAVALASSKKYYYY,4397424,Neemias Queta,C,PG,"['C', 'PF/C', 'F/C', 'UT', 'BE', 'IR']",81.0,True,BOS,ACTIVE,False
9,10,Van Der Linde Gang,4,SKAVALASSKKYYYY,4683634,Bennedict Mathurin,SF,PG,"['SG', 'SF', 'G', 'F', 'SG/SF', 'G/F', 'F/C', 'UT', 'BE', 'IR']",37.0,True,LAC,ACTIVE,False
9,10,Van Der Linde Gang,4,SKAVALASSKKYYYY,4433627,Keyonte George,PG,PG,"['PG', 'SG', 'G', 'SG/SF', 'G/F', 'UT', 'BE', 'IR']",153.0,True,UTA,OUT,True
9,10,Van Der Linde Gang,4,SKAVALASSKKYYYY,4065732,De'Andre Hunter,SF,PG,"['SF', 'PF', 'F', 'SG/SF', 'G/F', 'PF/C', 'F/C', 'UT', 'BE', 'IR']",26.0,True,SAC,OUT,True
9,10,Van Der Linde Gang,4,SKAVALASSKKYYYY,5105623,Kel'el Ware,C,PG,"['C', 'PF/C', 'F/C', 'UT', 'BE', 'IR']",193.0,True,MIA,ACTIVE,False
9,10,Van Der Linde Gang,4,SKAVALASSKKYYYY,2595516,Norman Powell,SG,PG,"['SG', 'SF', 'G', 'F', 'SG/SF', 'G/F', 'F/C', 'UT', 'BE', 'IR']",127.0,True,MIA,ACTIVE,False
9,10,Van Der Linde Gang,4,SKAVALASSKKYYYY,3934672,Jalen Brunson,PG,PG,"['PG', 'G', 'G/F', 'UT', 'BE', 'IR']",165.0,True,NYK,ACTIVE,False
9,10,Van Der Linde Gang,4,SKAVALASSKKYYYY,4433134,Scottie Barnes,SF,PG,"['SG', 'SF', 'PF', 'G', 'F', 'SG/SF', 'G/F', 'PF/C', 'F/C', 'UT', 'BE', 'IR']",146.0,True,TOR,ACTIVE,False
9,10,Van Der Linde Gang,4,SKAVALASSKKYYYY,4711272,Reed Sheppard,SG,PG,"['PG', 'SG', 'G', 'SG/SF', 'G/F', 'UT', 'BE', 'IR']",87.0,True,HOU,ACTIVE,False
9,4,SKAVALASSKKYYYY,10,Van Der Linde Gang,2490149,CJ McCollum,SG,PG,"['PG', 'SG', 'G', 'SG/SF', 'G/F', 'UT', 'BE', 'IR']",104.0,True,ATL,ACTIVE,False
9,4,SKAVALASSKKYYYY,10,Van Der Linde Gang,4278053,Davion Mitchell,PG,PG,"['PG', 'G', 'G/F', 'UT', 'BE', 'IR']",87.0,True,MIA,ACTIVE,False
9,4,SKAVALASSKKYYYY,10,Van Der Linde Gang,3945274,Luka Doncic,PG,PG,"['PG', 'G', 'G/F', 'UT', 'BE', 'IR']",110.0,True,LAL,OUT,True
9,4,SKAVALASSKKYYYY,10,Van Der Linde Gang,3975,Stephen Curry,PG,PG,"['PG', 'G', 'G/F', 'UT', 'BE', 'IR']",81.0,True,GSW,ACTIVE,False
9,4,SKAVALASSKKYYYY,10,Van Der Linde Gang,4395723,Keldon Johnson,SF,PG,"['SF', 'PF', 'F', 'SG/SF', 'G/F', 'PF/C', 'F/C', 'UT', 'BE', 'IR']",66.0,True,SAS,ACTIVE,False
9,4,SKAVALASSKKYYYY,10,Van Der Linde Gang,6440,Tobias Harris,PF,PG,"['SF', 'PF', 'F', 'SG/SF', 'G/F', 'PF/C', 'F/C', 'UT', 'BE', 'IR']",5.0,True,DET,ACTIVE,False
9,4,SKAVALASSKKYYYY,10,Van Der Linde Gang,5105565,Donovan Clingan,C,PG,"['C', 'PF/C', 'F/C', 'UT', 'BE', 'IR']",78.0,True,POR,ACTIVE,False
9,4,SKAVALASSKKYYYY,10,Van Der Linde Gang,4397136,Saddiq Bey,SF,PG,"['SF', 'PF', 'F', 'SG/SF', 'G/F', 'PF/C', 'F/C', 'UT', 'BE', 'IR']",30.0,True,NOP,ACTIVE,False
9,4,SKAVALASSKKYYYY,10,Van Der Linde Gang,3155526,Dillon Brooks,SF,PG,"['SG', 'SF', 'G', 'F', 'SG/SF', 'G/F', 'F/C', 'UT', 'BE', 'IR']",69.0,True,PHO,ACTIVE,False
9,4,SKAVALASSKKYYYY,10,Van Der Linde Gang,2583632,Royce O'Neale,SF,PG,"['SF', 'F', 'SG/SF', 'G/F', 'F/C', 'UT', 'BE', 'IR']",28.0,True,PHO,ACTIVE,False
9,4,SKAVALASSKKYYYY,10,Van Der Linde Gang,3992,James Harden,PG,PG,"['PG', 'SG', 'G', 'SG/SF', 'G/F', 'UT', 'BE', 'IR']",75.0,True,CLE,ACTIVE,False
9,4,SKAVALASSKKYYYY,10,Van Der Linde Gang,4431736,Toumani Camara,PF,PG,"['SF', 'PF', 'F', 'SG/SF', 'G/F', 'PF/C', 'F/C', 'UT', 'BE', 'IR']",32.0,True,POR,ACTIVE,False
9,4,SKAVALASSKKYYYY,10,Van Der Linde Gang,3917376,Jaylen Brown,SF,PG,"['SG', 'SF', 'G', 'F', 'SG/SF', 'G/F', 'F/C', 'UT', 'BE', 'IR']",107.0,True,BOS,ACTIVE,False
9,4,SKAVALASSKKYYYY,10,Van Der Linde Gang,3032976,Rudy Gobert,C,PG,"['C', 'PF/C', 'F/C', 'UT', 'BE', 'IR']",113.0,True,MIN,ACTIVE,False
9,4,SKAVALASSKKYYYY,10,Van Der Linde Gang,5041939,Cooper Flagg,SF,PG,"['PG', 'SF', 'PF', 'G', 'F', 'SG/SF', 'G/F', 'PF/C', 'F/C', 'UT', 'BE', 'IR']",145.0,True,DAL,OUT,True
9,7,Goat's,3,Kat's Kittens,6450,Kawhi Leonard,SF,PG,"['SF', 'PF', 'F', 'SG/SF', 'G/F', 'PF/C', 'F/C', 'UT', 'BE', 'IR']",133.0,True,LAC,ACTIVE,False
9,7,Goat's,3,Kat's Kittens,3202,Kevin Durant,PF,PG,"['SF', 'PF', 'F', 'SG/SF', 'G/F', 'PF/C', 'F/C', 'UT', 'BE', 'IR']",219.0,True,HOU,OUT,True
9,7,Goat's,3,Kat's Kittens,3134907,Kyle Kuzma,PF,PG,"['SF', 'PF', 'F', 'SG/SF', 'G/F', 'PF/C', 'F/C', 'UT', 'BE', 'IR']",21.0,True,MIL,OUT,True
9,7,Goat's,3,Kat's Kittens,4277847,Wendell Carter Jr.,C,PG,"['C', 'PF/C', 'F/C', 'UT', 'BE', 'IR']",34.0,True,ORL,ACTIVE,False
9,7,Goat's,3,Kat's Kittens,3936299,Jamal Murray,PG,PG,"['PG', 'G', 'G/F', 'UT', 'BE', 'IR']",128.0,True,DEN,ACTIVE,False
9,7,Goat's,3,Kat's Kittens,4278585,Collin Gillespie,PG,PG,"['PG', 'G', 'G/F', 'UT', 'BE', 'IR']",73.0,True,PHO,ACTIVE,False
9,7,Goat's,3,Kat's Kittens,6585,Andre Drummond,C,PG,"['C', 'PF/C', 'F/C', 'UT', 'BE', 'IR']",56.0,True,PHL,ACTIVE,False
9,7,Goat's,3,Kat's Kittens,4278104,Michael Porter Jr.,SF,PG,"['SF', 'PF', 'F', 'SG/SF', 'G/F', 'PF/C', 'F/C', 'UT', 'BE', 'IR']",86.0,True,BKN,OUT,True
9,7,Goat's,3,Kat's Kittens,4914336,Shaedon Sharpe,SG,PG,"['SG', 'SF', 'G', 'F', 'SG/SF', 'G/F', 'F/C', 'UT', 'BE', 'IR']",69.0,True,POR,ACTIVE,False
9,7,Goat's,3,Kat's Kittens,4066261,Bam Adebayo,C,PG,"['PF', 'C', 'F', 'G/F', 'PF/C', 'F/C', 'UT', 'BE', 'IR']",105.0,True,MIA,OUT,True
9,7,Goat's,3,Kat's Kittens,6430,Jimmy Butler III,SF,PG,"['SG', 'SF', 'PF', 'G', 'F', 'SG/SF', 'G/F', 'PF/C', 'F/C', 'UT', 'BE', 'IR']",78.0,True,GSW,OUT,True
9,7,Goat's,3,Kat's Kittens,4395724,Immanuel Quickley,PG,PG,"['PG', 'SG', 'G', 'SG/SF', 'G/F', 'UT', 'BE', 'IR']",111.0,True,TOR,OUT,True
9,3,Kat's Kittens,7,Goat's,4431680,Onyeka Okongwu,C,PG,"['C', 'PF/C', 'F/C', 'UT', 'BE', 'IR']",114.0,True,ATL,ACTIVE,False
9,3,Kat's Kittens,7,Goat's,3908845,John Collins,PF,PG,"['PF', 'C', 'F', 'G/F', 'PF/C', 'F/C', 'UT', 'BE', 'IR']",78.0,True,LAC,ACTIVE,False
9,3,Kat's Kittens,7,Goat's,4433621,Jalen Duren,C,PG,"['C', 'PF/C', 'F/C', 'UT', 'BE', 'IR']",93.0,True,DET,ACTIVE,False
9,3,Kat's Kittens,7,Goat's,3136776,D'Angelo Russell,PG,PG,"['PG', 'SG', 'G', 'SG/SF', 'G/F', 'UT', 'BE', 'IR']",7.0,True,WAS,OUT,True
9,3,Kat's Kittens,7,Goat's,6583,Anthony Davis,C,PG,"['PF', 'C', 'F', 'G/F', 'PF/C', 'F/C', 'UT', 'BE', 'IR']",85.0,True,WAS,OUT,True
9,3,Kat's Kittens,7,Goat's,4066262,Malik Monk,SG,PG,"['PG', 'SG', 'SF', 'G', 'F', 'SG/SF', 'G/F', 'F/C', 'UT', 'BE', 'IR']",1.0,True,SAC,OUT,True
9,3,Kat's Kittens,7,Goat's,3062679,Josh Hart,SF,PG,"['SG', 'SF', 'G', 'F', 'SG/SF', 'G/F', 'F/C', 'UT', 'BE', 'IR']",67.0,True,NYK,ACTIVE,False
9,3,Kat's Kittens,7,Goat's,4251,Paul George,SF,PG,"['SF', 'PF', 'F', 'SG/SF', 'G/F', 'PF/C', 'F/C', 'UT', 'BE', 'IR']",18.0,True,PHL,ACTIVE,False
9,3,Kat's Kittens,7,Goat's,3136195,Karl-Anthony Towns,C,PG,"['PF', 'C', 'F', 'G/F', 'PF/C', 'F/C', 'UT', 'BE', 'IR']",36.0,True,NYK,ACTIVE,False
9,3,Kat's Kittens,7,Goat's,3064514,Julius Randle,PF,PG,"['PF', 'F', 'G/F', 'PF/C', 'F/C', 'UT', 'BE', 'IR']",78.0,True,MIN,ACTIVE,False
9,3,Kat's Kittens,7,Goat's,4431678,Tyrese Maxey,PG,PG,"['PG', 'SG', 'G', 'SG/SF', 'G/F', 'UT', 'BE', 'IR']",112.0,True,PHL,ACTIVE,False
9,3,Kat's Kittens,7,Goat's,3934673,Donte DiVincenzo,SG,PG,"['PG', 'SG', 'G', 'SG/SF', 'G/F', 'UT', 'BE', 'IR']",108.0,True,MIN,OUT,True
9,3,Kat's Kittens,7,Goat's,4845367,Stephon Castle,PG,PG,"['PG', 'SG', 'G', 'SG/SF', 'G/F', 'UT', 'BE', 'IR']",110.0,True,SAS,ACTIVE,False
9,9,ybgcorp,2,Phantom Troupe,4433287,Brandon Miller,SF,PG,"['SG', 'SF', 'G', 'F', 'SG/SF', 'G/F', 'F/C', 'UT', 'BE', 'IR']",83.0,True,CHA,OUT,True
9,9,ybgcorp,2,Phantom Troupe,4066328,Jarrett Allen,C,PG,"['C', 'PF/C', 'F/C', 'UT', 'BE', 'IR']",88.0,True,CLE,ACTIVE,False
9,9,ybgcorp,2,Phantom Troupe,4701230,Jalen Johnson,PF,PG,"['PF', 'F', 'G/F', 'PF/C', 'F/C', 'UT', 'BE', 'IR']",179.0,True,ATL,ACTIVE,False
9,9,ybgcorp,2,Phantom Troupe,4395626,Tre Jones,PG,PG,"['PG', 'G', 'G/F', 'UT', 'BE', 'IR']",105.0,True,CHI,ACTIVE,False
9,9,ybgcorp,2,Phantom Troupe,4591725,Ryan Rollins,SG,PG,"['PG', 'SG', 'G', 'SG/SF', 'G/F', 'UT', 'BE', 'IR']",73.0,True,MIL,OUT,True
9,9,ybgcorp,2,Phantom Troupe,4222252,Isaiah Hartenstein,C,PG,"['C', 'PF/C', 'F/C', 'UT', 'BE', 'IR']",8.0,True,OKC,ACTIVE,False
9,9,ybgcorp,2,Phantom Troupe,1966,LeBron James,SF,PG,"['SF', 'PF', 'F', 'SG/SF', 'G/F', 'PF/C', 'F/C', 'UT', 'BE', 'IR']",108.0,True,LAL,ACTIVE,False
9,9,ybgcorp,2,Phantom Troupe,4683689,Jordan Walsh,SF,PG,"['SF', 'F', 'SG/SF', 'G/F', 'F/C', 'UT', 'BE', 'IR']",44.0,True,BOS,ACTIVE,False
9,9,ybgcorp,2,Phantom Troupe,4277905,Trae Young,PG,PG,"['PG', 'G', 'G/F', 'UT', 'BE', 'IR']",85.0,True,WAS,OUT,True
9,9,ybgcorp,2,Phantom Troupe,3134908,Jakob Poeltl,C,PG,"['C', 'PF/C', 'F/C', 'UT', 'BE', 'IR']",18.0,True,TOR,ACTIVE,False
9,9,ybgcorp,2,Phantom Troupe,4869342,Dyson Daniels,SG,PG,"['PG', 'SG', 'G', 'SG/SF', 'G/F', 'UT', 'BE', 'IR']",79.0,True,ATL,ACTIVE,False
9,9,ybgcorp,2,Phantom Troupe,4397014,Quentin Grimes,SG,PG,"['SG', 'G', 'SG/SF', 'G/F', 'UT', 'BE', 'IR']",34.0,True,PHL,ACTIVE,False
9,9,ybgcorp,2,Phantom Troupe,4278039,Nickeil Alexander-Walker,SG,PG,"['SG', 'G', 'SG/SF', 'G/F', 'UT', 'BE', 'IR']",79.0,True,ATL,ACTIVE,False
9,9,ybgcorp,2,Phantom Troupe,4433083,Cam Spencer,SG,PG,"['PG', 'SG', 'G', 'SG/SF', 'G/F', 'UT', 'BE', 'IR']",97.0,True,MEM,OUT,True
9,2,Phantom Troupe,9,ybgcorp,4395651,Coby White,PG,PG,"['PG', 'SG', 'G', 'SG/SF', 'G/F', 'UT', 'BE', 'IR']",97.0,True,CHA,ACTIVE,False
9,2,Phantom Troupe,9,ybgcorp,4684742,Ausar Thompson,SF,PG,"['SF', 'PF', 'F', 'SG/SF', 'G/F', 'PF/C', 'F/C', 'UT', 'BE', 'IR']",42.0,True,DET,ACTIVE,False
9,2,Phantom Troupe,9,ybgcorp,3934719,OG Anunoby,SF,PG,"['SF', 'PF', 'F', 'SG/SF', 'G/F', 'PF/C', 'F/C', 'UT', 'BE', 'IR']",53.0,True,NYK,ACTIVE,False
9,2,Phantom Troupe,9,ybgcorp,3913176,Brandon Ingram,SF,PG,"['SF', 'F', 'SG/SF', 'G/F', 'F/C', 'UT', 'BE', 'IR']",165.0,True,TOR,OUT,True
9,2,Phantom Troupe,9,ybgcorp,4432166,Cade Cunningham,PG,PG,"['PG', 'SG', 'G', 'SG/SF', 'G/F', 'UT', 'BE', 'IR']",163.0,True,DET,ACTIVE,False
9,2,Phantom Troupe,9,ybgcorp,5124612,VJ Edgecombe,SG,PG,"['SG', 'G', 'SG/SF', 'G/F', 'UT', 'BE', 'IR']",87.0,True,PHL,ACTIVE,False
9,2,Phantom Troupe,9,ybgcorp,3978,DeMar DeRozan,SF,PG,"['SF', 'PF', 'F', 'SG/SF', 'G/F', 'PF/C', 'F/C', 'UT', 'BE', 'IR']",152.0,True,SAC,OUT,True
9,2,Phantom Troupe,9,ybgcorp,4395630,Devin Vassell,SG,PG,"['SG', 'SF', 'G', 'F', 'SG/SF', 'G/F', 'F/C', 'UT', 'BE', 'IR']",99.0,True,SAS,ACTIVE,False
9,2,Phantom Troupe,9,ybgcorp,4066320,Desmond Bane,SG,PG,"['SG', 'SF', 'G', 'F', 'SG/SF', 'G/F', 'F/C', 'UT', 'BE', 'IR']",74.0,True,ORL,ACTIVE,False
9,2,Phantom Troupe,9,ybgcorp,4395628,Zion Williamson,PF,PG,"['PF', 'F', 'G/F', 'PF/C', 'F/C', 'UT', 'BE', 'IR']",58.0,True,NOP,OUT,True
9,2,Phantom Troupe,9,ybgcorp,4711272,Reed Sheppard,SG,PG,"['PG', 'SG', 'G', 'SG/SF', 'G/F', 'UT', 'BE', 'IR']",26.0,True,HOU,ACTIVE,False
9,2,Phantom Troupe,9,ybgcorp,4017837,Ivica Zubac,C,PG,"['C', 'PF/C', 'F/C', 'UT', 'BE', 'IR']",57.0,True,IND,OUT,True
9,2,Phantom Troupe,9,ybgcorp,2991070,Jerami Grant,PF,PG,"['PF', 'F', 'G/F', 'PF/C', 'F/C', 'UT', 'BE', 'IR']",36.0,True,POR,ACTIVE,False
9,2,Phantom Troupe,9,ybgcorp,4432639,Jabari Smith Jr.,PF,PG,"['PF', 'C', 'F', 'G/F', 'PF/C', 'F/C', 'UT', 'BE', 'IR']",84.0,True,HOU,ACTIVE,False
9,6,Jeremy Lin fan club,1,YSK FC,4278594,Naji Marshall,SF,PG,"['SF', 'PF', 'F', 'SG/SF', 'G/F', 'PF/C', 'F/C', 'UT', 'BE', 'IR']",27.0,True,DAL,OUT,True
9,6,Jeremy Lin fan club,1,YSK FC,4593125,Santi Aldama,PF,PG,"['SF', 'PF', 'C', 'F', 'SG/SF', 'G/F', 'PF/C', 'F/C', 'UT', 'BE', 'IR']",92.0,True,MEM,OUT,True
9,6,Jeremy Lin fan club,1,YSK FC,4433255,Chet Holmgren,C,PG,"['PF', 'C', 'F', 'G/F', 'PF/C', 'F/C', 'UT', 'BE', 'IR']",67.0,True,OKC,ACTIVE,False
9,6,Jeremy Lin fan club,1,YSK FC,4396971,Naz Reid,C,PG,"['PF', 'C', 'F', 'G/F', 'PF/C', 'F/C', 'UT', 'BE', 'IR']",89.0,True,MIN,ACTIVE,False
9,6,Jeremy Lin fan club,1,YSK FC,5061575,Kon Knueppel,SG,PG,"['SG', 'G', 'SG/SF', 'G/F', 'UT', 'BE', 'IR']",91.0,True,CHA,ACTIVE,False
9,6,Jeremy Lin fan club,1,YSK FC,3136193,Devin Booker,PG,PG,"['PG', 'SG', 'G', 'SG/SF', 'G/F', 'UT', 'BE', 'IR']",93.0,True,PHO,ACTIVE,False
9,6,Jeremy Lin fan club,1,YSK FC,6478,Nikola Vucevic,C,PG,"['C', 'PF/C', 'F/C', 'UT', 'BE', 'IR']",149.0,True,BOS,ACTIVE,False
9,6,Jeremy Lin fan club,1,YSK FC,4683766,Isaiah Collier,PG,PG,"['PG', 'G', 'G/F', 'UT', 'BE', 'IR']",39.0,True,UTA,OUT,True
9,6,Jeremy Lin fan club,1,YSK FC,4432848,Jaime Jaquez Jr.,SF,PG,"['SG', 'SF', 'G', 'F', 'SG/SF', 'G/F', 'F/C', 'UT', 'BE', 'IR']",43.0,True,MIA,ACTIVE,False
9,6,Jeremy Lin fan club,1,YSK FC,4432816,LaMelo Ball,PG,PG,"['PG', 'G', 'G/F', 'UT', 'BE', 'IR']",85.0,True,CHA,ACTIVE,False
9,6,Jeremy Lin fan club,1,YSK FC,4431671,Jaden McDaniels,SF,PG,"['SF', 'F', 'SG/SF', 'G/F', 'F/C', 'UT', 'BE', 'IR']",48.0,True,MIN,ACTIVE,False
9,6,Jeremy Lin fan club,1,YSK FC,4900671,Ajay Mitchell,PG,PG,"['PG', 'G', 'G/F', 'UT', 'BE', 'IR']",59.0,True,OKC,OUT,True
9,6,Jeremy Lin fan club,1,YSK FC,4701232,Mark Williams,C,PG,"['C', 'PF/C', 'F/C', 'UT', 'BE', 'IR']",43.0,True,PHO,OUT,True
9,6,Jeremy Lin fan club,1,YSK FC,3147657,Mikal Bridges,SF,PG,"['SG', 'SF', 'G', 'F', 'SG/SF', 'G/F', 'F/C', 'UT', 'BE', 'IR']",123.0,True,NYK,ACTIVE,False
9,6,Jeremy Lin fan club,1,YSK FC,5112087,Jaylen Wells,SG,PG,"['SG', 'G', 'SG/SF', 'G/F', 'UT', 'BE', 'IR']",36.0,True,MEM,OUT,True
9,1,YSK FC,6,Jeremy Lin fan club,4871144,Alperen Sengun,C,PG,"['C', 'PF/C', 'F/C', 'UT', 'BE', 'IR']",198.0,True,HOU,ACTIVE,False
9,1,YSK FC,6,Jeremy Lin fan club,4683747,Jaylon Tyson,SG,PG,"['SG', 'SF', 'G', 'F', 'SG/SF', 'G/F', 'F/C', 'UT', 'BE', 'IR']",46.0,True,CLE,ACTIVE,False
9,1,YSK FC,6,Jeremy Lin fan club,4277961,Jaren Jackson Jr.,C,PG,"['PF', 'C', 'F', 'G/F', 'PF/C', 'F/C', 'UT', 'BE', 'IR']",171.0,True,UTA,OUT,True
9,1,YSK FC,6,Jeremy Lin fan club,3468,Russell Westbrook,PG,PG,"['PG', 'G', 'G/F', 'UT', 'BE', 'IR']",113.0,True,SAC,OUT,True
9,1,YSK FC,6,Jeremy Lin fan club,4066354,Payton Pritchard,PG,PG,"['PG', 'G', 'G/F', 'UT', 'BE', 'IR']",112.0,True,BOS,ACTIVE,False
9,1,YSK FC,6,Jeremy Lin fan club,4278067,Nic Claxton,C,PG,"['C', 'PF/C', 'F/C', 'UT', 'BE', 'IR']",87.0,True,BKN,OUT,True
9,1,YSK FC,6,Jeremy Lin fan club,5144091,Jeremiah Fears,SG,PG,"['PG', 'SG', 'G', 'SG/SF', 'G/F', 'UT', 'BE', 'IR']",16.0,True,NOP,ACTIVE,False
9,1,YSK FC,6,Jeremy Lin fan club,4278073,Shai Gilgeous-Alexander,PG,PG,"['PG', 'G', 'G/F', 'UT', 'BE', 'IR']",132.0,True,OKC,ACTIVE,False
9,1,YSK FC,6,Jeremy Lin fan club,4903027,Cedric Coward,SF,PG,"['SG', 'SF', 'G', 'F', 'SG/SF', 'G/F', 'F/C', 'UT', 'BE', 'IR']",20.0,True,MEM,OUT,True
9,1,YSK FC,6,Jeremy Lin fan club,3059319,Andrew Wiggins,SF,PG,"['SF', 'PF', 'F', 'SG/SF', 'G/F', 'PF/C', 'F/C', 'UT', 'BE', 'IR']",70.0,True,MIA,ACTIVE,False
9,1,YSK FC,6,Jeremy Lin fan club,4397688,Trey Murphy III,SF,PG,"['SG', 'SF', 'G', 'F', 'SG/SF', 'G/F', 'F/C', 'UT', 'BE', 'IR']",80.0,True,NOP,OUT,True
9,1,YSK FC,6,Jeremy Lin fan club,4432573,Paolo Banchero,PF,PG,"['SF', 'PF', 'F', 'SG/SF', 'G/F', 'PF/C', 'F/C', 'UT', 'BE', 'IR']",99.0,True,ORL,ACTIVE,False
9,1,YSK FC,6,Jeremy Lin fan club,3078576,Derrick White,SG,PG,"['PG', 'SG', 'G', 'SG/SF', 'G/F', 'UT', 'BE', 'IR']",148.0,True,BOS,ACTIVE,False
9,1,YSK FC,6,Jeremy Lin fan club,4278078,P.J. Washington,PF,PG,"['SF', 'PF', 'F', 'SG/SF', 'G/F', 'PF/C', 'F/C', 'UT', 'BE', 'IR']",118.0,True,DAL,OUT,True
10,8,Hawk Tuah Demure,4,SKAVALASSKKYYYY,3112335,Nikola Jokic,C,PG,"['C', 'PF/C', 'F/C', 'UT', 'BE', 'IR']",337.0,True,DEN,ACTIVE,False
10,8,Hawk Tuah Demure,4,SKAVALASSKKYYYY,4684740,Amen Thompson,SF,PG,"['SG', 'SF', 'PF', 'G', 'F', 'SG/SF', 'G/F', 'PF/C', 'F/C', 'UT', 'BE', 'IR']",115.0,True,HOU,ACTIVE,False
10,8,Hawk Tuah Demure,4,SKAVALASSKKYYYY,4871145,Josh Giddey,SG,PG,"['PG', 'SG', 'SF', 'G', 'F', 'SG/SF', 'G/F', 'F/C', 'UT', 'BE', 'IR']",105.0,True,CHI,OUT,True
10,8,Hawk Tuah Demure,4,SKAVALASSKKYYYY,4396907,Darius Garland,PG,PG,"['PG', 'G', 'G/F', 'UT', 'BE', 'IR']",107.0,True,LAC,ACTIVE,False
10,8,Hawk Tuah Demure,4,SKAVALASSKKYYYY,4683021,Deni Avdija,SF,PG,"['SG', 'SF', 'PF', 'G', 'F', 'SG/SF', 'G/F', 'PF/C', 'F/C', 'UT', 'BE', 'IR']",176.0,True,POR,ACTIVE,False
10,8,Hawk Tuah Demure,4,SKAVALASSKKYYYY,4278129,Deandre Ayton,C,PG,"['C', 'PF/C', 'F/C', 'UT', 'BE', 'IR']",48.0,True,LAL,ACTIVE,False
10,8,Hawk Tuah Demure,4,SKAVALASSKKYYYY,4279888,Ja Morant,PG,PG,"['PG', 'G', 'G/F', 'UT', 'BE', 'IR']",32.0,True,MEM,OUT,True
10,8,Hawk Tuah Demure,4,SKAVALASSKKYYYY,4594327,Keegan Murray,PF,PG,"['SF', 'PF', 'F', 'SG/SF', 'G/F', 'PF/C', 'F/C', 'UT', 'BE', 'IR']",15.0,True,SAC,OUT,True
10,8,Hawk Tuah Demure,4,SKAVALASSKKYYYY,3908809,Donovan Mitchell,SG,PG,"['PG', 'SG', 'G', 'SG/SF', 'G/F', 'UT', 'BE', 'IR']",199.0,True,CLE,ACTIVE,False
10,8,Hawk Tuah Demure,4,SKAVALASSKKYYYY,4397140,Kevin Porter Jr.,SG,PG,"['PG', 'SG', 'G', 'SG/SF', 'G/F', 'UT', 'BE', 'IR']",112.0,True,MIL,OUT,True
10,8,Hawk Tuah Demure,4,SKAVALASSKKYYYY,3059318,Joel Embiid,C,PG,"['C', 'PF/C', 'F/C', 'UT', 'BE', 'IR']",86.0,True,PHL,ACTIVE,False
10,8,Hawk Tuah Demure,4,SKAVALASSKKYYYY,4066336,Lauri Markkanen,PF,PG,"['SF', 'PF', 'F', 'SG/SF', 'G/F', 'PF/C', 'F/C', 'UT', 'BE', 'IR']",138.0,True,UTA,OUT,True
10,8,Hawk Tuah Demure,4,SKAVALASSKKYYYY,4684793,Kyle Filipowski,PF,PG,"['PF', 'C', 'F', 'G/F', 'PF/C', 'F/C', 'UT', 'BE', 'IR']",98.0,True,UTA,OUT,True
10,8,Hawk Tuah Demure,4,SKAVALASSKKYYYY,4869780,Derik Queen,C,PG,"['C', 'PF/C', 'F/C', 'UT', 'BE', 'IR', 'Rookie']",137.0,True,NOP,ACTIVE,False
10,4,SKAVALASSKKYYYY,8,Hawk Tuah Demure,2490149,CJ McCollum,SG,PG,"['PG', 'SG', 'G', 'SG/SF', 'G/F', 'UT', 'BE', 'IR']",79.0,True,ATL,ACTIVE,False
10,4,SKAVALASSKKYYYY,8,Hawk Tuah Demure,4278053,Davion Mitchell,PG,PG,"['PG', 'G', 'G/F', 'UT', 'BE', 'IR']",42.0,True,MIA,ACTIVE,False
10,4,SKAVALASSKKYYYY,8,Hawk Tuah Demure,3945274,Luka Doncic,PG,PG,"['PG', 'G', 'G/F', 'UT', 'BE', 'IR']",107.0,True,LAL,OUT,True
10,4,SKAVALASSKKYYYY,8,Hawk Tuah Demure,3975,Stephen Curry,PG,PG,"['PG', 'G', 'G/F', 'UT', 'BE', 'IR']",116.0,True,GSW,ACTIVE,False
10,4,SKAVALASSKKYYYY,8,Hawk Tuah Demure,4395723,Keldon Johnson,SF,PG,"['SF', 'PF', 'F', 'SG/SF', 'G/F', 'PF/C', 'F/C', 'UT', 'BE', 'IR']",99.0,True,SAS,ACTIVE,False
10,4,SKAVALASSKKYYYY,8,Hawk Tuah Demure,5105565,Donovan Clingan,C,PG,"['C', 'PF/C', 'F/C', 'UT', 'BE', 'IR']",145.0,True,POR,ACTIVE,False
10,4,SKAVALASSKKYYYY,8,Hawk Tuah Demure,4397136,Saddiq Bey,SF,PG,"['SF', 'PF', 'F', 'SG/SF', 'G/F', 'PF/C', 'F/C', 'UT', 'BE', 'IR']",57.0,True,NOP,ACTIVE,False
10,4,SKAVALASSKKYYYY,8,Hawk Tuah Demure,3155526,Dillon Brooks,SF,PG,"['SG', 'SF', 'G', 'F', 'SG/SF', 'G/F', 'F/C', 'UT', 'BE', 'IR']",81.0,True,PHO,ACTIVE,False
10,4,SKAVALASSKKYYYY,8,Hawk Tuah Demure,3992,James Harden,PG,PG,"['PG', 'SG', 'G', 'SG/SF', 'G/F', 'UT', 'BE', 'IR']",128.0,True,CLE,ACTIVE,False
10,4,SKAVALASSKKYYYY,8,Hawk Tuah Demure,3917376,Jaylen Brown,SF,PG,"['SG', 'SF', 'G', 'F', 'SG/SF', 'G/F', 'F/C', 'UT', 'BE', 'IR']",151.0,True,BOS,ACTIVE,False
10,4,SKAVALASSKKYYYY,8,Hawk Tuah Demure,4431736,Toumani Camara,PF,PG,"['SF', 'PF', 'F', 'SG/SF', 'G/F', 'PF/C', 'F/C', 'UT', 'BE', 'IR']",75.0,True,POR,ACTIVE,False
10,4,SKAVALASSKKYYYY,8,Hawk Tuah Demure,3032976,Rudy Gobert,C,PG,"['C', 'PF/C', 'F/C', 'UT', 'BE', 'IR']",117.0,True,MIN,ACTIVE,False
10,4,SKAVALASSKKYYYY,8,Hawk Tuah Demure,5041939,Cooper Flagg,SF,PG,"['PG', 'SF', 'PF', 'G', 'F', 'SG/SF', 'G/F', 'PF/C', 'F/C', 'UT', 'BE', 'IR']",190.0,True,DAL,OUT,True
10,3,Kat's Kittens,5,Poole Party,5037871,Dylan Harper,PG,PG,"['PG', 'SG', 'G', 'SG/SF', 'G/F', 'UT', 'BE', 'IR']",42.0,True,SAS,ACTIVE,False
10,3,Kat's Kittens,5,Poole Party,4431680,Onyeka Okongwu,C,PG,"['C', 'PF/C', 'F/C', 'UT', 'BE', 'IR']",103.0,True,ATL,ACTIVE,False
10,3,Kat's Kittens,5,Poole Party,2530530,T.J. McConnell,PG,PG,"['PG', 'G', 'G/F', 'UT', 'BE', 'IR']",27.0,True,IND,OUT,True
10,3,Kat's Kittens,5,Poole Party,4066262,Malik Monk,SG,PG,"['PG', 'SG', 'SF', 'G', 'F', 'SG/SF', 'G/F', 'F/C', 'UT', 'BE', 'IR']",32.0,True,SAC,OUT,True
10,3,Kat's Kittens,5,Poole Party,3064514,Julius Randle,PF,PG,"['PF', 'F', 'G/F', 'PF/C', 'F/C', 'UT', 'BE', 'IR']",138.0,True,MIN,ACTIVE,False
10,3,Kat's Kittens,5,Poole Party,3136195,Karl-Anthony Towns,C,PG,"['PF', 'C', 'F', 'G/F', 'PF/C', 'F/C', 'UT', 'BE', 'IR']",133.0,True,NYK,ACTIVE,False
10,3,Kat's Kittens,5,Poole Party,4432174,Cam Thomas,SG,PG,"['SG', 'SF', 'G', 'F', 'SG/SF', 'G/F', 'F/C', 'UT', 'BE', 'IR']",47.0,True,FA,ACTIVE,False
10,3,Kat's Kittens,5,Poole Party,3934673,Donte DiVincenzo,SG,PG,"['PG', 'SG', 'G', 'SG/SF', 'G/F', 'UT', 'BE', 'IR']",106.0,True,MIN,OUT,True
10,3,Kat's Kittens,5,Poole Party,3908845,John Collins,PF,PG,"['PF', 'C', 'F', 'G/F', 'PF/C', 'F/C', 'UT', 'BE', 'IR']",12.0,True,LAC,ACTIVE,False
10,3,Kat's Kittens,5,Poole Party,4433621,Jalen Duren,C,PG,"['C', 'PF/C', 'F/C', 'UT', 'BE', 'IR']",160.0,True,DET,ACTIVE,False
10,3,Kat's Kittens,5,Poole Party,6583,Anthony Davis,C,PG,"['PF', 'C', 'F', 'G/F', 'PF/C', 'F/C', 'UT', 'BE', 'IR']",137.0,True,WAS,OUT,True
10,3,Kat's Kittens,5,Poole Party,3062679,Josh Hart,SF,PG,"['SG', 'SF', 'G', 'F', 'SG/SF', 'G/F', 'F/C', 'UT', 'BE', 'IR']",63.0,True,NYK,ACTIVE,False
10,3,Kat's Kittens,5,Poole Party,4251,Paul George,SF,PG,"['SF', 'PF', 'F', 'SG/SF', 'G/F', 'PF/C', 'F/C', 'UT', 'BE', 'IR']",97.0,True,PHL,ACTIVE,False
10,3,Kat's Kittens,5,Poole Party,4431678,Tyrese Maxey,PG,PG,"['PG', 'SG', 'G', 'SG/SF', 'G/F', 'UT', 'BE', 'IR']",119.0,True,PHL,ACTIVE,False
10,3,Kat's Kittens,5,Poole Party,4845367,Stephon Castle,PG,PG,"['PG', 'SG', 'G', 'SG/SF', 'G/F', 'UT', 'BE', 'IR']",106.0,True,SAS,ACTIVE,False
10,5,Poole Party,3,Kat's Kittens,4395712,Andrew Nembhard,PG,PG,"['PG', 'SG', 'G', 'SG/SF', 'G/F', 'UT', 'BE', 'IR']",130.0,True,IND,OUT,True
10,5,Poole Party,3,Kat's Kittens,4277956,Jordan Poole,SG,PG,"['PG', 'SG', 'G', 'SG/SF', 'G/F', 'UT', 'BE', 'IR']",5.0,True,NOP,ACTIVE,False
10,5,Poole Party,3,Kat's Kittens,4433192,Tari Eason,SF,PG,"['SF', 'PF', 'F', 'SG/SF', 'G/F', 'PF/C', 'F/C', 'UT', 'BE', 'IR']",24.0,True,HOU,ACTIVE,False
10,5,Poole Party,3,Kat's Kittens,4683692,Cason Wallace,SG,PG,"['SG', 'G', 'SG/SF', 'G/F', 'UT', 'BE', 'IR']",44.0,True,OKC,ACTIVE,False
10,5,Poole Party,3,Kat's Kittens,3102530,Jusuf Nurkic,C,PG,"['C', 'PF/C', 'F/C', 'UT', 'BE', 'IR']",117.0,True,UTA,OUT,True
10,5,Poole Party,3,Kat's Kittens,5174563,Kyshawn George,SG,PG,"['SG', 'SF', 'G', 'F', 'SG/SF', 'G/F', 'F/C', 'UT', 'BE', 'IR']",43.0,True,WAS,OUT,True
10,5,Poole Party,3,Kat's Kittens,4066259,De'Aaron Fox,PG,PG,"['PG', 'G', 'G/F', 'UT', 'BE', 'IR']",73.0,True,SAS,ACTIVE,False
10,5,Poole Party,3,Kat's Kittens,4593803,Jalen Williams,PF,PG,"['SF', 'PF', 'C', 'F', 'SG/SF', 'G/F', 'PF/C', 'F/C', 'UT', 'BE', 'IR']",128.0,True,OKC,OUT,True
10,5,Poole Party,3,Kat's Kittens,5160992,Alex Sarr,C,PG,"['C', 'PF/C', 'F/C', 'UT', 'BE', 'IR']",139.0,True,WAS,OUT,True
10,5,Poole Party,3,Kat's Kittens,5104155,Bilal Coulibaly,SF,PG,"['SG', 'SF', 'G', 'F', 'SG/SF', 'G/F', 'F/C', 'UT', 'BE', 'IR']",86.0,True,WAS,OUT,True
10,5,Poole Party,3,Kat's Kittens,4711294,Matas Buzelis,SF,PG,"['SF', 'PF', 'F', 'SG/SF', 'G/F', 'PF/C', 'F/C', 'UT', 'BE', 'IR']",65.0,True,CHI,OUT,True
10,5,Poole Party,3,Kat's Kittens,3149673,Pascal Siakam,PF,PG,"['PF', 'F', 'G/F', 'PF/C', 'F/C', 'UT', 'BE', 'IR']",143.0,True,IND,OUT,True
10,5,Poole Party,3,Kat's Kittens,4594268,Anthony Edwards,SG,PG,"['SG', 'SF', 'G', 'F', 'SG/SF', 'G/F', 'F/C', 'UT', 'BE', 'IR']",163.0,True,MIN,ACTIVE,False
10,5,Poole Party,3,Kat's Kittens,4432158,Evan Mobley,PF,PG,"['PF', 'C', 'F', 'G/F', 'PF/C', 'F/C', 'UT', 'BE', 'IR']",9.0,True,CLE,ACTIVE,False
10,5,Poole Party,3,Kat's Kittens,6589,Draymond Green,PF,PG,"['PF', 'C', 'F', 'G/F', 'PF/C', 'F/C', 'UT', 'BE', 'IR']",16.0,True,GSW,ACTIVE,False
10,2,Phantom Troupe,10,Van Der Linde Gang,4395651,Coby White,PG,PG,"['PG', 'SG', 'G', 'SG/SF', 'G/F', 'UT', 'BE', 'IR']",75.0,True,CHA,ACTIVE,False
10,2,Phantom Troupe,10,Van Der Linde Gang,4684742,Ausar Thompson,SF,PG,"['SF', 'PF', 'F', 'SG/SF', 'G/F', 'PF/C', 'F/C', 'UT', 'BE', 'IR']",74.0,True,DET,ACTIVE,False
10,2,Phantom Troupe,10,Van Der Linde Gang,3934719,OG Anunoby,SF,PG,"['SF', 'PF', 'F', 'SG/SF', 'G/F', 'PF/C', 'F/C', 'UT', 'BE', 'IR']",63.0,True,NYK,ACTIVE,False
10,2,Phantom Troupe,10,Van Der Linde Gang,3913176,Brandon Ingram,SF,PG,"['SF', 'F', 'SG/SF', 'G/F', 'F/C', 'UT', 'BE', 'IR']",106.0,True,TOR,OUT,True
10,2,Phantom Troupe,10,Van Der Linde Gang,4432166,Cade Cunningham,PG,PG,"['PG', 'SG', 'G', 'SG/SF', 'G/F', 'UT', 'BE', 'IR']",220.0,True,DET,ACTIVE,False
10,2,Phantom Troupe,10,Van Der Linde Gang,5124612,VJ Edgecombe,SG,PG,"['SG', 'G', 'SG/SF', 'G/F', 'UT', 'BE', 'IR']",28.0,True,PHL,ACTIVE,False
10,2,Phantom Troupe,10,Van Der Linde Gang,3978,DeMar DeRozan,SF,PG,"['SF', 'PF', 'F', 'SG/SF', 'G/F', 'PF/C', 'F/C', 'UT', 'BE', 'IR']",125.0,True,SAC,OUT,True
10,2,Phantom Troupe,10,Van Der Linde Gang,4395630,Devin Vassell,SG,PG,"['SG', 'SF', 'G', 'F', 'SG/SF', 'G/F', 'F/C', 'UT', 'BE', 'IR']",55.0,True,SAS,ACTIVE,False
10,2,Phantom Troupe,10,Van Der Linde Gang,4066320,Desmond Bane,SG,PG,"['SG', 'SF', 'G', 'F', 'SG/SF', 'G/F', 'F/C', 'UT', 'BE', 'IR']",148.0,True,ORL,ACTIVE,False
10,2,Phantom Troupe,10,Van Der Linde Gang,4395628,Zion Williamson,PF,PG,"['PF', 'F', 'G/F', 'PF/C', 'F/C', 'UT', 'BE', 'IR']",145.0,True,NOP,OUT,True
10,2,Phantom Troupe,10,Van Der Linde Gang,4066372,Kevin Huerter,SG,PG,"['SG', 'SF', 'G', 'F', 'SG/SF', 'G/F', 'F/C', 'UT', 'BE', 'IR']",18.0,True,DET,ACTIVE,False
10,2,Phantom Troupe,10,Van Der Linde Gang,4432639,Jabari Smith Jr.,PF,PG,"['PF', 'C', 'F', 'G/F', 'PF/C', 'F/C', 'UT', 'BE', 'IR']",102.0,True,HOU,ACTIVE,False
10,2,Phantom Troupe,10,Van Der Linde Gang,3032979,Dennis Schroder,PG,PG,"['PG', 'G', 'G/F', 'UT', 'BE', 'IR']",64.0,True,CLE,OUT,True
10,10,Van Der Linde Gang,2,Phantom Troupe,3934672,Jalen Brunson,PG,PG,"['PG', 'G', 'G/F', 'UT', 'BE', 'IR']",90.0,True,NYK,ACTIVE,False
10,10,Van Der Linde Gang,2,Phantom Troupe,4433134,Scottie Barnes,SF,PG,"['SG', 'SF', 'PF', 'G', 'F', 'SG/SF', 'G/F', 'PF/C', 'F/C', 'UT', 'BE', 'IR']",149.0,True,TOR,ACTIVE,False
10,10,Van Der Linde Gang,2,Phantom Troupe,4711272,Reed Sheppard,SG,PG,"['PG', 'SG', 'G', 'SG/SF', 'G/F', 'UT', 'BE', 'IR']",99.0,True,HOU,ACTIVE,False
10,10,Van Der Linde Gang,2,Phantom Troupe,5104157,Victor Wembanyama,C,PG,"['C', 'PF/C', 'F/C', 'UT', 'BE', 'IR']",118.0,True,SAS,ACTIVE,False
10,10,Van Der Linde Gang,2,Phantom Troupe,4066383,Miles Bridges,SF,PG,"['SF', 'PF', 'F', 'SG/SF', 'G/F', 'PF/C', 'F/C', 'UT', 'BE', 'IR']",117.0,True,CHA,ACTIVE,False
10,10,Van Der Linde Gang,2,Phantom Troupe,4397424,Neemias Queta,C,PG,"['C', 'PF/C', 'F/C', 'UT', 'BE', 'IR']",73.0,True,BOS,ACTIVE,False
10,10,Van Der Linde Gang,2,Phantom Troupe,3133628,Myles Turner,C,PG,"['C', 'PF/C', 'F/C', 'UT', 'BE', 'IR']",28.0,True,MIL,OUT,True
10,10,Van Der Linde Gang,2,Phantom Troupe,4683634,Bennedict Mathurin,SF,PG,"['SG', 'SF', 'G', 'F', 'SG/SF', 'G/F', 'F/C', 'UT', 'BE', 'IR']",99.0,True,LAC,ACTIVE,False
10,10,Van Der Linde Gang,2,Phantom Troupe,4433627,Keyonte George,PG,PG,"['PG', 'SG', 'G', 'SG/SF', 'G/F', 'UT', 'BE', 'IR']",194.0,True,UTA,OUT,True
10,10,Van Der Linde Gang,2,Phantom Troupe,4903027,Cedric Coward,SF,PG,"['SG', 'SF', 'G', 'F', 'SG/SF', 'G/F', 'F/C', 'UT', 'BE', 'IR']",18.0,True,MEM,OUT,True
10,10,Van Der Linde Gang,2,Phantom Troupe,5105623,Kel'el Ware,C,PG,"['C', 'PF/C', 'F/C', 'UT', 'BE', 'IR']",98.0,True,MIA,ACTIVE,False
10,10,Van Der Linde Gang,2,Phantom Troupe,4065732,De'Andre Hunter,SF,PG,"['SF', 'PF', 'F', 'SG/SF', 'G/F', 'PF/C', 'F/C', 'UT', 'BE', 'IR']",86.0,True,SAC,OUT,True
10,10,Van Der Linde Gang,2,Phantom Troupe,2595516,Norman Powell,SG,PG,"['SG', 'SF', 'G', 'F', 'SG/SF', 'G/F', 'F/C', 'UT', 'BE', 'IR']",117.0,True,MIA,ACTIVE,False
10,1,YSK FC,7,Goat's,4871144,Alperen Sengun,C,PG,"['C', 'PF/C', 'F/C', 'UT', 'BE', 'IR']",81.0,True,HOU,ACTIVE,False
10,1,YSK FC,7,Goat's,4278594,Naji Marshall,SF,PG,"['SF', 'PF', 'F', 'SG/SF', 'G/F', 'PF/C', 'F/C', 'UT', 'BE', 'IR']",13.0,True,DAL,OUT,True
10,1,YSK FC,7,Goat's,4683747,Jaylon Tyson,SG,PG,"['SG', 'SF', 'G', 'F', 'SG/SF', 'G/F', 'F/C', 'UT', 'BE', 'IR']",75.0,True,CLE,ACTIVE,False
10,1,YSK FC,7,Goat's,4277961,Jaren Jackson Jr.,C,PG,"['PF', 'C', 'F', 'G/F', 'PF/C', 'F/C', 'UT', 'BE', 'IR']",173.0,True,UTA,OUT,True
10,1,YSK FC,7,Goat's,4066354,Payton Pritchard,PG,PG,"['PG', 'G', 'G/F', 'UT', 'BE', 'IR']",100.0,True,BOS,ACTIVE,False
10,1,YSK FC,7,Goat's,3468,Russell Westbrook,PG,PG,"['PG', 'G', 'G/F', 'UT', 'BE', 'IR']",105.0,True,SAC,OUT,True
10,1,YSK FC,7,Goat's,4278067,Nic Claxton,C,PG,"['C', 'PF/C', 'F/C', 'UT', 'BE', 'IR']",65.0,True,BKN,OUT,True
10,1,YSK FC,7,Goat's,4432848,Jaime Jaquez Jr.,SF,PG,"['SG', 'SF', 'G', 'F', 'SG/SF', 'G/F', 'F/C', 'UT', 'BE', 'IR']",81.0,True,MIA,ACTIVE,False
10,1,YSK FC,7,Goat's,5144091,Jeremiah Fears,SG,PG,"['PG', 'SG', 'G', 'SG/SF', 'G/F', 'UT', 'BE', 'IR']",21.0,True,NOP,ACTIVE,False
10,1,YSK FC,7,Goat's,2583632,Royce O'Neale,SF,PG,"['SF', 'F', 'SG/SF', 'G/F', 'F/C', 'UT', 'BE', 'IR']",10.0,True,PHO,ACTIVE,False
10,1,YSK FC,7,Goat's,4278073,Shai Gilgeous-Alexander,PG,PG,"['PG', 'G', 'G/F', 'UT', 'BE', 'IR']",211.0,True,OKC,ACTIVE,False
10,1,YSK FC,7,Goat's,3059319,Andrew Wiggins,SF,PG,"['SF', 'PF', 'F', 'SG/SF', 'G/F', 'PF/C', 'F/C', 'UT', 'BE', 'IR']",123.0,True,MIA,ACTIVE,False
10,1,YSK FC,7,Goat's,4397688,Trey Murphy III,SF,PG,"['SG', 'SF', 'G', 'F', 'SG/SF', 'G/F', 'F/C', 'UT', 'BE', 'IR']",146.0,True,NOP,OUT,True
10,1,YSK FC,7,Goat's,3078576,Derrick White,SG,PG,"['PG', 'SG', 'G', 'SG/SF', 'G/F', 'UT', 'BE', 'IR']",118.0,True,BOS,ACTIVE,False
10,1,YSK FC,7,Goat's,4432573,Paolo Banchero,PF,PG,"['SF', 'PF', 'F', 'SG/SF', 'G/F', 'PF/C', 'F/C', 'UT', 'BE', 'IR']",100.0,True,ORL,ACTIVE,False
10,1,YSK FC,7,Goat's,4278078,P.J. Washington,PF,PG,"['SF', 'PF', 'F', 'SG/SF', 'G/F', 'PF/C', 'F/C', 'UT', 'BE', 'IR']",98.0,True,DAL,OUT,True
10,7,Goat's,1,YSK FC,6450,Kawhi Leonard,SF,PG,"['SF', 'PF', 'F', 'SG/SF', 'G/F', 'PF/C', 'F/C', 'UT', 'BE', 'IR']",228.0,True,LAC,ACTIVE,False
10,7,Goat's,1,YSK FC,3202,Kevin Durant,PF,PG,"['SF', 'PF', 'F', 'SG/SF', 'G/F', 'PF/C', 'F/C', 'UT', 'BE', 'IR']",138.0,True,HOU,OUT,True
10,7,Goat's,1,YSK FC,3134907,Kyle Kuzma,PF,PG,"['SF', 'PF', 'F', 'SG/SF', 'G/F', 'PF/C', 'F/C', 'UT', 'BE', 'IR']",74.0,True,MIL,OUT,True
10,7,Goat's,1,YSK FC,4277847,Wendell Carter Jr.,C,PG,"['C', 'PF/C', 'F/C', 'UT', 'BE', 'IR']",110.0,True,ORL,ACTIVE,False
10,7,Goat's,1,YSK FC,3936299,Jamal Murray,PG,PG,"['PG', 'G', 'G/F', 'UT', 'BE', 'IR']",203.0,True,DEN,ACTIVE,False
10,7,Goat's,1,YSK FC,4278585,Collin Gillespie,PG,PG,"['PG', 'G', 'G/F', 'UT', 'BE', 'IR']",134.0,True,PHO,ACTIVE,False
10,7,Goat's,1,YSK FC,6585,Andre Drummond,C,PG,"['C', 'PF/C', 'F/C', 'UT', 'BE', 'IR']",4.0,True,PHL,ACTIVE,False
10,7,Goat's,1,YSK FC,4278104,Michael Porter Jr.,SF,PG,"['SF', 'PF', 'F', 'SG/SF', 'G/F', 'PF/C', 'F/C', 'UT', 'BE', 'IR']",83.0,True,BKN,OUT,True
10,7,Goat's,1,YSK FC,4914336,Shaedon Sharpe,SG,PG,"['SG', 'SF', 'G', 'F', 'SG/SF', 'G/F', 'F/C', 'UT', 'BE', 'IR']",124.0,True,POR,ACTIVE,False
10,7,Goat's,1,YSK FC,4066261,Bam Adebayo,C,PG,"['PF', 'C', 'F', 'G/F', 'PF/C', 'F/C', 'UT', 'BE', 'IR']",28.0,True,MIA,OUT,True
10,7,Goat's,1,YSK FC,6430,Jimmy Butler III,SF,PG,"['SG', 'SF', 'PF', 'G', 'F', 'SG/SF', 'G/F', 'PF/C', 'F/C', 'UT', 'BE', 'IR']",76.0,True,GSW,OUT,True
10,7,Goat's,1,YSK FC,4395724,Immanuel Quickley,PG,PG,"['PG', 'SG', 'G', 'SG/SF', 'G/F', 'UT', 'BE', 'IR']",132.0,True,TOR,OUT,True
10,6,Jeremy Lin fan club,9,ybgcorp,4593125,Santi Aldama,PF,PG,"['SF', 'PF', 'C', 'F', 'SG/SF', 'G/F', 'PF/C', 'F/C', 'UT', 'BE', 'IR']",139.0,True,MEM,OUT,True
10,6,Jeremy Lin fan club,9,ybgcorp,4433255,Chet Holmgren,C,PG,"['PF', 'C', 'F', 'G/F', 'PF/C', 'F/C', 'UT', 'BE', 'IR']",92.0,True,OKC,ACTIVE,False
10,6,Jeremy Lin fan club,9,ybgcorp,6440,Tobias Harris,PF,PG,"['SF', 'PF', 'F', 'SG/SF', 'G/F', 'PF/C', 'F/C', 'UT', 'BE', 'IR']",50.0,True,DET,ACTIVE,False
10,6,Jeremy Lin fan club,9,ybgcorp,4396971,Naz Reid,C,PG,"['PF', 'C', 'F', 'G/F', 'PF/C', 'F/C', 'UT', 'BE', 'IR']",64.0,True,MIN,ACTIVE,False
10,6,Jeremy Lin fan club,9,ybgcorp,5061575,Kon Knueppel,SG,PG,"['SG', 'G', 'SG/SF', 'G/F', 'UT', 'BE', 'IR']",75.0,True,CHA,ACTIVE,False
10,6,Jeremy Lin fan club,9,ybgcorp,6478,Nikola Vucevic,C,PG,"['C', 'PF/C', 'F/C', 'UT', 'BE', 'IR']",97.0,True,BOS,ACTIVE,False
10,6,Jeremy Lin fan club,9,ybgcorp,3136193,Devin Booker,PG,PG,"['PG', 'SG', 'G', 'SG/SF', 'G/F', 'UT', 'BE', 'IR']",109.0,True,PHO,ACTIVE,False
10,6,Jeremy Lin fan club,9,ybgcorp,4683766,Isaiah Collier,PG,PG,"['PG', 'G', 'G/F', 'UT', 'BE', 'IR']",31.0,True,UTA,OUT,True
10,6,Jeremy Lin fan club,9,ybgcorp,4432816,LaMelo Ball,PG,PG,"['PG', 'G', 'G/F', 'UT', 'BE', 'IR']",124.0,True,CHA,ACTIVE,False
10,6,Jeremy Lin fan club,9,ybgcorp,4431671,Jaden McDaniels,SF,PG,"['SF', 'F', 'SG/SF', 'G/F', 'F/C', 'UT', 'BE', 'IR']",72.0,True,MIN,ACTIVE,False
10,6,Jeremy Lin fan club,9,ybgcorp,4900671,Ajay Mitchell,PG,PG,"['PG', 'G', 'G/F', 'UT', 'BE', 'IR']",62.0,True,OKC,OUT,True
10,6,Jeremy Lin fan club,9,ybgcorp,4278580,Sandro Mamukelashvili,PF,PG,"['PF', 'F', 'G/F', 'PF/C', 'F/C', 'UT', 'BE', 'IR']",42.0,True,TOR,ACTIVE,False
10,6,Jeremy Lin fan club,9,ybgcorp,4845374,Bub Carrington,PG,PG,"['PG', 'SG', 'G', 'SG/SF', 'G/F', 'UT', 'BE', 'IR']",16.0,True,WAS,ACTIVE,False
10,6,Jeremy Lin fan club,9,ybgcorp,4701232,Mark Williams,C,PG,"['C', 'PF/C', 'F/C', 'UT', 'BE', 'IR']",112.0,True,PHO,OUT,True
10,6,Jeremy Lin fan club,9,ybgcorp,3147657,Mikal Bridges,SF,PG,"['SG', 'SF', 'G', 'F', 'SG/SF', 'G/F', 'F/C', 'UT', 'BE', 'IR']",83.0,True,NYK,ACTIVE,False
10,9,ybgcorp,6,Jeremy Lin fan club,4278594,Naji Marshall,SF,PG,"['SF', 'PF', 'F', 'SG/SF', 'G/F', 'PF/C', 'F/C', 'UT', 'BE', 'IR']",77.0,True,DAL,OUT,True
10,9,ybgcorp,6,Jeremy Lin fan club,4433287,Brandon Miller,SF,PG,"['SG', 'SF', 'G', 'F', 'SG/SF', 'G/F', 'F/C', 'UT', 'BE', 'IR']",89.0,True,CHA,OUT,True
10,9,ybgcorp,6,Jeremy Lin fan club,4066328,Jarrett Allen,C,PG,"['C', 'PF/C', 'F/C', 'UT', 'BE', 'IR']",104.0,True,CLE,ACTIVE,False
10,9,ybgcorp,6,Jeremy Lin fan club,4066457,Austin Reaves,SG,PG,"['PG', 'SG', 'SF', 'G', 'F', 'SG/SF', 'G/F', 'F/C', 'UT', 'BE', 'IR']",37.0,True,LAL,ACTIVE,False
10,9,ybgcorp,6,Jeremy Lin fan club,4395626,Tre Jones,PG,PG,"['PG', 'G', 'G/F', 'UT', 'BE', 'IR']",63.0,True,CHI,ACTIVE,False
10,9,ybgcorp,6,Jeremy Lin fan club,4701230,Jalen Johnson,PF,PG,"['PF', 'F', 'G/F', 'PF/C', 'F/C', 'UT', 'BE', 'IR']",160.0,True,ATL,ACTIVE,False
10,9,ybgcorp,6,Jeremy Lin fan club,4591725,Ryan Rollins,SG,PG,"['PG', 'SG', 'G', 'SG/SF', 'G/F', 'UT', 'BE', 'IR']",135.0,True,MIL,OUT,True
10,9,ybgcorp,6,Jeremy Lin fan club,4222252,Isaiah Hartenstein,C,PG,"['C', 'PF/C', 'F/C', 'UT', 'BE', 'IR']",35.0,True,OKC,ACTIVE,False
10,9,ybgcorp,6,Jeremy Lin fan club,1966,LeBron James,SF,PG,"['SF', 'PF', 'F', 'SG/SF', 'G/F', 'PF/C', 'F/C', 'UT', 'BE', 'IR']",123.0,True,LAL,ACTIVE,False
10,9,ybgcorp,6,Jeremy Lin fan club,4277905,Trae Young,PG,PG,"['PG', 'G', 'G/F', 'UT', 'BE', 'IR']",121.0,True,WAS,OUT,True
10,9,ybgcorp,6,Jeremy Lin fan club,4869342,Dyson Daniels,SG,PG,"['PG', 'SG', 'G', 'SG/SF', 'G/F', 'UT', 'BE', 'IR']",66.0,True,ATL,ACTIVE,False
10,9,ybgcorp,6,Jeremy Lin fan club,4278039,Nickeil Alexander-Walker,SG,PG,"['SG', 'G', 'SG/SF', 'G/F', 'UT', 'BE', 'IR']",63.0,True,ATL,ACTIVE,False
10,9,ybgcorp,6,Jeremy Lin fan club,4712849,Anthony Black,PG,PG,"['PG', 'SG', 'G', 'SG/SF', 'G/F', 'UT', 'BE', 'IR']",190.0,True,ORL,ACTIVE,False
10,9,ybgcorp,6,Jeremy Lin fan club,4433083,Cam Spencer,SG,PG,"['PG', 'SG', 'G', 'SG/SF', 'G/F', 'UT', 'BE', 'IR']",57.0,True,MEM,OUT,True
11,3,Kat's Kittens,8,Hawk Tuah Demure,5037871,Dylan Harper,PG,PG,"['PG', 'SG', 'G', 'SG/SF', 'G/F', 'UT', 'BE', 'IR']",74.0,True,SAS,ACTIVE,False
11,3,Kat's Kittens,8,Hawk Tuah Demure,4431680,Onyeka Okongwu,C,PG,"['C', 'PF/C', 'F/C', 'UT', 'BE', 'IR']",155.0,True,ATL,ACTIVE,False
11,3,Kat's Kittens,8,Hawk Tuah Demure,4395625,RJ Barrett,SF,PG,"['SG', 'SF', 'PF', 'G', 'F', 'SG/SF', 'G/F', 'PF/C', 'F/C', 'UT', 'BE', 'IR']",39.0,True,TOR,ACTIVE,False
11,3,Kat's Kittens,8,Hawk Tuah Demure,3064482,Bobby Portis,PF,PG,"['PF', 'F', 'G/F', 'PF/C', 'F/C', 'UT', 'BE', 'IR']",50.0,True,MIL,OUT,True
11,3,Kat's Kittens,8,Hawk Tuah Demure,3064514,Julius Randle,PF,PG,"['PF', 'F', 'G/F', 'PF/C', 'F/C', 'UT', 'BE', 'IR']",167.0,True,MIN,ACTIVE,False
11,3,Kat's Kittens,8,Hawk Tuah Demure,3136195,Karl-Anthony Towns,C,PG,"['PF', 'C', 'F', 'G/F', 'PF/C', 'F/C', 'UT', 'BE', 'IR']",116.0,True,NYK,ACTIVE,False
11,3,Kat's Kittens,8,Hawk Tuah Demure,4432174,Cam Thomas,SG,PG,"['SG', 'SF', 'G', 'F', 'SG/SF', 'G/F', 'F/C', 'UT', 'BE', 'IR']",32.0,True,FA,ACTIVE,False
11,3,Kat's Kittens,8,Hawk Tuah Demure,3934673,Donte DiVincenzo,SG,PG,"['PG', 'SG', 'G', 'SG/SF', 'G/F', 'UT', 'BE', 'IR']",101.0,True,MIN,OUT,True
11,3,Kat's Kittens,8,Hawk Tuah Demure,4433621,Jalen Duren,C,PG,"['C', 'PF/C', 'F/C', 'UT', 'BE', 'IR']",57.0,True,DET,ACTIVE,False
11,3,Kat's Kittens,8,Hawk Tuah Demure,6583,Anthony Davis,C,PG,"['PF', 'C', 'F', 'G/F', 'PF/C', 'F/C', 'UT', 'BE', 'IR']",77.0,True,WAS,OUT,True
11,3,Kat's Kittens,8,Hawk Tuah Demure,4277848,Marvin Bagley III,PF,PG,"['PF', 'C', 'F', 'G/F', 'PF/C', 'F/C', 'UT', 'BE', 'IR']",6.0,True,DAL,OUT,True
11,3,Kat's Kittens,8,Hawk Tuah Demure,4251,Paul George,SF,PG,"['SF', 'PF', 'F', 'SG/SF', 'G/F', 'PF/C', 'F/C', 'UT', 'BE', 'IR']",78.0,True,PHL,ACTIVE,False
11,3,Kat's Kittens,8,Hawk Tuah Demure,4431678,Tyrese Maxey,PG,PG,"['PG', 'SG', 'G', 'SG/SF', 'G/F', 'UT', 'BE', 'IR']",224.0,True,PHL,ACTIVE,False
11,3,Kat's Kittens,8,Hawk Tuah Demure,6589,Draymond Green,PF,PG,"['PF', 'C', 'F', 'G/F', 'PF/C', 'F/C', 'UT', 'BE', 'IR']",64.0,True,GSW,ACTIVE,False
11,3,Kat's Kittens,8,Hawk Tuah Demure,4845367,Stephon Castle,PG,PG,"['PG', 'SG', 'G', 'SG/SF', 'G/F', 'UT', 'BE', 'IR']",107.0,True,SAS,ACTIVE,False
11,8,Hawk Tuah Demure,3,Kat's Kittens,3112335,Nikola Jokic,C,PG,"['C', 'PF/C', 'F/C', 'UT', 'BE', 'IR']",42.0,True,DEN,ACTIVE,False
11,8,Hawk Tuah Demure,3,Kat's Kittens,4684740,Amen Thompson,SF,PG,"['SG', 'SF', 'PF', 'G', 'F', 'SG/SF', 'G/F', 'PF/C', 'F/C', 'UT', 'BE', 'IR']",146.0,True,HOU,ACTIVE,False
11,8,Hawk Tuah Demure,3,Kat's Kittens,4871145,Josh Giddey,SG,PG,"['PG', 'SG', 'SF', 'G', 'F', 'SG/SF', 'G/F', 'F/C', 'UT', 'BE', 'IR']",16.0,True,CHI,OUT,True
11,8,Hawk Tuah Demure,3,Kat's Kittens,4396907,Darius Garland,PG,PG,"['PG', 'G', 'G/F', 'UT', 'BE', 'IR']",128.0,True,LAC,ACTIVE,False
11,8,Hawk Tuah Demure,3,Kat's Kittens,4397002,Ayo Dosunmu,SG,PG,"['SG', 'G', 'SG/SF', 'G/F', 'UT', 'BE', 'IR']",32.0,True,MIN,ACTIVE,False
11,8,Hawk Tuah Demure,3,Kat's Kittens,4898371,Maxime Raynaud,C,PG,"['C', 'PF/C', 'F/C', 'UT', 'BE', 'IR', 'Rookie']",14.0,True,SAC,ACTIVE,False
11,8,Hawk Tuah Demure,3,Kat's Kittens,4683021,Deni Avdija,SF,PG,"['SG', 'SF', 'PF', 'G', 'F', 'SG/SF', 'G/F', 'PF/C', 'F/C', 'UT', 'BE', 'IR']",206.0,True,POR,ACTIVE,False
11,8,Hawk Tuah Demure,3,Kat's Kittens,4278129,Deandre Ayton,C,PG,"['C', 'PF/C', 'F/C', 'UT', 'BE', 'IR']",68.0,True,LAL,ACTIVE,False
11,8,Hawk Tuah Demure,3,Kat's Kittens,4594327,Keegan Murray,PF,PG,"['SF', 'PF', 'F', 'SG/SF', 'G/F', 'PF/C', 'F/C', 'UT', 'BE', 'IR']",94.0,True,SAC,OUT,True
11,8,Hawk Tuah Demure,3,Kat's Kittens,4279888,Ja Morant,PG,PG,"['PG', 'G', 'G/F', 'UT', 'BE', 'IR']",94.0,True,MEM,OUT,True
11,8,Hawk Tuah Demure,3,Kat's Kittens,4576087,Peyton Watson,SF,PG,"['SF', 'PF', 'F', 'SG/SF', 'G/F', 'PF/C', 'F/C', 'UT', 'BE', 'IR']",35.0,True,DEN,OUT,True
11,8,Hawk Tuah Demure,3,Kat's Kittens,3908809,Donovan Mitchell,SG,PG,"['PG', 'SG', 'G', 'SG/SF', 'G/F', 'UT', 'BE', 'IR']",196.0,True,CLE,ACTIVE,False
11,8,Hawk Tuah Demure,3,Kat's Kittens,4397140,Kevin Porter Jr.,SG,PG,"['PG', 'SG', 'G', 'SG/SF', 'G/F', 'UT', 'BE', 'IR']",172.0,True,MIL,OUT,True
11,8,Hawk Tuah Demure,3,Kat's Kittens,3059318,Joel Embiid,C,PG,"['C', 'PF/C', 'F/C', 'UT', 'BE', 'IR']",134.0,True,PHL,ACTIVE,False
11,8,Hawk Tuah Demure,3,Kat's Kittens,4066336,Lauri Markkanen,PF,PG,"['SF', 'PF', 'F', 'SG/SF', 'G/F', 'PF/C', 'F/C', 'UT', 'BE', 'IR']",90.0,True,UTA,OUT,True
11,8,Hawk Tuah Demure,3,Kat's Kittens,4869780,Derik Queen,C,PG,"['C', 'PF/C', 'F/C', 'UT', 'BE', 'IR', 'Rookie']",97.0,True,NOP,ACTIVE,False
11,4,SKAVALASSKKYYYY,2,Phantom Troupe,2490149,CJ McCollum,SG,PG,"['PG', 'SG', 'G', 'SG/SF', 'G/F', 'UT', 'BE', 'IR']",125.0,True,ATL,ACTIVE,False
11,4,SKAVALASSKKYYYY,2,Phantom Troupe,4278053,Davion Mitchell,PG,PG,"['PG', 'G', 'G/F', 'UT', 'BE', 'IR']",116.0,True,MIA,ACTIVE,False
11,4,SKAVALASSKKYYYY,2,Phantom Troupe,3945274,Luka Doncic,PG,PG,"['PG', 'G', 'G/F', 'UT', 'BE', 'IR']",146.0,True,LAL,OUT,True
11,4,SKAVALASSKKYYYY,2,Phantom Troupe,3975,Stephen Curry,PG,PG,"['PG', 'G', 'G/F', 'UT', 'BE', 'IR']",128.0,True,GSW,ACTIVE,False
11,4,SKAVALASSKKYYYY,2,Phantom Troupe,4395723,Keldon Johnson,SF,PG,"['SF', 'PF', 'F', 'SG/SF', 'G/F', 'PF/C', 'F/C', 'UT', 'BE', 'IR']",76.0,True,SAS,ACTIVE,False
11,4,SKAVALASSKKYYYY,2,Phantom Troupe,3064290,Aaron Gordon,PF,PG,"['PF', 'F', 'G/F', 'PF/C', 'F/C', 'UT', 'BE', 'IR']",23.0,True,DEN,OUT,True
11,4,SKAVALASSKKYYYY,2,Phantom Troupe,3102531,Kristaps Porzingis,C,PG,"['PF', 'C', 'F', 'G/F', 'PF/C', 'F/C', 'UT', 'BE', 'IR']",14.0,True,GSW,ACTIVE,False
11,4,SKAVALASSKKYYYY,2,Phantom Troupe,5105565,Donovan Clingan,C,PG,"['C', 'PF/C', 'F/C', 'UT', 'BE', 'IR']",128.0,True,POR,ACTIVE,False
11,4,SKAVALASSKKYYYY,2,Phantom Troupe,4397136,Saddiq Bey,SF,PG,"['SF', 'PF', 'F', 'SG/SF', 'G/F', 'PF/C', 'F/C', 'UT', 'BE', 'IR']",24.0,True,NOP,ACTIVE,False
11,4,SKAVALASSKKYYYY,2,Phantom Troupe,3155526,Dillon Brooks,SF,PG,"['SG', 'SF', 'G', 'F', 'SG/SF', 'G/F', 'F/C', 'UT', 'BE', 'IR']",91.0,True,PHO,ACTIVE,False
11,4,SKAVALASSKKYYYY,2,Phantom Troupe,3992,James Harden,PG,PG,"['PG', 'SG', 'G', 'SG/SF', 'G/F', 'UT', 'BE', 'IR']",110.0,True,CLE,ACTIVE,False
11,4,SKAVALASSKKYYYY,2,Phantom Troupe,3917376,Jaylen Brown,SF,PG,"['SG', 'SF', 'G', 'F', 'SG/SF', 'G/F', 'F/C', 'UT', 'BE', 'IR']",158.0,True,BOS,ACTIVE,False
11,4,SKAVALASSKKYYYY,2,Phantom Troupe,4431736,Toumani Camara,PF,PG,"['SF', 'PF', 'F', 'SG/SF', 'G/F', 'PF/C', 'F/C', 'UT', 'BE', 'IR']",27.0,True,POR,ACTIVE,False
11,4,SKAVALASSKKYYYY,2,Phantom Troupe,3032976,Rudy Gobert,C,PG,"['C', 'PF/C', 'F/C', 'UT', 'BE', 'IR']",148.0,True,MIN,ACTIVE,False
11,4,SKAVALASSKKYYYY,2,Phantom Troupe,5041939,Cooper Flagg,SF,PG,"['PG', 'SF', 'PF', 'G', 'F', 'SG/SF', 'G/F', 'PF/C', 'F/C', 'UT', 'BE', 'IR']",95.0,True,DAL,OUT,True
11,2,Phantom Troupe,4,SKAVALASSKKYYYY,4395651,Coby White,PG,PG,"['PG', 'SG', 'G', 'SG/SF', 'G/F', 'UT', 'BE', 'IR']",4.0,True,CHA,ACTIVE,False
11,2,Phantom Troupe,4,SKAVALASSKKYYYY,4684742,Ausar Thompson,SF,PG,"['SF', 'PF', 'F', 'SG/SF', 'G/F', 'PF/C', 'F/C', 'UT', 'BE', 'IR']",68.0,True,DET,ACTIVE,False
11,2,Phantom Troupe,4,SKAVALASSKKYYYY,3913176,Brandon Ingram,SF,PG,"['SF', 'F', 'SG/SF', 'G/F', 'F/C', 'UT', 'BE', 'IR']",130.0,True,TOR,OUT,True
11,2,Phantom Troupe,4,SKAVALASSKKYYYY,3934719,OG Anunoby,SF,PG,"['SF', 'PF', 'F', 'SG/SF', 'G/F', 'PF/C', 'F/C', 'UT', 'BE', 'IR']",134.0,True,NYK,ACTIVE,False
11,2,Phantom Troupe,4,SKAVALASSKKYYYY,4683747,Jaylon Tyson,SG,PG,"['SG', 'SF', 'G', 'F', 'SG/SF', 'G/F', 'F/C', 'UT', 'BE', 'IR']",88.0,True,CLE,ACTIVE,False
11,2,Phantom Troupe,4,SKAVALASSKKYYYY,4432166,Cade Cunningham,PG,PG,"['PG', 'SG', 'G', 'SG/SF', 'G/F', 'UT', 'BE', 'IR']",169.0,True,DET,ACTIVE,False
11,2,Phantom Troupe,4,SKAVALASSKKYYYY,5124612,VJ Edgecombe,SG,PG,"['SG', 'G', 'SG/SF', 'G/F', 'UT', 'BE', 'IR']",175.0,True,PHL,ACTIVE,False
11,2,Phantom Troupe,4,SKAVALASSKKYYYY,3978,DeMar DeRozan,SF,PG,"['SF', 'PF', 'F', 'SG/SF', 'G/F', 'PF/C', 'F/C', 'UT', 'BE', 'IR']",105.0,True,SAC,OUT,True
11,2,Phantom Troupe,4,SKAVALASSKKYYYY,4395630,Devin Vassell,SG,PG,"['SG', 'SF', 'G', 'F', 'SG/SF', 'G/F', 'F/C', 'UT', 'BE', 'IR']",6.0,True,SAS,ACTIVE,False
11,2,Phantom Troupe,4,SKAVALASSKKYYYY,4066320,Desmond Bane,SG,PG,"['SG', 'SF', 'G', 'F', 'SG/SF', 'G/F', 'F/C', 'UT', 'BE', 'IR']",160.0,True,ORL,ACTIVE,False
11,2,Phantom Troupe,4,SKAVALASSKKYYYY,4395628,Zion Williamson,PF,PG,"['PF', 'F', 'G/F', 'PF/C', 'F/C', 'UT', 'BE', 'IR']",185.0,True,NOP,OUT,True
11,2,Phantom Troupe,4,SKAVALASSKKYYYY,4017837,Ivica Zubac,C,PG,"['C', 'PF/C', 'F/C', 'UT', 'BE', 'IR']",15.0,True,IND,OUT,True
11,2,Phantom Troupe,4,SKAVALASSKKYYYY,4432639,Jabari Smith Jr.,PF,PG,"['PF', 'C', 'F', 'G/F', 'PF/C', 'F/C', 'UT', 'BE', 'IR']",86.0,True,HOU,ACTIVE,False
11,2,Phantom Troupe,4,SKAVALASSKKYYYY,3032979,Dennis Schroder,PG,PG,"['PG', 'G', 'G/F', 'UT', 'BE', 'IR']",94.0,True,CLE,OUT,True
11,5,Poole Party,1,YSK FC,4395712,Andrew Nembhard,PG,PG,"['PG', 'SG', 'G', 'SG/SF', 'G/F', 'UT', 'BE', 'IR']",145.0,True,IND,OUT,True
11,5,Poole Party,1,YSK FC,4277956,Jordan Poole,SG,PG,"['PG', 'SG', 'G', 'SG/SF', 'G/F', 'UT', 'BE', 'IR']",126.0,True,NOP,ACTIVE,False
11,5,Poole Party,1,YSK FC,4683692,Cason Wallace,SG,PG,"['SG', 'G', 'SG/SF', 'G/F', 'UT', 'BE', 'IR']",30.0,True,OKC,ACTIVE,False
11,5,Poole Party,1,YSK FC,4433192,Tari Eason,SF,PG,"['SF', 'PF', 'F', 'SG/SF', 'G/F', 'PF/C', 'F/C', 'UT', 'BE', 'IR']",103.0,True,HOU,ACTIVE,False
11,5,Poole Party,1,YSK FC,4066259,De'Aaron Fox,PG,PG,"['PG', 'G', 'G/F', 'UT', 'BE', 'IR']",85.0,True,SAS,ACTIVE,False
11,5,Poole Party,1,YSK FC,3102530,Jusuf Nurkic,C,PG,"['C', 'PF/C', 'F/C', 'UT', 'BE', 'IR']",54.0,True,UTA,OUT,True
11,5,Poole Party,1,YSK FC,4593803,Jalen Williams,PF,PG,"['SF', 'PF', 'C', 'F', 'SG/SF', 'G/F', 'PF/C', 'F/C', 'UT', 'BE', 'IR']",142.0,True,OKC,OUT,True
11,5,Poole Party,1,YSK FC,5160992,Alex Sarr,C,PG,"['C', 'PF/C', 'F/C', 'UT', 'BE', 'IR']",126.0,True,WAS,OUT,True
11,5,Poole Party,1,YSK FC,5104155,Bilal Coulibaly,SF,PG,"['SG', 'SF', 'G', 'F', 'SG/SF', 'G/F', 'F/C', 'UT', 'BE', 'IR']",104.0,True,WAS,OUT,True
11,5,Poole Party,1,YSK FC,4711294,Matas Buzelis,SF,PG,"['SF', 'PF', 'F', 'SG/SF', 'G/F', 'PF/C', 'F/C', 'UT', 'BE', 'IR']",123.0,True,CHI,OUT,True
11,5,Poole Party,1,YSK FC,3149673,Pascal Siakam,PF,PG,"['PF', 'F', 'G/F', 'PF/C', 'F/C', 'UT', 'BE', 'IR']",174.0,True,IND,OUT,True
11,5,Poole Party,1,YSK FC,4594268,Anthony Edwards,SG,PG,"['SG', 'SF', 'G', 'F', 'SG/SF', 'G/F', 'F/C', 'UT', 'BE', 'IR']",209.0,True,MIN,ACTIVE,False
11,5,Poole Party,1,YSK FC,4432158,Evan Mobley,PF,PG,"['PF', 'C', 'F', 'G/F', 'PF/C', 'F/C', 'UT', 'BE', 'IR']",181.0,True,CLE,ACTIVE,False
11,1,YSK FC,5,Poole Party,4871144,Alperen Sengun,C,PG,"['C', 'PF/C', 'F/C', 'UT', 'BE', 'IR']",51.0,True,HOU,ACTIVE,False
11,1,YSK FC,5,Poole Party,4278594,Naji Marshall,SF,PG,"['SF', 'PF', 'F', 'SG/SF', 'G/F', 'PF/C', 'F/C', 'UT', 'BE', 'IR']",61.0,True,DAL,OUT,True
11,1,YSK FC,5,Poole Party,4277961,Jaren Jackson Jr.,C,PG,"['PF', 'C', 'F', 'G/F', 'PF/C', 'F/C', 'UT', 'BE', 'IR']",88.0,True,UTA,OUT,True
11,1,YSK FC,5,Poole Party,3468,Russell Westbrook,PG,PG,"['PG', 'G', 'G/F', 'UT', 'BE', 'IR']",115.0,True,SAC,OUT,True
11,1,YSK FC,5,Poole Party,4066354,Payton Pritchard,PG,PG,"['PG', 'G', 'G/F', 'UT', 'BE', 'IR']",114.0,True,BOS,ACTIVE,False
11,1,YSK FC,5,Poole Party,4278067,Nic Claxton,C,PG,"['C', 'PF/C', 'F/C', 'UT', 'BE', 'IR']",78.0,True,BKN,OUT,True
11,1,YSK FC,5,Poole Party,4432848,Jaime Jaquez Jr.,SF,PG,"['SG', 'SF', 'G', 'F', 'SG/SF', 'G/F', 'F/C', 'UT', 'BE', 'IR']",102.0,True,MIA,ACTIVE,False
11,1,YSK FC,5,Poole Party,4592691,Jake LaRavia,PF,PG,"['PF', 'F', 'G/F', 'PF/C', 'F/C', 'UT', 'BE', 'IR']",49.0,True,LAL,ACTIVE,False
11,1,YSK FC,5,Poole Party,4278073,Shai Gilgeous-Alexander,PG,PG,"['PG', 'G', 'G/F', 'UT', 'BE', 'IR']",202.0,True,OKC,ACTIVE,False
11,1,YSK FC,5,Poole Party,3059319,Andrew Wiggins,SF,PG,"['SF', 'PF', 'F', 'SG/SF', 'G/F', 'PF/C', 'F/C', 'UT', 'BE', 'IR']",144.0,True,MIA,ACTIVE,False
11,1,YSK FC,5,Poole Party,4397688,Trey Murphy III,SF,PG,"['SG', 'SF', 'G', 'F', 'SG/SF', 'G/F', 'F/C', 'UT', 'BE', 'IR']",116.0,True,NOP,OUT,True
11,1,YSK FC,5,Poole Party,3078576,Derrick White,SG,PG,"['PG', 'SG', 'G', 'SG/SF', 'G/F', 'UT', 'BE', 'IR']",179.0,True,BOS,ACTIVE,False
11,1,YSK FC,5,Poole Party,4432573,Paolo Banchero,PF,PG,"['SF', 'PF', 'F', 'SG/SF', 'G/F', 'PF/C', 'F/C', 'UT', 'BE', 'IR']",223.0,True,ORL,ACTIVE,False
11,1,YSK FC,5,Poole Party,4278078,P.J. Washington,PF,PG,"['SF', 'PF', 'F', 'SG/SF', 'G/F', 'PF/C', 'F/C', 'UT', 'BE', 'IR']",59.0,True,DAL,OUT,True
11,10,Van Der Linde Gang,6,Jeremy Lin fan club,3934672,Jalen Brunson,PG,PG,"['PG', 'G', 'G/F', 'UT', 'BE', 'IR']",173.0,True,NYK,ACTIVE,False
11,10,Van Der Linde Gang,6,Jeremy Lin fan club,4433134,Scottie Barnes,SF,PG,"['SG', 'SF', 'PF', 'G', 'F', 'SG/SF', 'G/F', 'PF/C', 'F/C', 'UT', 'BE', 'IR']",151.0,True,TOR,ACTIVE,False
11,10,Van Der Linde Gang,6,Jeremy Lin fan club,4711272,Reed Sheppard,SG,PG,"['PG', 'SG', 'G', 'SG/SF', 'G/F', 'UT', 'BE', 'IR']",71.0,True,HOU,ACTIVE,False
11,10,Van Der Linde Gang,6,Jeremy Lin fan club,5104157,Victor Wembanyama,C,PG,"['C', 'PF/C', 'F/C', 'UT', 'BE', 'IR']",101.0,True,SAS,ACTIVE,False
11,10,Van Der Linde Gang,6,Jeremy Lin fan club,4066383,Miles Bridges,SF,PG,"['SF', 'PF', 'F', 'SG/SF', 'G/F', 'PF/C', 'F/C', 'UT', 'BE', 'IR']",94.0,True,CHA,ACTIVE,False
11,10,Van Der Linde Gang,6,Jeremy Lin fan club,4397424,Neemias Queta,C,PG,"['C', 'PF/C', 'F/C', 'UT', 'BE', 'IR']",91.0,True,BOS,ACTIVE,False
11,10,Van Der Linde Gang,6,Jeremy Lin fan club,3133628,Myles Turner,C,PG,"['C', 'PF/C', 'F/C', 'UT', 'BE', 'IR']",139.0,True,MIL,OUT,True
11,10,Van Der Linde Gang,6,Jeremy Lin fan club,4683634,Bennedict Mathurin,SF,PG,"['SG', 'SF', 'G', 'F', 'SG/SF', 'G/F', 'F/C', 'UT', 'BE', 'IR']",56.0,True,LAC,ACTIVE,False
11,10,Van Der Linde Gang,6,Jeremy Lin fan club,4433627,Keyonte George,PG,PG,"['PG', 'SG', 'G', 'SG/SF', 'G/F', 'UT', 'BE', 'IR']",93.0,True,UTA,OUT,True
11,10,Van Der Linde Gang,6,Jeremy Lin fan club,4903027,Cedric Coward,SF,PG,"['SG', 'SF', 'G', 'F', 'SG/SF', 'G/F', 'F/C', 'UT', 'BE', 'IR']",105.0,True,MEM,OUT,True
11,10,Van Der Linde Gang,6,Jeremy Lin fan club,5105623,Kel'el Ware,C,PG,"['C', 'PF/C', 'F/C', 'UT', 'BE', 'IR']",124.0,True,MIA,ACTIVE,False
11,10,Van Der Linde Gang,6,Jeremy Lin fan club,4065732,De'Andre Hunter,SF,PG,"['SF', 'PF', 'F', 'SG/SF', 'G/F', 'PF/C', 'F/C', 'UT', 'BE', 'IR']",74.0,True,SAC,OUT,True
11,10,Van Der Linde Gang,6,Jeremy Lin fan club,2595516,Norman Powell,SG,PG,"['SG', 'SF', 'G', 'F', 'SG/SF', 'G/F', 'F/C', 'UT', 'BE', 'IR']",175.0,True,MIA,ACTIVE,False
11,6,Jeremy Lin fan club,10,Van Der Linde Gang,4593125,Santi Aldama,PF,PG,"['SF', 'PF', 'C', 'F', 'SG/SF', 'G/F', 'PF/C', 'F/C', 'UT', 'BE', 'IR']",101.0,True,MEM,OUT,True
11,6,Jeremy Lin fan club,10,Van Der Linde Gang,4433255,Chet Holmgren,C,PG,"['PF', 'C', 'F', 'G/F', 'PF/C', 'F/C', 'UT', 'BE', 'IR']",201.0,True,OKC,ACTIVE,False
11,6,Jeremy Lin fan club,10,Van Der Linde Gang,4397189,Jalen Smith,PF,PG,"['PF', 'C', 'F', 'G/F', 'PF/C', 'F/C', 'UT', 'BE', 'IR']",30.0,True,CHI,OUT,True
11,6,Jeremy Lin fan club,10,Van Der Linde Gang,4432165,Jalen Suggs,PG,PG,"['PG', 'SG', 'G', 'SG/SF', 'G/F', 'UT', 'BE', 'IR']",50.0,True,ORL,ACTIVE,False
11,6,Jeremy Lin fan club,10,Van Der Linde Gang,4396971,Naz Reid,C,PG,"['PF', 'C', 'F', 'G/F', 'PF/C', 'F/C', 'UT', 'BE', 'IR']",136.0,True,MIN,ACTIVE,False
11,6,Jeremy Lin fan club,10,Van Der Linde Gang,5061575,Kon Knueppel,SG,PG,"['SG', 'G', 'SG/SF', 'G/F', 'UT', 'BE', 'IR']",95.0,True,CHA,ACTIVE,False
11,6,Jeremy Lin fan club,10,Van Der Linde Gang,2991139,Kris Dunn,PG,PG,"['PG', 'G', 'G/F', 'UT', 'BE', 'IR']",37.0,True,LAC,ACTIVE,False
11,6,Jeremy Lin fan club,10,Van Der Linde Gang,6478,Nikola Vucevic,C,PG,"['C', 'PF/C', 'F/C', 'UT', 'BE', 'IR']",168.0,True,BOS,ACTIVE,False
11,6,Jeremy Lin fan club,10,Van Der Linde Gang,3136193,Devin Booker,PG,PG,"['PG', 'SG', 'G', 'SG/SF', 'G/F', 'UT', 'BE', 'IR']",165.0,True,PHO,ACTIVE,False
11,6,Jeremy Lin fan club,10,Van Der Linde Gang,4432816,LaMelo Ball,PG,PG,"['PG', 'G', 'G/F', 'UT', 'BE', 'IR']",170.0,True,CHA,ACTIVE,False
11,6,Jeremy Lin fan club,10,Van Der Linde Gang,4431671,Jaden McDaniels,SF,PG,"['SF', 'F', 'SG/SF', 'G/F', 'F/C', 'UT', 'BE', 'IR']",100.0,True,MIN,ACTIVE,False
11,6,Jeremy Lin fan club,10,Van Der Linde Gang,4278580,Sandro Mamukelashvili,PF,PG,"['PF', 'F', 'G/F', 'PF/C', 'F/C', 'UT', 'BE', 'IR']",27.0,True,TOR,ACTIVE,False
11,6,Jeremy Lin fan club,10,Van Der Linde Gang,4900671,Ajay Mitchell,PG,PG,"['PG', 'G', 'G/F', 'UT', 'BE', 'IR']",85.0,True,OKC,OUT,True
11,6,Jeremy Lin fan club,10,Van Der Linde Gang,4701232,Mark Williams,C,PG,"['C', 'PF/C', 'F/C', 'UT', 'BE', 'IR']",59.0,True,PHO,OUT,True
11,6,Jeremy Lin fan club,10,Van Der Linde Gang,3147657,Mikal Bridges,SF,PG,"['SG', 'SF', 'G', 'F', 'SG/SF', 'G/F', 'F/C', 'UT', 'BE', 'IR']",145.0,True,NYK,ACTIVE,False
11,7,Goat's,9,ybgcorp,3202,Kevin Durant,PF,PG,"['SF', 'PF', 'F', 'SG/SF', 'G/F', 'PF/C', 'F/C', 'UT', 'BE', 'IR']",155.0,True,HOU,OUT,True
11,7,Goat's,9,ybgcorp,4914336,Shaedon Sharpe,SG,PG,"['SG', 'SF', 'G', 'F', 'SG/SF', 'G/F', 'F/C', 'UT', 'BE', 'IR']",79.0,True,POR,ACTIVE,False
11,7,Goat's,9,ybgcorp,4066261,Bam Adebayo,C,PG,"['PF', 'C', 'F', 'G/F', 'PF/C', 'F/C', 'UT', 'BE', 'IR']",123.0,True,MIA,OUT,True
11,7,Goat's,9,ybgcorp,4395724,Immanuel Quickley,PG,PG,"['PG', 'SG', 'G', 'SG/SF', 'G/F', 'UT', 'BE', 'IR']",74.0,True,TOR,OUT,True
11,7,Goat's,9,ybgcorp,6450,Kawhi Leonard,SF,PG,"['SF', 'PF', 'F', 'SG/SF', 'G/F', 'PF/C', 'F/C', 'UT', 'BE', 'IR']",186.0,True,LAC,ACTIVE,False
11,7,Goat's,9,ybgcorp,3134907,Kyle Kuzma,PF,PG,"['SF', 'PF', 'F', 'SG/SF', 'G/F', 'PF/C', 'F/C', 'UT', 'BE', 'IR']",47.0,True,MIL,OUT,True
11,7,Goat's,9,ybgcorp,4709138,Brandin Podziemski,SG,PG,"['PG', 'SG', 'G', 'SG/SF', 'G/F', 'UT', 'BE', 'IR']",49.0,True,GSW,ACTIVE,False
11,7,Goat's,9,ybgcorp,4277847,Wendell Carter Jr.,C,PG,"['C', 'PF/C', 'F/C', 'UT', 'BE', 'IR']",106.0,True,ORL,ACTIVE,False
11,7,Goat's,9,ybgcorp,3936299,Jamal Murray,PG,PG,"['PG', 'G', 'G/F', 'UT', 'BE', 'IR']",201.0,True,DEN,ACTIVE,False
11,7,Goat's,9,ybgcorp,4278585,Collin Gillespie,PG,PG,"['PG', 'G', 'G/F', 'UT', 'BE', 'IR']",152.0,True,PHO,ACTIVE,False
11,7,Goat's,9,ybgcorp,6585,Andre Drummond,C,PG,"['C', 'PF/C', 'F/C', 'UT', 'BE', 'IR']",4.0,True,PHL,ACTIVE,False
11,7,Goat's,9,ybgcorp,4278104,Michael Porter Jr.,SF,PG,"['SF', 'PF', 'F', 'SG/SF', 'G/F', 'PF/C', 'F/C', 'UT', 'BE', 'IR']",104.0,True,BKN,OUT,True
11,7,Goat's,9,ybgcorp,6430,Jimmy Butler III,SF,PG,"['SG', 'SF', 'PF', 'G', 'F', 'SG/SF', 'G/F', 'PF/C', 'F/C', 'UT', 'BE', 'IR']",109.0,True,GSW,OUT,True
11,7,Goat's,9,ybgcorp,3032977,Giannis Antetokounmpo,PF,PG,"['PF', 'C', 'F', 'G/F', 'PF/C', 'F/C', 'UT', 'BE', 'IR']",189.0,True,MIL,OUT,True
11,9,ybgcorp,7,Goat's,4433287,Brandon Miller,SF,PG,"['SG', 'SF', 'G', 'F', 'SG/SF', 'G/F', 'F/C', 'UT', 'BE', 'IR']",159.0,True,CHA,OUT,True
11,9,ybgcorp,7,Goat's,4066328,Jarrett Allen,C,PG,"['C', 'PF/C', 'F/C', 'UT', 'BE', 'IR']",102.0,True,CLE,ACTIVE,False
11,9,ybgcorp,7,Goat's,4701230,Jalen Johnson,PF,PG,"['PF', 'F', 'G/F', 'PF/C', 'F/C', 'UT', 'BE', 'IR']",168.0,True,ATL,ACTIVE,False
11,9,ybgcorp,7,Goat's,4432810,Isaiah Stewart,C,PG,"['PF', 'C', 'F', 'G/F', 'PF/C', 'F/C', 'UT', 'BE', 'IR']",55.0,True,DET,ACTIVE,False
11,9,ybgcorp,7,Goat's,4395626,Tre Jones,PG,PG,"['PG', 'G', 'G/F', 'UT', 'BE', 'IR']",111.0,True,CHI,ACTIVE,False
11,9,ybgcorp,7,Goat's,4591725,Ryan Rollins,SG,PG,"['PG', 'SG', 'G', 'SG/SF', 'G/F', 'UT', 'BE', 'IR']",156.0,True,MIL,OUT,True
11,9,ybgcorp,7,Goat's,1966,LeBron James,SF,PG,"['SF', 'PF', 'F', 'SG/SF', 'G/F', 'PF/C', 'F/C', 'UT', 'BE', 'IR']",130.0,True,LAL,ACTIVE,False
11,9,ybgcorp,7,Goat's,4277811,Collin Sexton,SG,PG,"['PG', 'SG', 'G', 'SG/SF', 'G/F', 'UT', 'BE', 'IR']",22.0,True,CHI,ACTIVE,False
11,9,ybgcorp,7,Goat's,4869342,Dyson Daniels,SG,PG,"['PG', 'SG', 'G', 'SG/SF', 'G/F', 'UT', 'BE', 'IR']",195.0,True,ATL,ACTIVE,False
11,9,ybgcorp,7,Goat's,4397014,Quentin Grimes,SG,PG,"['SG', 'G', 'SG/SF', 'G/F', 'UT', 'BE', 'IR']",132.0,True,PHL,ACTIVE,False
11,9,ybgcorp,7,Goat's,3908845,John Collins,PF,PG,"['PF', 'C', 'F', 'G/F', 'PF/C', 'F/C', 'UT', 'BE', 'IR']",65.0,True,LAC,ACTIVE,False
11,9,ybgcorp,7,Goat's,4712849,Anthony Black,PG,PG,"['PG', 'SG', 'G', 'SG/SF', 'G/F', 'UT', 'BE', 'IR']",145.0,True,ORL,ACTIVE,False
11,9,ybgcorp,7,Goat's,4278039,Nickeil Alexander-Walker,SG,PG,"['SG', 'G', 'SG/SF', 'G/F', 'UT', 'BE', 'IR']",151.0,True,ATL,ACTIVE,False
11,9,ybgcorp,7,Goat's,2583632,Royce O'Neale,SF,PG,"['SF', 'F', 'SG/SF', 'G/F', 'F/C', 'UT', 'BE', 'IR']",7.0,True,PHO,ACTIVE,False
11,9,ybgcorp,7,Goat's,4433083,Cam Spencer,SG,PG,"['PG', 'SG', 'G', 'SG/SF', 'G/F', 'UT', 'BE', 'IR']",16.0,True,MEM,OUT,True
12,8,Hawk Tuah Demure,2,Phantom Troupe,4278129,Deandre Ayton,C,PG,"['C', 'PF/C', 'F/C', 'UT', 'BE', 'IR']",69.0,True,LAL,ACTIVE,False
12,8,Hawk Tuah Demure,2,Phantom Troupe,4576087,Peyton Watson,SF,PG,"['SF', 'PF', 'F', 'SG/SF', 'G/F', 'PF/C', 'F/C', 'UT', 'BE', 'IR']",179.0,True,DEN,OUT,True
12,8,Hawk Tuah Demure,2,Phantom Troupe,3908809,Donovan Mitchell,SG,PG,"['PG', 'SG', 'G', 'SG/SF', 'G/F', 'UT', 'BE', 'IR']",99.0,True,CLE,ACTIVE,False
12,8,Hawk Tuah Demure,2,Phantom Troupe,4684740,Amen Thompson,SF,PG,"['SG', 'SF', 'PF', 'G', 'F', 'SG/SF', 'G/F', 'PF/C', 'F/C', 'UT', 'BE', 'IR']",168.0,True,HOU,ACTIVE,False
12,8,Hawk Tuah Demure,2,Phantom Troupe,4397140,Kevin Porter Jr.,SG,PG,"['PG', 'SG', 'G', 'SG/SF', 'G/F', 'UT', 'BE', 'IR']",114.0,True,MIL,OUT,True
12,8,Hawk Tuah Demure,2,Phantom Troupe,3059318,Joel Embiid,C,PG,"['C', 'PF/C', 'F/C', 'UT', 'BE', 'IR']",125.0,True,PHL,ACTIVE,False
12,8,Hawk Tuah Demure,2,Phantom Troupe,4396907,Darius Garland,PG,PG,"['PG', 'G', 'G/F', 'UT', 'BE', 'IR']",124.0,True,LAC,ACTIVE,False
12,8,Hawk Tuah Demure,2,Phantom Troupe,4397002,Ayo Dosunmu,SG,PG,"['SG', 'G', 'SG/SF', 'G/F', 'UT', 'BE', 'IR']",134.0,True,MIN,ACTIVE,False
12,8,Hawk Tuah Demure,2,Phantom Troupe,4683021,Deni Avdija,SF,PG,"['SG', 'SF', 'PF', 'G', 'F', 'SG/SF', 'G/F', 'PF/C', 'F/C', 'UT', 'BE', 'IR']",178.0,True,POR,ACTIVE,False
12,8,Hawk Tuah Demure,2,Phantom Troupe,4869780,Derik Queen,C,PG,"['C', 'PF/C', 'F/C', 'UT', 'BE', 'IR', 'Rookie']",155.0,True,NOP,ACTIVE,False
12,8,Hawk Tuah Demure,2,Phantom Troupe,4066336,Lauri Markkanen,PF,PG,"['SF', 'PF', 'F', 'SG/SF', 'G/F', 'PF/C', 'F/C', 'UT', 'BE', 'IR']",138.0,True,UTA,OUT,True
12,2,Phantom Troupe,8,Hawk Tuah Demure,4395651,Coby White,PG,PG,"['PG', 'SG', 'G', 'SG/SF', 'G/F', 'UT', 'BE', 'IR']",35.0,True,CHA,ACTIVE,False
12,2,Phantom Troupe,8,Hawk Tuah Demure,4684742,Ausar Thompson,SF,PG,"['SF', 'PF', 'F', 'SG/SF', 'G/F', 'PF/C', 'F/C', 'UT', 'BE', 'IR']",99.0,True,DET,ACTIVE,False
12,2,Phantom Troupe,8,Hawk Tuah Demure,3913176,Brandon Ingram,SF,PG,"['SF', 'F', 'SG/SF', 'G/F', 'F/C', 'UT', 'BE', 'IR']",64.0,True,TOR,OUT,True
12,2,Phantom Troupe,8,Hawk Tuah Demure,3934719,OG Anunoby,SF,PG,"['SF', 'PF', 'F', 'SG/SF', 'G/F', 'PF/C', 'F/C', 'UT', 'BE', 'IR']",101.0,True,NYK,ACTIVE,False
12,2,Phantom Troupe,8,Hawk Tuah Demure,4683747,Jaylon Tyson,SG,PG,"['SG', 'SF', 'G', 'F', 'SG/SF', 'G/F', 'F/C', 'UT', 'BE', 'IR']",61.0,True,CLE,ACTIVE,False
12,2,Phantom Troupe,8,Hawk Tuah Demure,4432166,Cade Cunningham,PG,PG,"['PG', 'SG', 'G', 'SG/SF', 'G/F', 'UT', 'BE', 'IR']",67.0,True,DET,ACTIVE,False
12,2,Phantom Troupe,8,Hawk Tuah Demure,5124612,VJ Edgecombe,SG,PG,"['SG', 'G', 'SG/SF', 'G/F', 'UT', 'BE', 'IR']",154.0,True,PHL,ACTIVE,False
12,2,Phantom Troupe,8,Hawk Tuah Demure,3978,DeMar DeRozan,SF,PG,"['SF', 'PF', 'F', 'SG/SF', 'G/F', 'PF/C', 'F/C', 'UT', 'BE', 'IR']",127.0,True,SAC,OUT,True
12,2,Phantom Troupe,8,Hawk Tuah Demure,4066320,Desmond Bane,SG,PG,"['SG', 'SF', 'G', 'F', 'SG/SF', 'G/F', 'F/C', 'UT', 'BE', 'IR']",105.0,True,ORL,ACTIVE,False
12,2,Phantom Troupe,8,Hawk Tuah Demure,4395628,Zion Williamson,PF,PG,"['PF', 'F', 'G/F', 'PF/C', 'F/C', 'UT', 'BE', 'IR']",163.0,True,NOP,OUT,True
12,2,Phantom Troupe,8,Hawk Tuah Demure,4017837,Ivica Zubac,C,PG,"['C', 'PF/C', 'F/C', 'UT', 'BE', 'IR']",117.0,True,IND,OUT,True
12,2,Phantom Troupe,8,Hawk Tuah Demure,4432639,Jabari Smith Jr.,PF,PG,"['PF', 'C', 'F', 'G/F', 'PF/C', 'F/C', 'UT', 'BE', 'IR']",52.0,True,HOU,ACTIVE,False
12,2,Phantom Troupe,8,Hawk Tuah Demure,3032979,Dennis Schroder,PG,PG,"['PG', 'G', 'G/F', 'UT', 'BE', 'IR']",54.0,True,CLE,OUT,True
12,1,YSK FC,3,Kat's Kittens,4277961,Jaren Jackson Jr.,C,PG,"['PF', 'C', 'F', 'G/F', 'PF/C', 'F/C', 'UT', 'BE', 'IR']",142.0,True,UTA,OUT,True
12,1,YSK FC,3,Kat's Kittens,3468,Russell Westbrook,PG,PG,"['PG', 'G', 'G/F', 'UT', 'BE', 'IR']",84.0,True,SAC,OUT,True
12,1,YSK FC,3,Kat's Kittens,3133603,Kelly Oubre Jr.,SF,PG,"['SG', 'SF', 'G', 'F', 'SG/SF', 'G/F', 'F/C', 'UT', 'BE', 'IR']",44.0,True,PHL,ACTIVE,False
12,1,YSK FC,3,Kat's Kittens,4066354,Payton Pritchard,PG,PG,"['PG', 'G', 'G/F', 'UT', 'BE', 'IR']",150.0,True,BOS,ACTIVE,False
12,1,YSK FC,3,Kat's Kittens,4396909,Aaron Nesmith,SF,PG,"['SF', 'F', 'SG/SF', 'G/F', 'F/C', 'UT', 'BE', 'IR']",74.0,True,IND,OUT,True
12,1,YSK FC,3,Kat's Kittens,4278067,Nic Claxton,C,PG,"['C', 'PF/C', 'F/C', 'UT', 'BE', 'IR']",70.0,True,BKN,OUT,True
12,1,YSK FC,3,Kat's Kittens,4432848,Jaime Jaquez Jr.,SF,PG,"['SG', 'SF', 'G', 'F', 'SG/SF', 'G/F', 'F/C', 'UT', 'BE', 'IR']",30.0,True,MIA,ACTIVE,False
12,1,YSK FC,3,Kat's Kittens,4592691,Jake LaRavia,PF,PG,"['PF', 'F', 'G/F', 'PF/C', 'F/C', 'UT', 'BE', 'IR']",75.0,True,LAL,ACTIVE,False
12,1,YSK FC,3,Kat's Kittens,4278073,Shai Gilgeous-Alexander,PG,PG,"['PG', 'G', 'G/F', 'UT', 'BE', 'IR']",155.0,True,OKC,ACTIVE,False
12,1,YSK FC,3,Kat's Kittens,4433083,Cam Spencer,SG,PG,"['PG', 'SG', 'G', 'SG/SF', 'G/F', 'UT', 'BE', 'IR']",102.0,True,MEM,OUT,True
12,1,YSK FC,3,Kat's Kittens,3059319,Andrew Wiggins,SF,PG,"['SF', 'PF', 'F', 'SG/SF', 'G/F', 'PF/C', 'F/C', 'UT', 'BE', 'IR']",90.0,True,MIA,ACTIVE,False
12,1,YSK FC,3,Kat's Kittens,4397688,Trey Murphy III,SF,PG,"['SG', 'SF', 'G', 'F', 'SG/SF', 'G/F', 'F/C', 'UT', 'BE', 'IR']",171.0,True,NOP,OUT,True
12,1,YSK FC,3,Kat's Kittens,3078576,Derrick White,SG,PG,"['PG', 'SG', 'G', 'SG/SF', 'G/F', 'UT', 'BE', 'IR']",171.0,True,BOS,ACTIVE,False
12,1,YSK FC,3,Kat's Kittens,4432573,Paolo Banchero,PF,PG,"['SF', 'PF', 'F', 'SG/SF', 'G/F', 'PF/C', 'F/C', 'UT', 'BE', 'IR']",131.0,True,ORL,ACTIVE,False
12,3,Kat's Kittens,1,YSK FC,4431680,Onyeka Okongwu,C,PG,"['C', 'PF/C', 'F/C', 'UT', 'BE', 'IR']",142.0,True,ATL,ACTIVE,False
12,3,Kat's Kittens,1,YSK FC,4066262,Malik Monk,SG,PG,"['PG', 'SG', 'SF', 'G', 'F', 'SG/SF', 'G/F', 'F/C', 'UT', 'BE', 'IR']",6.0,True,SAC,OUT,True
12,3,Kat's Kittens,1,YSK FC,4395625,RJ Barrett,SF,PG,"['SG', 'SF', 'PF', 'G', 'F', 'SG/SF', 'G/F', 'PF/C', 'F/C', 'UT', 'BE', 'IR']",104.0,True,TOR,ACTIVE,False
12,3,Kat's Kittens,1,YSK FC,3064482,Bobby Portis,PF,PG,"['PF', 'F', 'G/F', 'PF/C', 'F/C', 'UT', 'BE', 'IR']",60.0,True,MIL,OUT,True
12,3,Kat's Kittens,1,YSK FC,3136195,Karl-Anthony Towns,C,PG,"['PF', 'C', 'F', 'G/F', 'PF/C', 'F/C', 'UT', 'BE', 'IR']",110.0,True,NYK,ACTIVE,False
12,3,Kat's Kittens,1,YSK FC,3064514,Julius Randle,PF,PG,"['PF', 'F', 'G/F', 'PF/C', 'F/C', 'UT', 'BE', 'IR']",141.0,True,MIN,ACTIVE,False
12,3,Kat's Kittens,1,YSK FC,4432174,Cam Thomas,SG,PG,"['SG', 'SF', 'G', 'F', 'SG/SF', 'G/F', 'F/C', 'UT', 'BE', 'IR']",23.0,True,FA,ACTIVE,False
12,3,Kat's Kittens,1,YSK FC,3934673,Donte DiVincenzo,SG,PG,"['PG', 'SG', 'G', 'SG/SF', 'G/F', 'UT', 'BE', 'IR']",163.0,True,MIN,OUT,True
12,3,Kat's Kittens,1,YSK FC,3134907,Kyle Kuzma,PF,PG,"['SF', 'PF', 'F', 'SG/SF', 'G/F', 'PF/C', 'F/C', 'UT', 'BE', 'IR']",65.0,True,MIL,OUT,True
12,3,Kat's Kittens,1,YSK FC,6583,Anthony Davis,C,PG,"['PF', 'C', 'F', 'G/F', 'PF/C', 'F/C', 'UT', 'BE', 'IR']",74.0,True,WAS,OUT,True
12,3,Kat's Kittens,1,YSK FC,4251,Paul George,SF,PG,"['SF', 'PF', 'F', 'SG/SF', 'G/F', 'PF/C', 'F/C', 'UT', 'BE', 'IR']",121.0,True,PHL,ACTIVE,False
12,3,Kat's Kittens,1,YSK FC,6589,Draymond Green,PF,PG,"['PF', 'C', 'F', 'G/F', 'PF/C', 'F/C', 'UT', 'BE', 'IR']",37.0,True,GSW,ACTIVE,False
12,3,Kat's Kittens,1,YSK FC,4431678,Tyrese Maxey,PG,PG,"['PG', 'SG', 'G', 'SG/SF', 'G/F', 'UT', 'BE', 'IR']",223.0,True,PHL,ACTIVE,False
12,3,Kat's Kittens,1,YSK FC,4845367,Stephon Castle,PG,PG,"['PG', 'SG', 'G', 'SG/SF', 'G/F', 'UT', 'BE', 'IR']",80.0,True,SAS,ACTIVE,False
12,6,Jeremy Lin fan club,4,SKAVALASSKKYYYY,4593125,Santi Aldama,PF,PG,"['SF', 'PF', 'C', 'F', 'SG/SF', 'G/F', 'PF/C', 'F/C', 'UT', 'BE', 'IR']",113.0,True,MEM,OUT,True
12,6,Jeremy Lin fan club,4,SKAVALASSKKYYYY,4433255,Chet Holmgren,C,PG,"['PF', 'C', 'F', 'G/F', 'PF/C', 'F/C', 'UT', 'BE', 'IR']",121.0,True,OKC,ACTIVE,False
12,6,Jeremy Lin fan club,4,SKAVALASSKKYYYY,4396971,Naz Reid,C,PG,"['PF', 'C', 'F', 'G/F', 'PF/C', 'F/C', 'UT', 'BE', 'IR']",144.0,True,MIN,ACTIVE,False
12,6,Jeremy Lin fan club,4,SKAVALASSKKYYYY,4351851,Anfernee Simons,SG,PG,"['PG', 'SG', 'G', 'SG/SF', 'G/F', 'UT', 'BE', 'IR']",8.0,True,CHI,OUT,True
12,6,Jeremy Lin fan club,4,SKAVALASSKKYYYY,5061575,Kon Knueppel,SG,PG,"['SG', 'G', 'SG/SF', 'G/F', 'UT', 'BE', 'IR']",137.0,True,CHA,ACTIVE,False
12,6,Jeremy Lin fan club,4,SKAVALASSKKYYYY,4431823,Miles McBride,PG,PG,"['PG', 'G', 'G/F', 'UT', 'BE', 'IR']",35.0,True,NYK,ACTIVE,False
12,6,Jeremy Lin fan club,4,SKAVALASSKKYYYY,4395725,Tyler Herro,SG,PG,"['PG', 'SG', 'G', 'SG/SF', 'G/F', 'UT', 'BE', 'IR']",92.0,True,MIA,OUT,True
12,6,Jeremy Lin fan club,4,SKAVALASSKKYYYY,6478,Nikola Vucevic,C,PG,"['C', 'PF/C', 'F/C', 'UT', 'BE', 'IR']",134.0,True,BOS,ACTIVE,False
12,6,Jeremy Lin fan club,4,SKAVALASSKKYYYY,3136193,Devin Booker,PG,PG,"['PG', 'SG', 'G', 'SG/SF', 'G/F', 'UT', 'BE', 'IR']",136.0,True,PHO,ACTIVE,False
12,6,Jeremy Lin fan club,4,SKAVALASSKKYYYY,4683766,Isaiah Collier,PG,PG,"['PG', 'G', 'G/F', 'UT', 'BE', 'IR']",18.0,True,UTA,OUT,True
12,6,Jeremy Lin fan club,4,SKAVALASSKKYYYY,4432816,LaMelo Ball,PG,PG,"['PG', 'G', 'G/F', 'UT', 'BE', 'IR']",141.0,True,CHA,ACTIVE,False
12,6,Jeremy Lin fan club,4,SKAVALASSKKYYYY,4431671,Jaden McDaniels,SF,PG,"['SF', 'F', 'SG/SF', 'G/F', 'F/C', 'UT', 'BE', 'IR']",133.0,True,MIN,ACTIVE,False
12,6,Jeremy Lin fan club,4,SKAVALASSKKYYYY,4278580,Sandro Mamukelashvili,PF,PG,"['PF', 'F', 'G/F', 'PF/C', 'F/C', 'UT', 'BE', 'IR']",22.0,True,TOR,ACTIVE,False
12,6,Jeremy Lin fan club,4,SKAVALASSKKYYYY,5175643,Egor Demin,PG,PG,"['PG', 'G', 'G/F', 'UT', 'BE', 'IR']",14.0,True,BKN,OUT,True
12,6,Jeremy Lin fan club,4,SKAVALASSKKYYYY,4900671,Ajay Mitchell,PG,PG,"['PG', 'G', 'G/F', 'UT', 'BE', 'IR']",128.0,True,OKC,OUT,True
12,6,Jeremy Lin fan club,4,SKAVALASSKKYYYY,4701232,Mark Williams,C,PG,"['C', 'PF/C', 'F/C', 'UT', 'BE', 'IR']",109.0,True,PHO,OUT,True
12,6,Jeremy Lin fan club,4,SKAVALASSKKYYYY,4592479,Julian Champagnie,SF,PG,"['SF', 'F', 'SG/SF', 'G/F', 'F/C', 'UT', 'BE', 'IR']",66.0,True,SAS,ACTIVE,False
12,6,Jeremy Lin fan club,4,SKAVALASSKKYYYY,3147657,Mikal Bridges,SF,PG,"['SG', 'SF', 'G', 'F', 'SG/SF', 'G/F', 'F/C', 'UT', 'BE', 'IR']",142.0,True,NYK,ACTIVE,False
12,4,SKAVALASSKKYYYY,6,Jeremy Lin fan club,2490149,CJ McCollum,SG,PG,"['PG', 'SG', 'G', 'SG/SF', 'G/F', 'UT', 'BE', 'IR']",63.0,True,ATL,ACTIVE,False
12,4,SKAVALASSKKYYYY,6,Jeremy Lin fan club,5105565,Donovan Clingan,C,PG,"['C', 'PF/C', 'F/C', 'UT', 'BE', 'IR']",96.0,True,POR,ACTIVE,False
12,4,SKAVALASSKKYYYY,6,Jeremy Lin fan club,4278053,Davion Mitchell,PG,PG,"['PG', 'G', 'G/F', 'UT', 'BE', 'IR']",60.0,True,MIA,ACTIVE,False
12,4,SKAVALASSKKYYYY,6,Jeremy Lin fan club,3155526,Dillon Brooks,SF,PG,"['SG', 'SF', 'G', 'F', 'SG/SF', 'G/F', 'F/C', 'UT', 'BE', 'IR']",117.0,True,PHO,ACTIVE,False
12,4,SKAVALASSKKYYYY,6,Jeremy Lin fan club,3945274,Luka Doncic,PG,PG,"['PG', 'G', 'G/F', 'UT', 'BE', 'IR']",159.0,True,LAL,OUT,True
12,4,SKAVALASSKKYYYY,6,Jeremy Lin fan club,3975,Stephen Curry,PG,PG,"['PG', 'G', 'G/F', 'UT', 'BE', 'IR']",208.0,True,GSW,ACTIVE,False
12,4,SKAVALASSKKYYYY,6,Jeremy Lin fan club,4395723,Keldon Johnson,SF,PG,"['SF', 'PF', 'F', 'SG/SF', 'G/F', 'PF/C', 'F/C', 'UT', 'BE', 'IR']",113.0,True,SAS,ACTIVE,False
12,4,SKAVALASSKKYYYY,6,Jeremy Lin fan club,3992,James Harden,PG,PG,"['PG', 'SG', 'G', 'SG/SF', 'G/F', 'UT', 'BE', 'IR']",128.0,True,CLE,ACTIVE,False
12,4,SKAVALASSKKYYYY,6,Jeremy Lin fan club,3917376,Jaylen Brown,SF,PG,"['SG', 'SF', 'G', 'F', 'SG/SF', 'G/F', 'F/C', 'UT', 'BE', 'IR']",113.0,True,BOS,ACTIVE,False
12,4,SKAVALASSKKYYYY,6,Jeremy Lin fan club,3064290,Aaron Gordon,PF,PG,"['PF', 'F', 'G/F', 'PF/C', 'F/C', 'UT', 'BE', 'IR']",87.0,True,DEN,OUT,True
12,4,SKAVALASSKKYYYY,6,Jeremy Lin fan club,3032976,Rudy Gobert,C,PG,"['C', 'PF/C', 'F/C', 'UT', 'BE', 'IR']",141.0,True,MIN,ACTIVE,False
12,4,SKAVALASSKKYYYY,6,Jeremy Lin fan club,5041939,Cooper Flagg,SF,PG,"['PG', 'SF', 'PF', 'G', 'F', 'SG/SF', 'G/F', 'PF/C', 'F/C', 'UT', 'BE', 'IR']",120.0,True,DAL,OUT,True
12,9,ybgcorp,5,Poole Party,2530530,T.J. McConnell,PG,PG,"['PG', 'G', 'G/F', 'UT', 'BE', 'IR']",31.0,True,IND,OUT,True
12,9,ybgcorp,5,Poole Party,4433287,Brandon Miller,SF,PG,"['SG', 'SF', 'G', 'F', 'SG/SF', 'G/F', 'F/C', 'UT', 'BE', 'IR']",100.0,True,CHA,OUT,True
12,9,ybgcorp,5,Poole Party,4066328,Jarrett Allen,C,PG,"['C', 'PF/C', 'F/C', 'UT', 'BE', 'IR']",118.0,True,CLE,ACTIVE,False
12,9,ybgcorp,5,Poole Party,4395626,Tre Jones,PG,PG,"['PG', 'G', 'G/F', 'UT', 'BE', 'IR']",53.0,True,CHI,ACTIVE,False
12,9,ybgcorp,5,Poole Party,4701230,Jalen Johnson,PF,PG,"['PF', 'F', 'G/F', 'PF/C', 'F/C', 'UT', 'BE', 'IR']",181.0,True,ATL,ACTIVE,False
12,9,ybgcorp,5,Poole Party,4591725,Ryan Rollins,SG,PG,"['PG', 'SG', 'G', 'SG/SF', 'G/F', 'UT', 'BE', 'IR']",60.0,True,MIL,OUT,True
12,9,ybgcorp,5,Poole Party,1966,LeBron James,SF,PG,"['SF', 'PF', 'F', 'SG/SF', 'G/F', 'PF/C', 'F/C', 'UT', 'BE', 'IR']",128.0,True,LAL,ACTIVE,False
12,9,ybgcorp,5,Poole Party,4277811,Collin Sexton,SG,PG,"['PG', 'SG', 'G', 'SG/SF', 'G/F', 'UT', 'BE', 'IR']",10.0,True,CHI,ACTIVE,False
12,9,ybgcorp,5,Poole Party,6450,Kawhi Leonard,SF,PG,"['SF', 'PF', 'F', 'SG/SF', 'G/F', 'PF/C', 'F/C', 'UT', 'BE', 'IR']",60.0,True,LAC,ACTIVE,False
12,9,ybgcorp,5,Poole Party,4869342,Dyson Daniels,SG,PG,"['PG', 'SG', 'G', 'SG/SF', 'G/F', 'UT', 'BE', 'IR']",161.0,True,ATL,ACTIVE,False
12,9,ybgcorp,5,Poole Party,4397014,Quentin Grimes,SG,PG,"['SG', 'G', 'SG/SF', 'G/F', 'UT', 'BE', 'IR']",87.0,True,PHL,ACTIVE,False
12,9,ybgcorp,5,Poole Party,3908845,John Collins,PF,PG,"['PF', 'C', 'F', 'G/F', 'PF/C', 'F/C', 'UT', 'BE', 'IR']",181.0,True,LAC,ACTIVE,False
12,9,ybgcorp,5,Poole Party,4712849,Anthony Black,PG,PG,"['PG', 'SG', 'G', 'SG/SF', 'G/F', 'UT', 'BE', 'IR']",113.0,True,ORL,ACTIVE,False
12,9,ybgcorp,5,Poole Party,4278039,Nickeil Alexander-Walker,SG,PG,"['SG', 'G', 'SG/SF', 'G/F', 'UT', 'BE', 'IR']",151.0,True,ATL,ACTIVE,False
12,9,ybgcorp,5,Poole Party,2583632,Royce O'Neale,SF,PG,"['SF', 'F', 'SG/SF', 'G/F', 'F/C', 'UT', 'BE', 'IR']",72.0,True,PHO,ACTIVE,False
12,9,ybgcorp,5,Poole Party,4431736,Toumani Camara,PF,PG,"['SF', 'PF', 'F', 'SG/SF', 'G/F', 'PF/C', 'F/C', 'UT', 'BE', 'IR']",24.0,True,POR,ACTIVE,False
12,9,ybgcorp,5,Poole Party,3064560,Luke Kornet,C,PG,"['C', 'PF/C', 'F/C', 'UT', 'BE', 'IR']",39.0,True,SAS,ACTIVE,False
12,5,Poole Party,9,ybgcorp,4395712,Andrew Nembhard,PG,PG,"['PG', 'SG', 'G', 'SG/SF', 'G/F', 'UT', 'BE', 'IR']",107.0,True,IND,OUT,True
12,5,Poole Party,9,ybgcorp,4277956,Jordan Poole,SG,PG,"['PG', 'SG', 'G', 'SG/SF', 'G/F', 'UT', 'BE', 'IR']",54.0,True,NOP,ACTIVE,False
12,5,Poole Party,9,ybgcorp,4683692,Cason Wallace,SG,PG,"['SG', 'G', 'SG/SF', 'G/F', 'UT', 'BE', 'IR']",35.0,True,OKC,ACTIVE,False
12,5,Poole Party,9,ybgcorp,4433192,Tari Eason,SF,PG,"['SF', 'PF', 'F', 'SG/SF', 'G/F', 'PF/C', 'F/C', 'UT', 'BE', 'IR']",48.0,True,HOU,ACTIVE,False
12,5,Poole Party,9,ybgcorp,3102530,Jusuf Nurkic,C,PG,"['C', 'PF/C', 'F/C', 'UT', 'BE', 'IR']",102.0,True,UTA,OUT,True
12,5,Poole Party,9,ybgcorp,4066259,De'Aaron Fox,PG,PG,"['PG', 'G', 'G/F', 'UT', 'BE', 'IR']",108.0,True,SAS,ACTIVE,False
12,5,Poole Party,9,ybgcorp,5174563,Kyshawn George,SG,PG,"['SG', 'SF', 'G', 'F', 'SG/SF', 'G/F', 'F/C', 'UT', 'BE', 'IR']",30.0,True,WAS,OUT,True
12,5,Poole Party,9,ybgcorp,4593803,Jalen Williams,PF,PG,"['SF', 'PF', 'C', 'F', 'SG/SF', 'G/F', 'PF/C', 'F/C', 'UT', 'BE', 'IR']",148.0,True,OKC,OUT,True
12,5,Poole Party,9,ybgcorp,5160992,Alex Sarr,C,PG,"['C', 'PF/C', 'F/C', 'UT', 'BE', 'IR']",156.0,True,WAS,OUT,True
12,5,Poole Party,9,ybgcorp,5104155,Bilal Coulibaly,SF,PG,"['SG', 'SF', 'G', 'F', 'SG/SF', 'G/F', 'F/C', 'UT', 'BE', 'IR']",118.0,True,WAS,OUT,True
12,5,Poole Party,9,ybgcorp,4711294,Matas Buzelis,SF,PG,"['SF', 'PF', 'F', 'SG/SF', 'G/F', 'PF/C', 'F/C', 'UT', 'BE', 'IR']",73.0,True,CHI,OUT,True
12,5,Poole Party,9,ybgcorp,3149673,Pascal Siakam,PF,PG,"['PF', 'F', 'G/F', 'PF/C', 'F/C', 'UT', 'BE', 'IR']",94.0,True,IND,OUT,True
12,5,Poole Party,9,ybgcorp,4594268,Anthony Edwards,SG,PG,"['SG', 'SF', 'G', 'F', 'SG/SF', 'G/F', 'F/C', 'UT', 'BE', 'IR']",167.0,True,MIN,ACTIVE,False
12,5,Poole Party,9,ybgcorp,4432158,Evan Mobley,PF,PG,"['PF', 'C', 'F', 'G/F', 'PF/C', 'F/C', 'UT', 'BE', 'IR']",122.0,True,CLE,ACTIVE,False
12,7,Goat's,10,Van Der Linde Gang,3202,Kevin Durant,PF,PG,"['SF', 'PF', 'F', 'SG/SF', 'G/F', 'PF/C', 'F/C', 'UT', 'BE', 'IR']",187.0,True,HOU,OUT,True
12,7,Goat's,10,Van Der Linde Gang,4914336,Shaedon Sharpe,SG,PG,"['SG', 'SF', 'G', 'F', 'SG/SF', 'G/F', 'F/C', 'UT', 'BE', 'IR']",154.0,True,POR,ACTIVE,False
12,7,Goat's,10,Van Der Linde Gang,4066261,Bam Adebayo,C,PG,"['PF', 'C', 'F', 'G/F', 'PF/C', 'F/C', 'UT', 'BE', 'IR']",64.0,True,MIA,OUT,True
12,7,Goat's,10,Van Der Linde Gang,4395724,Immanuel Quickley,PG,PG,"['PG', 'SG', 'G', 'SG/SF', 'G/F', 'UT', 'BE', 'IR']",140.0,True,TOR,OUT,True
12,7,Goat's,10,Van Der Linde Gang,6450,Kawhi Leonard,SF,PG,"['SF', 'PF', 'F', 'SG/SF', 'G/F', 'PF/C', 'F/C', 'UT', 'BE', 'IR']",93.0,True,LAC,ACTIVE,False
12,7,Goat's,10,Van Der Linde Gang,4709138,Brandin Podziemski,SG,PG,"['PG', 'SG', 'G', 'SG/SF', 'G/F', 'UT', 'BE', 'IR']",52.0,True,GSW,ACTIVE,False
12,7,Goat's,10,Van Der Linde Gang,4277847,Wendell Carter Jr.,C,PG,"['C', 'PF/C', 'F/C', 'UT', 'BE', 'IR']",77.0,True,ORL,ACTIVE,False
12,7,Goat's,10,Van Der Linde Gang,3064440,Zach LaVine,SG,PG,"['SG', 'SF', 'G', 'F', 'SG/SF', 'G/F', 'F/C', 'UT', 'BE', 'IR']",74.0,True,SAC,OUT,True
12,7,Goat's,10,Van Der Linde Gang,3936299,Jamal Murray,PG,PG,"['PG', 'G', 'G/F', 'UT', 'BE', 'IR']",64.0,True,DEN,ACTIVE,False
12,7,Goat's,10,Van Der Linde Gang,4278585,Collin Gillespie,PG,PG,"['PG', 'G', 'G/F', 'UT', 'BE', 'IR']",92.0,True,PHO,ACTIVE,False
12,7,Goat's,10,Van Der Linde Gang,4278104,Michael Porter Jr.,SF,PG,"['SF', 'PF', 'F', 'SG/SF', 'G/F', 'PF/C', 'F/C', 'UT', 'BE', 'IR']",96.0,True,BKN,OUT,True
12,7,Goat's,10,Van Der Linde Gang,4431736,Toumani Camara,PF,PG,"['SF', 'PF', 'F', 'SG/SF', 'G/F', 'PF/C', 'F/C', 'UT', 'BE', 'IR']",65.0,True,POR,ACTIVE,False
12,7,Goat's,10,Van Der Linde Gang,6430,Jimmy Butler III,SF,PG,"['SG', 'SF', 'PF', 'G', 'F', 'SG/SF', 'G/F', 'PF/C', 'F/C', 'UT', 'BE', 'IR']",163.0,True,GSW,OUT,True
12,7,Goat's,10,Van Der Linde Gang,3032977,Giannis Antetokounmpo,PF,PG,"['PF', 'C', 'F', 'G/F', 'PF/C', 'F/C', 'UT', 'BE', 'IR']",175.0,True,MIL,OUT,True
12,10,Van Der Linde Gang,7,Goat's,3135045,Grayson Allen,SG,PG,"['PG', 'SG', 'G', 'SG/SF', 'G/F', 'UT', 'BE', 'IR']",86.0,True,PHO,ACTIVE,False
12,10,Van Der Linde Gang,7,Goat's,3934672,Jalen Brunson,PG,PG,"['PG', 'G', 'G/F', 'UT', 'BE', 'IR']",158.0,True,NYK,ACTIVE,False
12,10,Van Der Linde Gang,7,Goat's,4433134,Scottie Barnes,SF,PG,"['SG', 'SF', 'PF', 'G', 'F', 'SG/SF', 'G/F', 'PF/C', 'F/C', 'UT', 'BE', 'IR']",108.0,True,TOR,ACTIVE,False
12,10,Van Der Linde Gang,7,Goat's,4711272,Reed Sheppard,SG,PG,"['PG', 'SG', 'G', 'SG/SF', 'G/F', 'UT', 'BE', 'IR']",77.0,True,HOU,ACTIVE,False
12,10,Van Der Linde Gang,7,Goat's,5104157,Victor Wembanyama,C,PG,"['C', 'PF/C', 'F/C', 'UT', 'BE', 'IR']",184.0,True,SAS,ACTIVE,False
12,10,Van Der Linde Gang,7,Goat's,4066383,Miles Bridges,SF,PG,"['SF', 'PF', 'F', 'SG/SF', 'G/F', 'PF/C', 'F/C', 'UT', 'BE', 'IR']",136.0,True,CHA,ACTIVE,False
12,10,Van Der Linde Gang,7,Goat's,4397424,Neemias Queta,C,PG,"['C', 'PF/C', 'F/C', 'UT', 'BE', 'IR']",120.0,True,BOS,ACTIVE,False
12,10,Van Der Linde Gang,7,Goat's,3133628,Myles Turner,C,PG,"['C', 'PF/C', 'F/C', 'UT', 'BE', 'IR']",60.0,True,MIL,OUT,True
12,10,Van Der Linde Gang,7,Goat's,4433627,Keyonte George,PG,PG,"['PG', 'SG', 'G', 'SG/SF', 'G/F', 'UT', 'BE', 'IR']",129.0,True,UTA,OUT,True
12,10,Van Der Linde Gang,7,Goat's,4903027,Cedric Coward,SF,PG,"['SG', 'SF', 'G', 'F', 'SG/SF', 'G/F', 'F/C', 'UT', 'BE', 'IR']",54.0,True,MEM,OUT,True
12,10,Van Der Linde Gang,7,Goat's,5105623,Kel'el Ware,C,PG,"['C', 'PF/C', 'F/C', 'UT', 'BE', 'IR']",35.0,True,MIA,ACTIVE,False
12,10,Van Der Linde Gang,7,Goat's,4065732,De'Andre Hunter,SF,PG,"['SF', 'PF', 'F', 'SG/SF', 'G/F', 'PF/C', 'F/C', 'UT', 'BE', 'IR']",57.0,True,SAC,OUT,True
12,10,Van Der Linde Gang,7,Goat's,2595516,Norman Powell,SG,PG,"['SG', 'SF', 'G', 'F', 'SG/SF', 'G/F', 'F/C', 'UT', 'BE', 'IR']",28.0,True,MIA,ACTIVE,False
13,1,YSK FC,8,Hawk Tuah Demure,4871144,Alperen Sengun,C,PG,"['C', 'PF/C', 'F/C', 'UT', 'BE', 'IR']",174.0,True,HOU,ACTIVE,False
13,1,YSK FC,8,Hawk Tuah Demure,4277961,Jaren Jackson Jr.,C,PG,"['PF', 'C', 'F', 'G/F', 'PF/C', 'F/C', 'UT', 'BE', 'IR']",79.0,True,UTA,OUT,True
13,1,YSK FC,8,Hawk Tuah Demure,3468,Russell Westbrook,PG,PG,"['PG', 'G', 'G/F', 'UT', 'BE', 'IR']",174.0,True,SAC,OUT,True
13,1,YSK FC,8,Hawk Tuah Demure,3133603,Kelly Oubre Jr.,SF,PG,"['SG', 'SF', 'G', 'F', 'SG/SF', 'G/F', 'F/C', 'UT', 'BE', 'IR']",41.0,True,PHL,ACTIVE,False
13,1,YSK FC,8,Hawk Tuah Demure,4066354,Payton Pritchard,PG,PG,"['PG', 'G', 'G/F', 'UT', 'BE', 'IR']",77.0,True,BOS,ACTIVE,False
13,1,YSK FC,8,Hawk Tuah Demure,4278067,Nic Claxton,C,PG,"['C', 'PF/C', 'F/C', 'UT', 'BE', 'IR']",133.0,True,BKN,OUT,True
13,1,YSK FC,8,Hawk Tuah Demure,4432848,Jaime Jaquez Jr.,SF,PG,"['SG', 'SF', 'G', 'F', 'SG/SF', 'G/F', 'F/C', 'UT', 'BE', 'IR']",38.0,True,MIA,ACTIVE,False
13,1,YSK FC,8,Hawk Tuah Demure,4592691,Jake LaRavia,PF,PG,"['PF', 'F', 'G/F', 'PF/C', 'F/C', 'UT', 'BE', 'IR']",29.0,True,LAL,ACTIVE,False
13,1,YSK FC,8,Hawk Tuah Demure,4433083,Cam Spencer,SG,PG,"['PG', 'SG', 'G', 'SG/SF', 'G/F', 'UT', 'BE', 'IR']",49.0,True,MEM,OUT,True
13,1,YSK FC,8,Hawk Tuah Demure,4278073,Shai Gilgeous-Alexander,PG,PG,"['PG', 'G', 'G/F', 'UT', 'BE', 'IR']",144.0,True,OKC,ACTIVE,False
13,1,YSK FC,8,Hawk Tuah Demure,3059319,Andrew Wiggins,SF,PG,"['SF', 'PF', 'F', 'SG/SF', 'G/F', 'PF/C', 'F/C', 'UT', 'BE', 'IR']",78.0,True,MIA,ACTIVE,False
13,1,YSK FC,8,Hawk Tuah Demure,4397688,Trey Murphy III,SF,PG,"['SG', 'SF', 'G', 'F', 'SG/SF', 'G/F', 'F/C', 'UT', 'BE', 'IR']",191.0,True,NOP,OUT,True
13,1,YSK FC,8,Hawk Tuah Demure,4432573,Paolo Banchero,PF,PG,"['SF', 'PF', 'F', 'SG/SF', 'G/F', 'PF/C', 'F/C', 'UT', 'BE', 'IR']",94.0,True,ORL,ACTIVE,False
13,1,YSK FC,8,Hawk Tuah Demure,3078576,Derrick White,SG,PG,"['PG', 'SG', 'G', 'SG/SF', 'G/F', 'UT', 'BE', 'IR']",95.0,True,BOS,ACTIVE,False
13,8,Hawk Tuah Demure,1,YSK FC,4684740,Amen Thompson,SF,PG,"['SG', 'SF', 'PF', 'G', 'F', 'SG/SF', 'G/F', 'PF/C', 'F/C', 'UT', 'BE', 'IR']",137.0,True,HOU,ACTIVE,False
13,8,Hawk Tuah Demure,1,YSK FC,4278594,Naji Marshall,SF,PG,"['SF', 'PF', 'F', 'SG/SF', 'G/F', 'PF/C', 'F/C', 'UT', 'BE', 'IR']",174.0,True,DAL,OUT,True
13,8,Hawk Tuah Demure,1,YSK FC,4396907,Darius Garland,PG,PG,"['PG', 'G', 'G/F', 'UT', 'BE', 'IR']",91.0,True,LAC,ACTIVE,False
13,8,Hawk Tuah Demure,1,YSK FC,4397002,Ayo Dosunmu,SG,PG,"['SG', 'G', 'SG/SF', 'G/F', 'UT', 'BE', 'IR']",124.0,True,MIN,ACTIVE,False
13,8,Hawk Tuah Demure,1,YSK FC,4683021,Deni Avdija,SF,PG,"['SG', 'SF', 'PF', 'G', 'F', 'SG/SF', 'G/F', 'PF/C', 'F/C', 'UT', 'BE', 'IR']",56.0,True,POR,ACTIVE,False
13,8,Hawk Tuah Demure,1,YSK FC,4278129,Deandre Ayton,C,PG,"['C', 'PF/C', 'F/C', 'UT', 'BE', 'IR']",153.0,True,LAL,ACTIVE,False
13,8,Hawk Tuah Demure,1,YSK FC,4279888,Ja Morant,PG,PG,"['PG', 'G', 'G/F', 'UT', 'BE', 'IR']",57.0,True,MEM,OUT,True
13,8,Hawk Tuah Demure,1,YSK FC,4576087,Peyton Watson,SF,PG,"['SF', 'PF', 'F', 'SG/SF', 'G/F', 'PF/C', 'F/C', 'UT', 'BE', 'IR']",141.0,True,DEN,OUT,True
13,8,Hawk Tuah Demure,1,YSK FC,3908809,Donovan Mitchell,SG,PG,"['PG', 'SG', 'G', 'SG/SF', 'G/F', 'UT', 'BE', 'IR']",135.0,True,CLE,ACTIVE,False
13,8,Hawk Tuah Demure,1,YSK FC,4397140,Kevin Porter Jr.,SG,PG,"['PG', 'SG', 'G', 'SG/SF', 'G/F', 'UT', 'BE', 'IR']",35.0,True,MIL,OUT,True
13,8,Hawk Tuah Demure,1,YSK FC,3059318,Joel Embiid,C,PG,"['C', 'PF/C', 'F/C', 'UT', 'BE', 'IR']",112.0,True,PHL,ACTIVE,False
13,8,Hawk Tuah Demure,1,YSK FC,4869780,Derik Queen,C,PG,"['C', 'PF/C', 'F/C', 'UT', 'BE', 'IR', 'Rookie']",109.0,True,NOP,ACTIVE,False
13,8,Hawk Tuah Demure,1,YSK FC,4066336,Lauri Markkanen,PF,PG,"['SF', 'PF', 'F', 'SG/SF', 'G/F', 'PF/C', 'F/C', 'UT', 'BE', 'IR']",50.0,True,UTA,OUT,True
13,2,Phantom Troupe,6,Jeremy Lin fan club,4395651,Coby White,PG,PG,"['PG', 'SG', 'G', 'SG/SF', 'G/F', 'UT', 'BE', 'IR']",97.0,True,CHA,ACTIVE,False
13,2,Phantom Troupe,6,Jeremy Lin fan club,4684742,Ausar Thompson,SF,PG,"['SF', 'PF', 'F', 'SG/SF', 'G/F', 'PF/C', 'F/C', 'UT', 'BE', 'IR']",41.0,True,DET,ACTIVE,False
13,2,Phantom Troupe,6,Jeremy Lin fan club,3934719,OG Anunoby,SF,PG,"['SF', 'PF', 'F', 'SG/SF', 'G/F', 'PF/C', 'F/C', 'UT', 'BE', 'IR']",100.0,True,NYK,ACTIVE,False
13,2,Phantom Troupe,6,Jeremy Lin fan club,3913176,Brandon Ingram,SF,PG,"['SF', 'F', 'SG/SF', 'G/F', 'F/C', 'UT', 'BE', 'IR']",156.0,True,TOR,OUT,True
13,2,Phantom Troupe,6,Jeremy Lin fan club,4683747,Jaylon Tyson,SG,PG,"['SG', 'SF', 'G', 'F', 'SG/SF', 'G/F', 'F/C', 'UT', 'BE', 'IR']",108.0,True,CLE,ACTIVE,False
13,2,Phantom Troupe,6,Jeremy Lin fan club,4432166,Cade Cunningham,PG,PG,"['PG', 'SG', 'G', 'SG/SF', 'G/F', 'UT', 'BE', 'IR']",40.0,True,DET,ACTIVE,False
13,2,Phantom Troupe,6,Jeremy Lin fan club,5124612,VJ Edgecombe,SG,PG,"['SG', 'G', 'SG/SF', 'G/F', 'UT', 'BE', 'IR']",87.0,True,PHL,ACTIVE,False
13,2,Phantom Troupe,6,Jeremy Lin fan club,3978,DeMar DeRozan,SF,PG,"['SF', 'PF', 'F', 'SG/SF', 'G/F', 'PF/C', 'F/C', 'UT', 'BE', 'IR']",171.0,True,SAC,OUT,True
13,2,Phantom Troupe,6,Jeremy Lin fan club,4066320,Desmond Bane,SG,PG,"['SG', 'SF', 'G', 'F', 'SG/SF', 'G/F', 'F/C', 'UT', 'BE', 'IR']",53.0,True,ORL,ACTIVE,False
13,2,Phantom Troupe,6,Jeremy Lin fan club,4395628,Zion Williamson,PF,PG,"['PF', 'F', 'G/F', 'PF/C', 'F/C', 'UT', 'BE', 'IR']",157.0,True,NOP,OUT,True
13,2,Phantom Troupe,6,Jeremy Lin fan club,4017837,Ivica Zubac,C,PG,"['C', 'PF/C', 'F/C', 'UT', 'BE', 'IR']",58.0,True,IND,OUT,True
13,2,Phantom Troupe,6,Jeremy Lin fan club,4432639,Jabari Smith Jr.,PF,PG,"['PF', 'C', 'F', 'G/F', 'PF/C', 'F/C', 'UT', 'BE', 'IR']",124.0,True,HOU,ACTIVE,False
13,2,Phantom Troupe,6,Jeremy Lin fan club,3032979,Dennis Schroder,PG,PG,"['PG', 'G', 'G/F', 'UT', 'BE', 'IR']",25.0,True,CLE,OUT,True
13,6,Jeremy Lin fan club,2,Phantom Troupe,4593125,Santi Aldama,PF,PG,"['SF', 'PF', 'C', 'F', 'SG/SF', 'G/F', 'PF/C', 'F/C', 'UT', 'BE', 'IR']",49.0,True,MEM,OUT,True
13,6,Jeremy Lin fan club,2,Phantom Troupe,4433255,Chet Holmgren,C,PG,"['PF', 'C', 'F', 'G/F', 'PF/C', 'F/C', 'UT', 'BE', 'IR']",129.0,True,OKC,ACTIVE,False
13,6,Jeremy Lin fan club,2,Phantom Troupe,4396971,Naz Reid,C,PG,"['PF', 'C', 'F', 'G/F', 'PF/C', 'F/C', 'UT', 'BE', 'IR']",88.0,True,MIN,ACTIVE,False
13,6,Jeremy Lin fan club,2,Phantom Troupe,5061575,Kon Knueppel,SG,PG,"['SG', 'G', 'SG/SF', 'G/F', 'UT', 'BE', 'IR']",148.0,True,CHA,ACTIVE,False
13,6,Jeremy Lin fan club,2,Phantom Troupe,4395725,Tyler Herro,SG,PG,"['PG', 'SG', 'G', 'SG/SF', 'G/F', 'UT', 'BE', 'IR']",77.0,True,MIA,OUT,True
13,6,Jeremy Lin fan club,2,Phantom Troupe,6478,Nikola Vucevic,C,PG,"['C', 'PF/C', 'F/C', 'UT', 'BE', 'IR']",190.0,True,BOS,ACTIVE,False
13,6,Jeremy Lin fan club,2,Phantom Troupe,3136193,Devin Booker,PG,PG,"['PG', 'SG', 'G', 'SG/SF', 'G/F', 'UT', 'BE', 'IR']",71.0,True,PHO,ACTIVE,False
13,6,Jeremy Lin fan club,2,Phantom Troupe,4432816,LaMelo Ball,PG,PG,"['PG', 'G', 'G/F', 'UT', 'BE', 'IR']",157.0,True,CHA,ACTIVE,False
13,6,Jeremy Lin fan club,2,Phantom Troupe,4431671,Jaden McDaniels,SF,PG,"['SF', 'F', 'SG/SF', 'G/F', 'F/C', 'UT', 'BE', 'IR']",129.0,True,MIN,ACTIVE,False
13,6,Jeremy Lin fan club,2,Phantom Troupe,4900671,Ajay Mitchell,PG,PG,"['PG', 'G', 'G/F', 'UT', 'BE', 'IR']",81.0,True,OKC,OUT,True
13,6,Jeremy Lin fan club,2,Phantom Troupe,4701232,Mark Williams,C,PG,"['C', 'PF/C', 'F/C', 'UT', 'BE', 'IR']",96.0,True,PHO,OUT,True
13,6,Jeremy Lin fan club,2,Phantom Troupe,3147657,Mikal Bridges,SF,PG,"['SG', 'SF', 'G', 'F', 'SG/SF', 'G/F', 'F/C', 'UT', 'BE', 'IR']",97.0,True,NYK,ACTIVE,False
13,6,Jeremy Lin fan club,2,Phantom Troupe,5093267,Collin Murray-Boyles,PF,PG,"['PF', 'F', 'G/F', 'PF/C', 'F/C', 'UT', 'BE', 'IR']",131.0,True,TOR,ACTIVE,False
13,3,Kat's Kittens,9,ybgcorp,4431680,Onyeka Okongwu,C,PG,"['C', 'PF/C', 'F/C', 'UT', 'BE', 'IR']",110.0,True,ATL,ACTIVE,False
13,3,Kat's Kittens,9,ybgcorp,6440,Tobias Harris,PF,PG,"['SF', 'PF', 'F', 'SG/SF', 'G/F', 'PF/C', 'F/C', 'UT', 'BE', 'IR']",20.0,True,DET,ACTIVE,False
13,3,Kat's Kittens,9,ybgcorp,4066262,Malik Monk,SG,PG,"['PG', 'SG', 'SF', 'G', 'F', 'SG/SF', 'G/F', 'F/C', 'UT', 'BE', 'IR']",104.0,True,SAC,OUT,True
13,3,Kat's Kittens,9,ybgcorp,4351851,Anfernee Simons,SG,PG,"['PG', 'SG', 'G', 'SG/SF', 'G/F', 'UT', 'BE', 'IR']",102.0,True,CHI,OUT,True
13,3,Kat's Kittens,9,ybgcorp,3136195,Karl-Anthony Towns,C,PG,"['PF', 'C', 'F', 'G/F', 'PF/C', 'F/C', 'UT', 'BE', 'IR']",113.0,True,NYK,ACTIVE,False
13,3,Kat's Kittens,9,ybgcorp,3064482,Bobby Portis,PF,PG,"['PF', 'F', 'G/F', 'PF/C', 'F/C', 'UT', 'BE', 'IR']",65.0,True,MIL,OUT,True
13,3,Kat's Kittens,9,ybgcorp,3064514,Julius Randle,PF,PG,"['PF', 'F', 'G/F', 'PF/C', 'F/C', 'UT', 'BE', 'IR']",142.0,True,MIN,ACTIVE,False
13,3,Kat's Kittens,9,ybgcorp,4432174,Cam Thomas,SG,PG,"['SG', 'SF', 'G', 'F', 'SG/SF', 'G/F', 'F/C', 'UT', 'BE', 'IR']",29.0,True,FA,ACTIVE,False
13,3,Kat's Kittens,9,ybgcorp,3934673,Donte DiVincenzo,SG,PG,"['PG', 'SG', 'G', 'SG/SF', 'G/F', 'UT', 'BE', 'IR']",81.0,True,MIN,OUT,True
13,3,Kat's Kittens,9,ybgcorp,4277811,Collin Sexton,SG,PG,"['PG', 'SG', 'G', 'SG/SF', 'G/F', 'UT', 'BE', 'IR']",26.0,True,CHI,ACTIVE,False
13,3,Kat's Kittens,9,ybgcorp,3134907,Kyle Kuzma,PF,PG,"['SF', 'PF', 'F', 'SG/SF', 'G/F', 'PF/C', 'F/C', 'UT', 'BE', 'IR']",11.0,True,MIL,OUT,True
13,3,Kat's Kittens,9,ybgcorp,4433621,Jalen Duren,C,PG,"['C', 'PF/C', 'F/C', 'UT', 'BE', 'IR']",77.0,True,DET,ACTIVE,False
13,3,Kat's Kittens,9,ybgcorp,4873138,Ace Bailey,SF,PG,"['SF', 'PF', 'F', 'SG/SF', 'G/F', 'PF/C', 'F/C', 'UT', 'BE', 'IR']",76.0,True,UTA,ACTIVE,False
13,3,Kat's Kittens,9,ybgcorp,3062679,Josh Hart,SF,PG,"['SG', 'SF', 'G', 'F', 'SG/SF', 'G/F', 'F/C', 'UT', 'BE', 'IR']",48.0,True,NYK,ACTIVE,False
13,3,Kat's Kittens,9,ybgcorp,4251,Paul George,SF,PG,"['SF', 'PF', 'F', 'SG/SF', 'G/F', 'PF/C', 'F/C', 'UT', 'BE', 'IR']",96.0,True,PHL,ACTIVE,False
13,3,Kat's Kittens,9,ybgcorp,4431678,Tyrese Maxey,PG,PG,"['PG', 'SG', 'G', 'SG/SF', 'G/F', 'UT', 'BE', 'IR']",147.0,True,PHL,ACTIVE,False
13,3,Kat's Kittens,9,ybgcorp,4845367,Stephon Castle,PG,PG,"['PG', 'SG', 'G', 'SG/SF', 'G/F', 'UT', 'BE', 'IR']",115.0,True,SAS,ACTIVE,False
13,9,ybgcorp,3,Kat's Kittens,5105839,Brice Sensabaugh,SF,PG,"['SF', 'F', 'SG/SF', 'G/F', 'F/C', 'UT', 'BE', 'IR']",34.0,True,UTA,ACTIVE,False
13,9,ybgcorp,3,Kat's Kittens,2530530,T.J. McConnell,PG,PG,"['PG', 'G', 'G/F', 'UT', 'BE', 'IR']",39.0,True,IND,OUT,True
13,9,ybgcorp,3,Kat's Kittens,4433287,Brandon Miller,SF,PG,"['SG', 'SF', 'G', 'F', 'SG/SF', 'G/F', 'F/C', 'UT', 'BE', 'IR']",148.0,True,CHA,OUT,True
13,9,ybgcorp,3,Kat's Kittens,4066328,Jarrett Allen,C,PG,"['C', 'PF/C', 'F/C', 'UT', 'BE', 'IR']",56.0,True,CLE,ACTIVE,False
13,9,ybgcorp,3,Kat's Kittens,4395626,Tre Jones,PG,PG,"['PG', 'G', 'G/F', 'UT', 'BE', 'IR']",127.0,True,CHI,ACTIVE,False
13,9,ybgcorp,3,Kat's Kittens,4701230,Jalen Johnson,PF,PG,"['PF', 'F', 'G/F', 'PF/C', 'F/C', 'UT', 'BE', 'IR']",68.0,True,ATL,ACTIVE,False
13,9,ybgcorp,3,Kat's Kittens,4591725,Ryan Rollins,SG,PG,"['PG', 'SG', 'G', 'SG/SF', 'G/F', 'UT', 'BE', 'IR']",50.0,True,MIL,OUT,True
13,9,ybgcorp,3,Kat's Kittens,1966,LeBron James,SF,PG,"['SF', 'PF', 'F', 'SG/SF', 'G/F', 'PF/C', 'F/C', 'UT', 'BE', 'IR']",246.0,True,LAL,ACTIVE,False
13,9,ybgcorp,3,Kat's Kittens,4869342,Dyson Daniels,SG,PG,"['PG', 'SG', 'G', 'SG/SF', 'G/F', 'UT', 'BE', 'IR']",56.0,True,ATL,ACTIVE,False
13,9,ybgcorp,3,Kat's Kittens,4397014,Quentin Grimes,SG,PG,"['SG', 'G', 'SG/SF', 'G/F', 'UT', 'BE', 'IR']",58.0,True,PHL,ACTIVE,False
13,9,ybgcorp,3,Kat's Kittens,4712849,Anthony Black,PG,PG,"['PG', 'SG', 'G', 'SG/SF', 'G/F', 'UT', 'BE', 'IR']",48.0,True,ORL,ACTIVE,False
13,9,ybgcorp,3,Kat's Kittens,4278039,Nickeil Alexander-Walker,SG,PG,"['SG', 'G', 'SG/SF', 'G/F', 'UT', 'BE', 'IR']",113.0,True,ATL,ACTIVE,False
13,9,ybgcorp,3,Kat's Kittens,3908845,John Collins,PF,PG,"['PF', 'C', 'F', 'G/F', 'PF/C', 'F/C', 'UT', 'BE', 'IR']",7.0,True,LAC,ACTIVE,False
13,9,ybgcorp,3,Kat's Kittens,2583632,Royce O'Neale,SF,PG,"['SF', 'F', 'SG/SF', 'G/F', 'F/C', 'UT', 'BE', 'IR']",70.0,True,PHO,ACTIVE,False
13,9,ybgcorp,3,Kat's Kittens,4065731,Jay Huff,C,PG,"['C', 'PF/C', 'F/C', 'UT', 'BE', 'IR']",6.0,True,IND,ACTIVE,False
13,9,ybgcorp,3,Kat's Kittens,3064560,Luke Kornet,C,PG,"['C', 'PF/C', 'F/C', 'UT', 'BE', 'IR']",44.0,True,SAS,ACTIVE,False
13,4,SKAVALASSKKYYYY,7,Goat's,2490149,CJ McCollum,SG,PG,"['PG', 'SG', 'G', 'SG/SF', 'G/F', 'UT', 'BE', 'IR']",84.0,True,ATL,ACTIVE,False
13,4,SKAVALASSKKYYYY,7,Goat's,4278053,Davion Mitchell,PG,PG,"['PG', 'G', 'G/F', 'UT', 'BE', 'IR']",29.0,True,MIA,ACTIVE,False
13,4,SKAVALASSKKYYYY,7,Goat's,3945274,Luka Doncic,PG,PG,"['PG', 'G', 'G/F', 'UT', 'BE', 'IR']",221.0,True,LAL,OUT,True
13,4,SKAVALASSKKYYYY,7,Goat's,3975,Stephen Curry,PG,PG,"['PG', 'G', 'G/F', 'UT', 'BE', 'IR']",108.0,True,GSW,ACTIVE,False
13,4,SKAVALASSKKYYYY,7,Goat's,4395723,Keldon Johnson,SF,PG,"['SF', 'PF', 'F', 'SG/SF', 'G/F', 'PF/C', 'F/C', 'UT', 'BE', 'IR']",35.0,True,SAS,ACTIVE,False
13,4,SKAVALASSKKYYYY,7,Goat's,3064290,Aaron Gordon,PF,PG,"['PF', 'F', 'G/F', 'PF/C', 'F/C', 'UT', 'BE', 'IR']",112.0,True,DEN,OUT,True
13,4,SKAVALASSKKYYYY,7,Goat's,5105565,Donovan Clingan,C,PG,"['C', 'PF/C', 'F/C', 'UT', 'BE', 'IR']",113.0,True,POR,ACTIVE,False
13,4,SKAVALASSKKYYYY,7,Goat's,4397136,Saddiq Bey,SF,PG,"['SF', 'PF', 'F', 'SG/SF', 'G/F', 'PF/C', 'F/C', 'UT', 'BE', 'IR']",49.0,True,NOP,ACTIVE,False
13,4,SKAVALASSKKYYYY,7,Goat's,3155526,Dillon Brooks,SF,PG,"['SG', 'SF', 'G', 'F', 'SG/SF', 'G/F', 'F/C', 'UT', 'BE', 'IR']",46.0,True,PHO,ACTIVE,False
13,4,SKAVALASSKKYYYY,7,Goat's,3992,James Harden,PG,PG,"['PG', 'SG', 'G', 'SG/SF', 'G/F', 'UT', 'BE', 'IR']",147.0,True,CLE,ACTIVE,False
13,4,SKAVALASSKKYYYY,7,Goat's,3917376,Jaylen Brown,SF,PG,"['SG', 'SF', 'G', 'F', 'SG/SF', 'G/F', 'F/C', 'UT', 'BE', 'IR']",76.0,True,BOS,ACTIVE,False
13,4,SKAVALASSKKYYYY,7,Goat's,3032976,Rudy Gobert,C,PG,"['C', 'PF/C', 'F/C', 'UT', 'BE', 'IR']",30.0,True,MIN,ACTIVE,False
13,4,SKAVALASSKKYYYY,7,Goat's,5041939,Cooper Flagg,SF,PG,"['PG', 'SF', 'PF', 'G', 'F', 'SG/SF', 'G/F', 'PF/C', 'F/C', 'UT', 'BE', 'IR']",72.0,True,DAL,OUT,True
13,7,Goat's,4,SKAVALASSKKYYYY,3202,Kevin Durant,PF,PG,"['SF', 'PF', 'F', 'SG/SF', 'G/F', 'PF/C', 'F/C', 'UT', 'BE', 'IR']",172.0,True,HOU,OUT,True
13,7,Goat's,4,SKAVALASSKKYYYY,4914336,Shaedon Sharpe,SG,PG,"['SG', 'SF', 'G', 'F', 'SG/SF', 'G/F', 'F/C', 'UT', 'BE', 'IR']",141.0,True,POR,ACTIVE,False
13,7,Goat's,4,SKAVALASSKKYYYY,4066261,Bam Adebayo,C,PG,"['PF', 'C', 'F', 'G/F', 'PF/C', 'F/C', 'UT', 'BE', 'IR']",153.0,True,MIA,OUT,True
13,7,Goat's,4,SKAVALASSKKYYYY,4395724,Immanuel Quickley,PG,PG,"['PG', 'SG', 'G', 'SG/SF', 'G/F', 'UT', 'BE', 'IR']",54.0,True,TOR,OUT,True
13,7,Goat's,4,SKAVALASSKKYYYY,6450,Kawhi Leonard,SF,PG,"['SF', 'PF', 'F', 'SG/SF', 'G/F', 'PF/C', 'F/C', 'UT', 'BE', 'IR']",112.0,True,LAC,ACTIVE,False
13,7,Goat's,4,SKAVALASSKKYYYY,5144091,Jeremiah Fears,SG,PG,"['PG', 'SG', 'G', 'SG/SF', 'G/F', 'UT', 'BE', 'IR']",16.0,True,NOP,ACTIVE,False
13,7,Goat's,4,SKAVALASSKKYYYY,4709138,Brandin Podziemski,SG,PG,"['PG', 'SG', 'G', 'SG/SF', 'G/F', 'UT', 'BE', 'IR']",116.0,True,GSW,ACTIVE,False
13,7,Goat's,4,SKAVALASSKKYYYY,4277847,Wendell Carter Jr.,C,PG,"['C', 'PF/C', 'F/C', 'UT', 'BE', 'IR']",75.0,True,ORL,ACTIVE,False
13,7,Goat's,4,SKAVALASSKKYYYY,3064440,Zach LaVine,SG,PG,"['SG', 'SF', 'G', 'F', 'SG/SF', 'G/F', 'F/C', 'UT', 'BE', 'IR']",123.0,True,SAC,OUT,True
13,7,Goat's,4,SKAVALASSKKYYYY,3936299,Jamal Murray,PG,PG,"['PG', 'G', 'G/F', 'UT', 'BE', 'IR']",213.0,True,DEN,ACTIVE,False
13,7,Goat's,4,SKAVALASSKKYYYY,4278585,Collin Gillespie,PG,PG,"['PG', 'G', 'G/F', 'UT', 'BE', 'IR']",96.0,True,PHO,ACTIVE,False
13,7,Goat's,4,SKAVALASSKKYYYY,4278104,Michael Porter Jr.,SF,PG,"['SF', 'PF', 'F', 'SG/SF', 'G/F', 'PF/C', 'F/C', 'UT', 'BE', 'IR']",104.0,True,BKN,OUT,True
13,7,Goat's,4,SKAVALASSKKYYYY,4065732,De'Andre Hunter,SF,PG,"['SF', 'PF', 'F', 'SG/SF', 'G/F', 'PF/C', 'F/C', 'UT', 'BE', 'IR']",36.0,True,SAC,OUT,True
13,7,Goat's,4,SKAVALASSKKYYYY,6430,Jimmy Butler III,SF,PG,"['SG', 'SF', 'PF', 'G', 'F', 'SG/SF', 'G/F', 'PF/C', 'F/C', 'UT', 'BE', 'IR']",97.0,True,GSW,OUT,True
13,7,Goat's,4,SKAVALASSKKYYYY,3032977,Giannis Antetokounmpo,PF,PG,"['PF', 'C', 'F', 'G/F', 'PF/C', 'F/C', 'UT', 'BE', 'IR']",61.0,True,MIL,OUT,True
13,5,Poole Party,10,Van Der Linde Gang,4395712,Andrew Nembhard,PG,PG,"['PG', 'SG', 'G', 'SG/SF', 'G/F', 'UT', 'BE', 'IR']",107.0,True,IND,OUT,True
13,5,Poole Party,10,Van Der Linde Gang,4277956,Jordan Poole,SG,PG,"['PG', 'SG', 'G', 'SG/SF', 'G/F', 'UT', 'BE', 'IR']",64.0,True,NOP,ACTIVE,False
13,5,Poole Party,10,Van Der Linde Gang,4683692,Cason Wallace,SG,PG,"['SG', 'G', 'SG/SF', 'G/F', 'UT', 'BE', 'IR']",24.0,True,OKC,ACTIVE,False
13,5,Poole Party,10,Van Der Linde Gang,5174563,Kyshawn George,SG,PG,"['SG', 'SF', 'G', 'F', 'SG/SF', 'G/F', 'F/C', 'UT', 'BE', 'IR']",143.0,True,WAS,OUT,True
13,5,Poole Party,10,Van Der Linde Gang,4066259,De'Aaron Fox,PG,PG,"['PG', 'G', 'G/F', 'UT', 'BE', 'IR']",112.0,True,SAS,ACTIVE,False
13,5,Poole Party,10,Van Der Linde Gang,4593803,Jalen Williams,PF,PG,"['SF', 'PF', 'C', 'F', 'SG/SF', 'G/F', 'PF/C', 'F/C', 'UT', 'BE', 'IR']",77.0,True,OKC,OUT,True
13,5,Poole Party,10,Van Der Linde Gang,3102530,Jusuf Nurkic,C,PG,"['C', 'PF/C', 'F/C', 'UT', 'BE', 'IR']",52.0,True,UTA,OUT,True
13,5,Poole Party,10,Van Der Linde Gang,5160992,Alex Sarr,C,PG,"['C', 'PF/C', 'F/C', 'UT', 'BE', 'IR']",59.0,True,WAS,OUT,True
13,5,Poole Party,10,Van Der Linde Gang,5104155,Bilal Coulibaly,SF,PG,"['SG', 'SF', 'G', 'F', 'SG/SF', 'G/F', 'F/C', 'UT', 'BE', 'IR']",6.0,True,WAS,OUT,True
13,5,Poole Party,10,Van Der Linde Gang,4711294,Matas Buzelis,SF,PG,"['SF', 'PF', 'F', 'SG/SF', 'G/F', 'PF/C', 'F/C', 'UT', 'BE', 'IR']",118.0,True,CHI,OUT,True
13,5,Poole Party,10,Van Der Linde Gang,3149673,Pascal Siakam,PF,PG,"['PF', 'F', 'G/F', 'PF/C', 'F/C', 'UT', 'BE', 'IR']",137.0,True,IND,OUT,True
13,5,Poole Party,10,Van Der Linde Gang,4431736,Toumani Camara,PF,PG,"['SF', 'PF', 'F', 'SG/SF', 'G/F', 'PF/C', 'F/C', 'UT', 'BE', 'IR']",68.0,True,POR,ACTIVE,False
13,5,Poole Party,10,Van Der Linde Gang,3995,Jrue Holiday,PG,PG,"['PG', 'SG', 'G', 'SG/SF', 'G/F', 'UT', 'BE', 'IR']",50.0,True,POR,ACTIVE,False
13,5,Poole Party,10,Van Der Linde Gang,4432158,Evan Mobley,PF,PG,"['PF', 'C', 'F', 'G/F', 'PF/C', 'F/C', 'UT', 'BE', 'IR']",161.0,True,CLE,ACTIVE,False
13,10,Van Der Linde Gang,5,Poole Party,5104157,Victor Wembanyama,C,PG,"['C', 'PF/C', 'F/C', 'UT', 'BE', 'IR']",131.0,True,SAS,ACTIVE,False
13,10,Van Der Linde Gang,5,Poole Party,4066383,Miles Bridges,SF,PG,"['SF', 'PF', 'F', 'SG/SF', 'G/F', 'PF/C', 'F/C', 'UT', 'BE', 'IR']",84.0,True,CHA,ACTIVE,False
13,10,Van Der Linde Gang,5,Poole Party,4397424,Neemias Queta,C,PG,"['C', 'PF/C', 'F/C', 'UT', 'BE', 'IR']",91.0,True,BOS,ACTIVE,False
13,10,Van Der Linde Gang,5,Poole Party,4566434,Franz Wagner,SF,PG,"['SF', 'PF', 'F', 'SG/SF', 'G/F', 'PF/C', 'F/C', 'UT', 'BE', 'IR']",42.0,True,ORL,OUT,True
13,10,Van Der Linde Gang,5,Poole Party,4433627,Keyonte George,PG,PG,"['PG', 'SG', 'G', 'SG/SF', 'G/F', 'UT', 'BE', 'IR']",177.0,True,UTA,OUT,True
13,10,Van Der Linde Gang,5,Poole Party,4903027,Cedric Coward,SF,PG,"['SG', 'SF', 'G', 'F', 'SG/SF', 'G/F', 'F/C', 'UT', 'BE', 'IR']",23.0,True,MEM,OUT,True
13,10,Van Der Linde Gang,5,Poole Party,5105623,Kel'el Ware,C,PG,"['C', 'PF/C', 'F/C', 'UT', 'BE', 'IR']",49.0,True,MIA,ACTIVE,False
13,10,Van Der Linde Gang,5,Poole Party,3135045,Grayson Allen,SG,PG,"['PG', 'SG', 'G', 'SG/SF', 'G/F', 'UT', 'BE', 'IR']",112.0,True,PHO,ACTIVE,False
13,10,Van Der Linde Gang,5,Poole Party,2595516,Norman Powell,SG,PG,"['SG', 'SF', 'G', 'F', 'SG/SF', 'G/F', 'F/C', 'UT', 'BE', 'IR']",126.0,True,MIA,ACTIVE,False
13,10,Van Der Linde Gang,5,Poole Party,3934672,Jalen Brunson,PG,PG,"['PG', 'G', 'G/F', 'UT', 'BE', 'IR']",3.0,True,NYK,ACTIVE,False
13,10,Van Der Linde Gang,5,Poole Party,4433134,Scottie Barnes,SF,PG,"['SG', 'SF', 'PF', 'G', 'F', 'SG/SF', 'G/F', 'PF/C', 'F/C', 'UT', 'BE', 'IR']",168.0,True,TOR,ACTIVE,False
13,10,Van Der Linde Gang,5,Poole Party,4711272,Reed Sheppard,SG,PG,"['PG', 'SG', 'G', 'SG/SF', 'G/F', 'UT', 'BE', 'IR']",74.0,True,HOU,ACTIVE,False
14,8,Hawk Tuah Demure,6,Jeremy Lin fan club,4684740,Amen Thompson,SF,PG,"['SG', 'SF', 'PF', 'G', 'F', 'SG/SF', 'G/F', 'PF/C', 'F/C', 'UT', 'BE', 'IR']",140.0,True,HOU,ACTIVE,False
14,8,Hawk Tuah Demure,6,Jeremy Lin fan club,4278594,Naji Marshall,SF,PG,"['SF', 'PF', 'F', 'SG/SF', 'G/F', 'PF/C', 'F/C', 'UT', 'BE', 'IR']",121.0,True,DAL,OUT,True
14,8,Hawk Tuah Demure,6,Jeremy Lin fan club,4871145,Josh Giddey,SG,PG,"['PG', 'SG', 'SF', 'G', 'F', 'SG/SF', 'G/F', 'F/C', 'UT', 'BE', 'IR']",58.0,True,CHI,OUT,True
14,8,Hawk Tuah Demure,6,Jeremy Lin fan club,2530530,T.J. McConnell,PG,PG,"['PG', 'G', 'G/F', 'UT', 'BE', 'IR']",19.0,True,IND,OUT,True
14,8,Hawk Tuah Demure,6,Jeremy Lin fan club,4432171,Moses Moody,SG,PG,"['SG', 'SF', 'G', 'F', 'SG/SF', 'G/F', 'F/C', 'UT', 'BE', 'IR']",41.0,True,GSW,OUT,True
14,8,Hawk Tuah Demure,6,Jeremy Lin fan club,4397002,Ayo Dosunmu,SG,PG,"['SG', 'G', 'SG/SF', 'G/F', 'UT', 'BE', 'IR']",65.0,True,MIN,ACTIVE,False
14,8,Hawk Tuah Demure,6,Jeremy Lin fan club,4683021,Deni Avdija,SF,PG,"['SG', 'SF', 'PF', 'G', 'F', 'SG/SF', 'G/F', 'PF/C', 'F/C', 'UT', 'BE', 'IR']",32.0,True,POR,ACTIVE,False
14,8,Hawk Tuah Demure,6,Jeremy Lin fan club,4431823,Miles McBride,PG,PG,"['PG', 'G', 'G/F', 'UT', 'BE', 'IR']",16.0,True,NYK,ACTIVE,False
14,8,Hawk Tuah Demure,6,Jeremy Lin fan club,4278129,Deandre Ayton,C,PG,"['C', 'PF/C', 'F/C', 'UT', 'BE', 'IR']",34.0,True,LAL,ACTIVE,False
14,8,Hawk Tuah Demure,6,Jeremy Lin fan club,4279888,Ja Morant,PG,PG,"['PG', 'G', 'G/F', 'UT', 'BE', 'IR']",55.0,True,MEM,OUT,True
14,8,Hawk Tuah Demure,6,Jeremy Lin fan club,4576087,Peyton Watson,SF,PG,"['SF', 'PF', 'F', 'SG/SF', 'G/F', 'PF/C', 'F/C', 'UT', 'BE', 'IR']",120.0,True,DEN,OUT,True
14,8,Hawk Tuah Demure,6,Jeremy Lin fan club,3908809,Donovan Mitchell,SG,PG,"['PG', 'SG', 'G', 'SG/SF', 'G/F', 'UT', 'BE', 'IR']",172.0,True,CLE,ACTIVE,False
14,8,Hawk Tuah Demure,6,Jeremy Lin fan club,4397140,Kevin Porter Jr.,SG,PG,"['PG', 'SG', 'G', 'SG/SF', 'G/F', 'UT', 'BE', 'IR']",30.0,True,MIL,OUT,True
14,8,Hawk Tuah Demure,6,Jeremy Lin fan club,3059318,Joel Embiid,C,PG,"['C', 'PF/C', 'F/C', 'UT', 'BE', 'IR']",174.0,True,PHL,ACTIVE,False
14,8,Hawk Tuah Demure,6,Jeremy Lin fan club,6589,Draymond Green,PF,PG,"['PF', 'C', 'F', 'G/F', 'PF/C', 'F/C', 'UT', 'BE', 'IR']",20.0,True,GSW,ACTIVE,False
14,8,Hawk Tuah Demure,6,Jeremy Lin fan club,4869780,Derik Queen,C,PG,"['C', 'PF/C', 'F/C', 'UT', 'BE', 'IR', 'Rookie']",52.0,True,NOP,ACTIVE,False
14,6,Jeremy Lin fan club,8,Hawk Tuah Demure,4433255,Chet Holmgren,C,PG,"['PF', 'C', 'F', 'G/F', 'PF/C', 'F/C', 'UT', 'BE', 'IR']",150.0,True,OKC,ACTIVE,False
14,6,Jeremy Lin fan club,8,Hawk Tuah Demure,4397189,Jalen Smith,PF,PG,"['PF', 'C', 'F', 'G/F', 'PF/C', 'F/C', 'UT', 'BE', 'IR']",27.0,True,CHI,OUT,True
14,6,Jeremy Lin fan club,8,Hawk Tuah Demure,4432165,Jalen Suggs,PG,PG,"['PG', 'SG', 'G', 'SG/SF', 'G/F', 'UT', 'BE', 'IR']",21.0,True,ORL,ACTIVE,False
14,6,Jeremy Lin fan club,8,Hawk Tuah Demure,4712896,Noah Clowney,PF,PG,"['PF', 'F', 'G/F', 'PF/C', 'F/C', 'UT', 'BE', 'IR']",13.0,True,BKN,OUT,True
14,6,Jeremy Lin fan club,8,Hawk Tuah Demure,4601025,Pelle Larsson,SG,PG,"['SG', 'G', 'SG/SF', 'G/F', 'UT', 'BE', 'IR']",13.0,True,MIA,ACTIVE,False
14,6,Jeremy Lin fan club,8,Hawk Tuah Demure,4396971,Naz Reid,C,PG,"['PF', 'C', 'F', 'G/F', 'PF/C', 'F/C', 'UT', 'BE', 'IR']",92.0,True,MIN,ACTIVE,False
14,6,Jeremy Lin fan club,8,Hawk Tuah Demure,5061575,Kon Knueppel,SG,PG,"['SG', 'G', 'SG/SF', 'G/F', 'UT', 'BE', 'IR']",91.0,True,CHA,ACTIVE,False
14,6,Jeremy Lin fan club,8,Hawk Tuah Demure,3899664,Simone Fontecchio,SF,PG,"['SF', 'F', 'SG/SF', 'G/F', 'F/C', 'UT', 'BE', 'IR']",8.0,True,MIA,ACTIVE,False
14,6,Jeremy Lin fan club,8,Hawk Tuah Demure,3136193,Devin Booker,PG,PG,"['PG', 'SG', 'G', 'SG/SF', 'G/F', 'UT', 'BE', 'IR']",108.0,True,PHO,ACTIVE,False
14,6,Jeremy Lin fan club,8,Hawk Tuah Demure,6478,Nikola Vucevic,C,PG,"['C', 'PF/C', 'F/C', 'UT', 'BE', 'IR']",123.0,True,BOS,ACTIVE,False
14,6,Jeremy Lin fan club,8,Hawk Tuah Demure,4432816,LaMelo Ball,PG,PG,"['PG', 'G', 'G/F', 'UT', 'BE', 'IR']",98.0,True,CHA,ACTIVE,False
14,6,Jeremy Lin fan club,8,Hawk Tuah Demure,4431671,Jaden McDaniels,SF,PG,"['SF', 'F', 'SG/SF', 'G/F', 'F/C', 'UT', 'BE', 'IR']",69.0,True,MIN,ACTIVE,False
14,6,Jeremy Lin fan club,8,Hawk Tuah Demure,4900671,Ajay Mitchell,PG,PG,"['PG', 'G', 'G/F', 'UT', 'BE', 'IR']",55.0,True,OKC,OUT,True
14,6,Jeremy Lin fan club,8,Hawk Tuah Demure,3155942,Domantas Sabonis,C,PG,"['PF', 'C', 'F', 'G/F', 'PF/C', 'F/C', 'UT', 'BE', 'IR']",43.0,True,SAC,OUT,True
14,6,Jeremy Lin fan club,8,Hawk Tuah Demure,4701232,Mark Williams,C,PG,"['C', 'PF/C', 'F/C', 'UT', 'BE', 'IR']",69.0,True,PHO,OUT,True
14,6,Jeremy Lin fan club,8,Hawk Tuah Demure,4873138,Ace Bailey,SF,PG,"['SF', 'PF', 'F', 'SG/SF', 'G/F', 'PF/C', 'F/C', 'UT', 'BE', 'IR']",27.0,True,UTA,ACTIVE,False
14,6,Jeremy Lin fan club,8,Hawk Tuah Demure,4592479,Julian Champagnie,SF,PG,"['SF', 'F', 'SG/SF', 'G/F', 'F/C', 'UT', 'BE', 'IR']",39.0,True,SAS,ACTIVE,False
14,6,Jeremy Lin fan club,8,Hawk Tuah Demure,3147657,Mikal Bridges,SF,PG,"['SG', 'SF', 'G', 'F', 'SG/SF', 'G/F', 'F/C', 'UT', 'BE', 'IR']",63.0,True,NYK,ACTIVE,False
14,9,ybgcorp,1,YSK FC,4433287,Brandon Miller,SF,PG,"['SG', 'SF', 'G', 'F', 'SG/SF', 'G/F', 'F/C', 'UT', 'BE', 'IR']",112.0,True,CHA,OUT,True
14,9,ybgcorp,1,YSK FC,4432582,Max Christie,SG,PG,"['SG', 'G', 'SG/SF', 'G/F', 'UT', 'BE', 'IR']",32.0,True,DAL,ACTIVE,False
14,9,ybgcorp,1,YSK FC,4066328,Jarrett Allen,C,PG,"['C', 'PF/C', 'F/C', 'UT', 'BE', 'IR']",130.0,True,CLE,ACTIVE,False
14,9,ybgcorp,1,YSK FC,4395626,Tre Jones,PG,PG,"['PG', 'G', 'G/F', 'UT', 'BE', 'IR']",87.0,True,CHI,ACTIVE,False
14,9,ybgcorp,1,YSK FC,4701230,Jalen Johnson,PF,PG,"['PF', 'F', 'G/F', 'PF/C', 'F/C', 'UT', 'BE', 'IR']",162.0,True,ATL,ACTIVE,False
14,9,ybgcorp,1,YSK FC,4591725,Ryan Rollins,SG,PG,"['PG', 'SG', 'G', 'SG/SF', 'G/F', 'UT', 'BE', 'IR']",100.0,True,MIL,OUT,True
14,9,ybgcorp,1,YSK FC,1966,LeBron James,SF,PG,"['SF', 'PF', 'F', 'SG/SF', 'G/F', 'PF/C', 'F/C', 'UT', 'BE', 'IR']",111.0,True,LAL,ACTIVE,False
14,9,ybgcorp,1,YSK FC,4396818,Jordan Miller,SF,PG,"['SF', 'F', 'SG/SF', 'G/F', 'F/C', 'UT', 'BE', 'IR']",10.0,True,LAC,ACTIVE,False
14,9,ybgcorp,1,YSK FC,4869342,Dyson Daniels,SG,PG,"['PG', 'SG', 'G', 'SG/SF', 'G/F', 'UT', 'BE', 'IR']",98.0,True,ATL,ACTIVE,False
14,9,ybgcorp,1,YSK FC,4397014,Quentin Grimes,SG,PG,"['SG', 'G', 'SG/SF', 'G/F', 'UT', 'BE', 'IR']",49.0,True,PHL,ACTIVE,False
14,9,ybgcorp,1,YSK FC,4278580,Sandro Mamukelashvili,PF,PG,"['PF', 'F', 'G/F', 'PF/C', 'F/C', 'UT', 'BE', 'IR']",103.0,True,TOR,ACTIVE,False
14,9,ybgcorp,1,YSK FC,4712849,Anthony Black,PG,PG,"['PG', 'SG', 'G', 'SG/SF', 'G/F', 'UT', 'BE', 'IR']",3.0,True,ORL,ACTIVE,False
14,9,ybgcorp,1,YSK FC,4278039,Nickeil Alexander-Walker,SG,PG,"['SG', 'G', 'SG/SF', 'G/F', 'UT', 'BE', 'IR']",108.0,True,ATL,ACTIVE,False
14,9,ybgcorp,1,YSK FC,2583632,Royce O'Neale,SF,PG,"['SF', 'F', 'SG/SF', 'G/F', 'F/C', 'UT', 'BE', 'IR']",37.0,True,PHO,ACTIVE,False
14,9,ybgcorp,1,YSK FC,4065731,Jay Huff,C,PG,"['C', 'PF/C', 'F/C', 'UT', 'BE', 'IR']",29.0,True,IND,ACTIVE,False
14,9,ybgcorp,1,YSK FC,4437244,Jalen Green,SG,PG,"['SG', 'G', 'SG/SF', 'G/F', 'UT', 'BE', 'IR']",19.0,True,PHO,ACTIVE,False
14,1,YSK FC,9,ybgcorp,4871144,Alperen Sengun,C,PG,"['C', 'PF/C', 'F/C', 'UT', 'BE', 'IR']",122.0,True,HOU,ACTIVE,False
14,1,YSK FC,9,ybgcorp,4277961,Jaren Jackson Jr.,C,PG,"['PF', 'C', 'F', 'G/F', 'PF/C', 'F/C', 'UT', 'BE', 'IR']",78.0,True,UTA,OUT,True
14,1,YSK FC,9,ybgcorp,3064482,Bobby Portis,PF,PG,"['PF', 'F', 'G/F', 'PF/C', 'F/C', 'UT', 'BE', 'IR']",19.0,True,MIL,OUT,True
14,1,YSK FC,9,ybgcorp,3468,Russell Westbrook,PG,PG,"['PG', 'G', 'G/F', 'UT', 'BE', 'IR']",119.0,True,SAC,OUT,True
14,1,YSK FC,9,ybgcorp,3133603,Kelly Oubre Jr.,SF,PG,"['SG', 'SF', 'G', 'F', 'SG/SF', 'G/F', 'F/C', 'UT', 'BE', 'IR']",153.0,True,PHL,ACTIVE,False
14,1,YSK FC,9,ybgcorp,4066354,Payton Pritchard,PG,PG,"['PG', 'G', 'G/F', 'UT', 'BE', 'IR']",128.0,True,BOS,ACTIVE,False
14,1,YSK FC,9,ybgcorp,4278067,Nic Claxton,C,PG,"['C', 'PF/C', 'F/C', 'UT', 'BE', 'IR']",125.0,True,BKN,OUT,True
14,1,YSK FC,9,ybgcorp,4065804,Sam Hauser,SF,PG,"['SF', 'F', 'SG/SF', 'G/F', 'F/C', 'UT', 'BE', 'IR']",67.0,True,BOS,ACTIVE,False
14,1,YSK FC,9,ybgcorp,4432848,Jaime Jaquez Jr.,SF,PG,"['SG', 'SF', 'G', 'F', 'SG/SF', 'G/F', 'F/C', 'UT', 'BE', 'IR']",99.0,True,MIA,ACTIVE,False
14,1,YSK FC,9,ybgcorp,4433083,Cam Spencer,SG,PG,"['PG', 'SG', 'G', 'SG/SF', 'G/F', 'UT', 'BE', 'IR']",17.0,True,MEM,OUT,True
14,1,YSK FC,9,ybgcorp,4278073,Shai Gilgeous-Alexander,PG,PG,"['PG', 'G', 'G/F', 'UT', 'BE', 'IR']",259.0,True,OKC,ACTIVE,False
14,1,YSK FC,9,ybgcorp,3059319,Andrew Wiggins,SF,PG,"['SF', 'PF', 'F', 'SG/SF', 'G/F', 'PF/C', 'F/C', 'UT', 'BE', 'IR']",153.0,True,MIA,ACTIVE,False
14,1,YSK FC,9,ybgcorp,4397688,Trey Murphy III,SF,PG,"['SG', 'SF', 'G', 'F', 'SG/SF', 'G/F', 'F/C', 'UT', 'BE', 'IR']",111.0,True,NOP,OUT,True
14,1,YSK FC,9,ybgcorp,3078576,Derrick White,SG,PG,"['PG', 'SG', 'G', 'SG/SF', 'G/F', 'UT', 'BE', 'IR']",83.0,True,BOS,ACTIVE,False
14,1,YSK FC,9,ybgcorp,4432573,Paolo Banchero,PF,PG,"['SF', 'PF', 'F', 'SG/SF', 'G/F', 'PF/C', 'F/C', 'UT', 'BE', 'IR']",68.0,True,ORL,ACTIVE,False
14,7,Goat's,2,Phantom Troupe,3202,Kevin Durant,PF,PG,"['SF', 'PF', 'F', 'SG/SF', 'G/F', 'PF/C', 'F/C', 'UT', 'BE', 'IR']",146.0,True,HOU,OUT,True
14,7,Goat's,2,Phantom Troupe,4914336,Shaedon Sharpe,SG,PG,"['SG', 'SF', 'G', 'F', 'SG/SF', 'G/F', 'F/C', 'UT', 'BE', 'IR']",82.0,True,POR,ACTIVE,False
14,7,Goat's,2,Phantom Troupe,4066261,Bam Adebayo,C,PG,"['PF', 'C', 'F', 'G/F', 'PF/C', 'F/C', 'UT', 'BE', 'IR']",202.0,True,MIA,OUT,True
14,7,Goat's,2,Phantom Troupe,4395724,Immanuel Quickley,PG,PG,"['PG', 'SG', 'G', 'SG/SF', 'G/F', 'UT', 'BE', 'IR']",227.0,True,TOR,OUT,True
14,7,Goat's,2,Phantom Troupe,6450,Kawhi Leonard,SF,PG,"['SF', 'PF', 'F', 'SG/SF', 'G/F', 'PF/C', 'F/C', 'UT', 'BE', 'IR']",45.0,True,LAC,ACTIVE,False
14,7,Goat's,2,Phantom Troupe,5175643,Egor Demin,PG,PG,"['PG', 'G', 'G/F', 'UT', 'BE', 'IR']",24.0,True,BKN,OUT,True
14,7,Goat's,2,Phantom Troupe,4709138,Brandin Podziemski,SG,PG,"['PG', 'SG', 'G', 'SG/SF', 'G/F', 'UT', 'BE', 'IR']",134.0,True,GSW,ACTIVE,False
14,7,Goat's,2,Phantom Troupe,3064440,Zach LaVine,SG,PG,"['SG', 'SF', 'G', 'F', 'SG/SF', 'G/F', 'F/C', 'UT', 'BE', 'IR']",79.0,True,SAC,OUT,True
14,7,Goat's,2,Phantom Troupe,4277847,Wendell Carter Jr.,C,PG,"['C', 'PF/C', 'F/C', 'UT', 'BE', 'IR']",41.0,True,ORL,ACTIVE,False
14,7,Goat's,2,Phantom Troupe,3936299,Jamal Murray,PG,PG,"['PG', 'G', 'G/F', 'UT', 'BE', 'IR']",97.0,True,DEN,ACTIVE,False
14,7,Goat's,2,Phantom Troupe,4278585,Collin Gillespie,PG,PG,"['PG', 'G', 'G/F', 'UT', 'BE', 'IR']",123.0,True,PHO,ACTIVE,False
14,7,Goat's,2,Phantom Troupe,4278104,Michael Porter Jr.,SF,PG,"['SF', 'PF', 'F', 'SG/SF', 'G/F', 'PF/C', 'F/C', 'UT', 'BE', 'IR']",111.0,True,BKN,OUT,True
14,7,Goat's,2,Phantom Troupe,4065732,De'Andre Hunter,SF,PG,"['SF', 'PF', 'F', 'SG/SF', 'G/F', 'PF/C', 'F/C', 'UT', 'BE', 'IR']",25.0,True,SAC,OUT,True
14,7,Goat's,2,Phantom Troupe,6430,Jimmy Butler III,SF,PG,"['SG', 'SF', 'PF', 'G', 'F', 'SG/SF', 'G/F', 'PF/C', 'F/C', 'UT', 'BE', 'IR']",33.0,True,GSW,OUT,True
14,7,Goat's,2,Phantom Troupe,3032977,Giannis Antetokounmpo,PF,PG,"['PF', 'C', 'F', 'G/F', 'PF/C', 'F/C', 'UT', 'BE', 'IR']",135.0,True,MIL,OUT,True
14,2,Phantom Troupe,7,Goat's,4395651,Coby White,PG,PG,"['PG', 'SG', 'G', 'SG/SF', 'G/F', 'UT', 'BE', 'IR']",104.0,True,CHA,ACTIVE,False
14,2,Phantom Troupe,7,Goat's,4684742,Ausar Thompson,SF,PG,"['SF', 'PF', 'F', 'SG/SF', 'G/F', 'PF/C', 'F/C', 'UT', 'BE', 'IR']",131.0,True,DET,ACTIVE,False
14,2,Phantom Troupe,7,Goat's,3913176,Brandon Ingram,SF,PG,"['SF', 'F', 'SG/SF', 'G/F', 'F/C', 'UT', 'BE', 'IR']",143.0,True,TOR,OUT,True
14,2,Phantom Troupe,7,Goat's,3934719,OG Anunoby,SF,PG,"['SF', 'PF', 'F', 'SG/SF', 'G/F', 'PF/C', 'F/C', 'UT', 'BE', 'IR']",85.0,True,NYK,ACTIVE,False
14,2,Phantom Troupe,7,Goat's,4683747,Jaylon Tyson,SG,PG,"['SG', 'SF', 'G', 'F', 'SG/SF', 'G/F', 'F/C', 'UT', 'BE', 'IR']",106.0,True,CLE,ACTIVE,False
14,2,Phantom Troupe,7,Goat's,4432166,Cade Cunningham,PG,PG,"['PG', 'SG', 'G', 'SG/SF', 'G/F', 'UT', 'BE', 'IR']",141.0,True,DET,ACTIVE,False
14,2,Phantom Troupe,7,Goat's,3978,DeMar DeRozan,SF,PG,"['SF', 'PF', 'F', 'SG/SF', 'G/F', 'PF/C', 'F/C', 'UT', 'BE', 'IR']",91.0,True,SAC,OUT,True
14,2,Phantom Troupe,7,Goat's,5124612,VJ Edgecombe,SG,PG,"['SG', 'G', 'SG/SF', 'G/F', 'UT', 'BE', 'IR']",107.0,True,PHL,ACTIVE,False
14,2,Phantom Troupe,7,Goat's,4066320,Desmond Bane,SG,PG,"['SG', 'SF', 'G', 'F', 'SG/SF', 'G/F', 'F/C', 'UT', 'BE', 'IR']",72.0,True,ORL,ACTIVE,False
14,2,Phantom Troupe,7,Goat's,4395628,Zion Williamson,PF,PG,"['PF', 'F', 'G/F', 'PF/C', 'F/C', 'UT', 'BE', 'IR']",96.0,True,NOP,OUT,True
14,2,Phantom Troupe,7,Goat's,4017837,Ivica Zubac,C,PG,"['C', 'PF/C', 'F/C', 'UT', 'BE', 'IR']",115.0,True,IND,OUT,True
14,2,Phantom Troupe,7,Goat's,4432639,Jabari Smith Jr.,PF,PG,"['PF', 'C', 'F', 'G/F', 'PF/C', 'F/C', 'UT', 'BE', 'IR']",90.0,True,HOU,ACTIVE,False
14,2,Phantom Troupe,7,Goat's,3032979,Dennis Schroder,PG,PG,"['PG', 'G', 'G/F', 'UT', 'BE', 'IR']",51.0,True,CLE,OUT,True
14,10,Van Der Linde Gang,3,Kat's Kittens,3135045,Grayson Allen,SG,PG,"['PG', 'SG', 'G', 'SG/SF', 'G/F', 'UT', 'BE', 'IR']",130.0,True,PHO,ACTIVE,False
14,10,Van Der Linde Gang,3,Kat's Kittens,3934672,Jalen Brunson,PG,PG,"['PG', 'G', 'G/F', 'UT', 'BE', 'IR']",100.0,True,NYK,ACTIVE,False
14,10,Van Der Linde Gang,3,Kat's Kittens,4433134,Scottie Barnes,SF,PG,"['SG', 'SF', 'PF', 'G', 'F', 'SG/SF', 'G/F', 'PF/C', 'F/C', 'UT', 'BE', 'IR']",203.0,True,TOR,ACTIVE,False
14,10,Van Der Linde Gang,3,Kat's Kittens,4711272,Reed Sheppard,SG,PG,"['PG', 'SG', 'G', 'SG/SF', 'G/F', 'UT', 'BE', 'IR']",85.0,True,HOU,ACTIVE,False
14,10,Van Der Linde Gang,3,Kat's Kittens,5104157,Victor Wembanyama,C,PG,"['C', 'PF/C', 'F/C', 'UT', 'BE', 'IR']",191.0,True,SAS,ACTIVE,False
14,10,Van Der Linde Gang,3,Kat's Kittens,4066383,Miles Bridges,SF,PG,"['SF', 'PF', 'F', 'SG/SF', 'G/F', 'PF/C', 'F/C', 'UT', 'BE', 'IR']",66.0,True,CHA,ACTIVE,False
14,10,Van Der Linde Gang,3,Kat's Kittens,3133628,Myles Turner,C,PG,"['C', 'PF/C', 'F/C', 'UT', 'BE', 'IR']",57.0,True,MIL,OUT,True
14,10,Van Der Linde Gang,3,Kat's Kittens,4397424,Neemias Queta,C,PG,"['C', 'PF/C', 'F/C', 'UT', 'BE', 'IR']",121.0,True,BOS,ACTIVE,False
14,10,Van Der Linde Gang,3,Kat's Kittens,4701232,Mark Williams,C,PG,"['C', 'PF/C', 'F/C', 'UT', 'BE', 'IR']",24.0,True,PHO,OUT,True
14,10,Van Der Linde Gang,3,Kat's Kittens,2583632,Royce O'Neale,SF,PG,"['SF', 'F', 'SG/SF', 'G/F', 'F/C', 'UT', 'BE', 'IR']",21.0,True,PHO,ACTIVE,False
14,10,Van Der Linde Gang,3,Kat's Kittens,4433627,Keyonte George,PG,PG,"['PG', 'SG', 'G', 'SG/SF', 'G/F', 'UT', 'BE', 'IR']",170.0,True,UTA,OUT,True
14,10,Van Der Linde Gang,3,Kat's Kittens,4903027,Cedric Coward,SF,PG,"['SG', 'SF', 'G', 'F', 'SG/SF', 'G/F', 'F/C', 'UT', 'BE', 'IR']",62.0,True,MEM,OUT,True
14,10,Van Der Linde Gang,3,Kat's Kittens,5105623,Kel'el Ware,C,PG,"['C', 'PF/C', 'F/C', 'UT', 'BE', 'IR']",26.0,True,MIA,ACTIVE,False
14,10,Van Der Linde Gang,3,Kat's Kittens,2595516,Norman Powell,SG,PG,"['SG', 'SF', 'G', 'F', 'SG/SF', 'G/F', 'F/C', 'UT', 'BE', 'IR']",111.0,True,MIA,ACTIVE,False
14,3,Kat's Kittens,10,Van Der Linde Gang,4431680,Onyeka Okongwu,C,PG,"['C', 'PF/C', 'F/C', 'UT', 'BE', 'IR']",106.0,True,ATL,ACTIVE,False
14,3,Kat's Kittens,10,Van Der Linde Gang,4066262,Malik Monk,SG,PG,"['PG', 'SG', 'SF', 'G', 'F', 'SG/SF', 'G/F', 'F/C', 'UT', 'BE', 'IR']",86.0,True,SAC,OUT,True
14,3,Kat's Kittens,10,Van Der Linde Gang,6440,Tobias Harris,PF,PG,"['SF', 'PF', 'F', 'SG/SF', 'G/F', 'PF/C', 'F/C', 'UT', 'BE', 'IR']",92.0,True,DET,ACTIVE,False
14,3,Kat's Kittens,10,Van Der Linde Gang,4395625,RJ Barrett,SF,PG,"['SG', 'SF', 'PF', 'G', 'F', 'SG/SF', 'G/F', 'PF/C', 'F/C', 'UT', 'BE', 'IR']",30.0,True,TOR,ACTIVE,False
14,3,Kat's Kittens,10,Van Der Linde Gang,3064514,Julius Randle,PF,PG,"['PF', 'F', 'G/F', 'PF/C', 'F/C', 'UT', 'BE', 'IR']",111.0,True,MIN,ACTIVE,False
14,3,Kat's Kittens,10,Van Der Linde Gang,3136195,Karl-Anthony Towns,C,PG,"['PF', 'C', 'F', 'G/F', 'PF/C', 'F/C', 'UT', 'BE', 'IR']",94.0,True,NYK,ACTIVE,False
14,3,Kat's Kittens,10,Van Der Linde Gang,3934673,Donte DiVincenzo,SG,PG,"['PG', 'SG', 'G', 'SG/SF', 'G/F', 'UT', 'BE', 'IR']",98.0,True,MIN,OUT,True
14,3,Kat's Kittens,10,Van Der Linde Gang,4277811,Collin Sexton,SG,PG,"['PG', 'SG', 'G', 'SG/SF', 'G/F', 'UT', 'BE', 'IR']",78.0,True,CHI,ACTIVE,False
14,3,Kat's Kittens,10,Van Der Linde Gang,3908845,John Collins,PF,PG,"['PF', 'C', 'F', 'G/F', 'PF/C', 'F/C', 'UT', 'BE', 'IR']",95.0,True,LAC,ACTIVE,False
14,3,Kat's Kittens,10,Van Der Linde Gang,4433621,Jalen Duren,C,PG,"['C', 'PF/C', 'F/C', 'UT', 'BE', 'IR']",149.0,True,DET,ACTIVE,False
14,3,Kat's Kittens,10,Van Der Linde Gang,3062679,Josh Hart,SF,PG,"['SG', 'SF', 'G', 'F', 'SG/SF', 'G/F', 'F/C', 'UT', 'BE', 'IR']",85.0,True,NYK,ACTIVE,False
14,3,Kat's Kittens,10,Van Der Linde Gang,4251,Paul George,SF,PG,"['SF', 'PF', 'F', 'SG/SF', 'G/F', 'PF/C', 'F/C', 'UT', 'BE', 'IR']",60.0,True,PHL,ACTIVE,False
14,3,Kat's Kittens,10,Van Der Linde Gang,4431678,Tyrese Maxey,PG,PG,"['PG', 'SG', 'G', 'SG/SF', 'G/F', 'UT', 'BE', 'IR']",235.0,True,PHL,ACTIVE,False
14,3,Kat's Kittens,10,Van Der Linde Gang,4845367,Stephon Castle,PG,PG,"['PG', 'SG', 'G', 'SG/SF', 'G/F', 'UT', 'BE', 'IR']",114.0,True,SAS,ACTIVE,False
14,5,Poole Party,4,SKAVALASSKKYYYY,4395712,Andrew Nembhard,PG,PG,"['PG', 'SG', 'G', 'SG/SF', 'G/F', 'UT', 'BE', 'IR']",112.0,True,IND,OUT,True
14,5,Poole Party,4,SKAVALASSKKYYYY,4277956,Jordan Poole,SG,PG,"['PG', 'SG', 'G', 'SG/SF', 'G/F', 'UT', 'BE', 'IR']",13.0,True,NOP,ACTIVE,False
14,5,Poole Party,4,SKAVALASSKKYYYY,4433192,Tari Eason,SF,PG,"['SF', 'PF', 'F', 'SG/SF', 'G/F', 'PF/C', 'F/C', 'UT', 'BE', 'IR']",40.0,True,HOU,ACTIVE,False
14,5,Poole Party,4,SKAVALASSKKYYYY,4066259,De'Aaron Fox,PG,PG,"['PG', 'G', 'G/F', 'UT', 'BE', 'IR']",154.0,True,SAS,ACTIVE,False
14,5,Poole Party,4,SKAVALASSKKYYYY,3102530,Jusuf Nurkic,C,PG,"['C', 'PF/C', 'F/C', 'UT', 'BE', 'IR']",210.0,True,UTA,OUT,True
14,5,Poole Party,4,SKAVALASSKKYYYY,5174563,Kyshawn George,SG,PG,"['SG', 'SF', 'G', 'F', 'SG/SF', 'G/F', 'F/C', 'UT', 'BE', 'IR']",77.0,True,WAS,OUT,True
14,5,Poole Party,4,SKAVALASSKKYYYY,5160992,Alex Sarr,C,PG,"['C', 'PF/C', 'F/C', 'UT', 'BE', 'IR']",126.0,True,WAS,OUT,True
14,5,Poole Party,4,SKAVALASSKKYYYY,5144091,Jeremiah Fears,SG,PG,"['PG', 'SG', 'G', 'SG/SF', 'G/F', 'UT', 'BE', 'IR']",6.0,True,NOP,ACTIVE,False
14,5,Poole Party,4,SKAVALASSKKYYYY,3149673,Pascal Siakam,PF,PG,"['PF', 'F', 'G/F', 'PF/C', 'F/C', 'UT', 'BE', 'IR']",121.0,True,IND,OUT,True
14,5,Poole Party,4,SKAVALASSKKYYYY,4711294,Matas Buzelis,SF,PG,"['SF', 'PF', 'F', 'SG/SF', 'G/F', 'PF/C', 'F/C', 'UT', 'BE', 'IR']",105.0,True,CHI,OUT,True
14,5,Poole Party,4,SKAVALASSKKYYYY,4594268,Anthony Edwards,SG,PG,"['SG', 'SF', 'G', 'F', 'SG/SF', 'G/F', 'F/C', 'UT', 'BE', 'IR']",128.0,True,MIN,ACTIVE,False
14,5,Poole Party,4,SKAVALASSKKYYYY,4431736,Toumani Camara,PF,PG,"['SF', 'PF', 'F', 'SG/SF', 'G/F', 'PF/C', 'F/C', 'UT', 'BE', 'IR']",75.0,True,POR,ACTIVE,False
14,5,Poole Party,4,SKAVALASSKKYYYY,3995,Jrue Holiday,PG,PG,"['PG', 'SG', 'G', 'SG/SF', 'G/F', 'UT', 'BE', 'IR']",74.0,True,POR,ACTIVE,False
14,5,Poole Party,4,SKAVALASSKKYYYY,4432158,Evan Mobley,PF,PG,"['PF', 'C', 'F', 'G/F', 'PF/C', 'F/C', 'UT', 'BE', 'IR']",167.0,True,CLE,ACTIVE,False
14,5,Poole Party,4,SKAVALASSKKYYYY,4278078,P.J. Washington,PF,PG,"['SF', 'PF', 'F', 'SG/SF', 'G/F', 'PF/C', 'F/C', 'UT', 'BE', 'IR']",49.0,True,DAL,OUT,True
14,4,SKAVALASSKKYYYY,5,Poole Party,2490149,CJ McCollum,SG,PG,"['PG', 'SG', 'G', 'SG/SF', 'G/F', 'UT', 'BE', 'IR']",89.0,True,ATL,ACTIVE,False
14,4,SKAVALASSKKYYYY,5,Poole Party,4278053,Davion Mitchell,PG,PG,"['PG', 'G', 'G/F', 'UT', 'BE', 'IR']",52.0,True,MIA,ACTIVE,False
14,4,SKAVALASSKKYYYY,5,Poole Party,3945274,Luka Doncic,PG,PG,"['PG', 'G', 'G/F', 'UT', 'BE', 'IR']",206.0,True,LAL,OUT,True
14,4,SKAVALASSKKYYYY,5,Poole Party,3975,Stephen Curry,PG,PG,"['PG', 'G', 'G/F', 'UT', 'BE', 'IR']",168.0,True,GSW,ACTIVE,False
14,4,SKAVALASSKKYYYY,5,Poole Party,4395723,Keldon Johnson,SF,PG,"['SF', 'PF', 'F', 'SG/SF', 'G/F', 'PF/C', 'F/C', 'UT', 'BE', 'IR']",98.0,True,SAS,ACTIVE,False
14,4,SKAVALASSKKYYYY,5,Poole Party,3064290,Aaron Gordon,PF,PG,"['PF', 'F', 'G/F', 'PF/C', 'F/C', 'UT', 'BE', 'IR']",97.0,True,DEN,OUT,True
14,4,SKAVALASSKKYYYY,5,Poole Party,5105565,Donovan Clingan,C,PG,"['C', 'PF/C', 'F/C', 'UT', 'BE', 'IR']",68.0,True,POR,ACTIVE,False
14,4,SKAVALASSKKYYYY,5,Poole Party,4397136,Saddiq Bey,SF,PG,"['SF', 'PF', 'F', 'SG/SF', 'G/F', 'PF/C', 'F/C', 'UT', 'BE', 'IR']",136.0,True,NOP,ACTIVE,False
14,4,SKAVALASSKKYYYY,5,Poole Party,3155526,Dillon Brooks,SF,PG,"['SG', 'SF', 'G', 'F', 'SG/SF', 'G/F', 'F/C', 'UT', 'BE', 'IR']",113.0,True,PHO,ACTIVE,False
14,4,SKAVALASSKKYYYY,5,Poole Party,3992,James Harden,PG,PG,"['PG', 'SG', 'G', 'SG/SF', 'G/F', 'UT', 'BE', 'IR']",159.0,True,CLE,ACTIVE,False
14,4,SKAVALASSKKYYYY,5,Poole Party,3917376,Jaylen Brown,SF,PG,"['SG', 'SF', 'G', 'F', 'SG/SF', 'G/F', 'F/C', 'UT', 'BE', 'IR']",195.0,True,BOS,ACTIVE,False
14,4,SKAVALASSKKYYYY,5,Poole Party,3032976,Rudy Gobert,C,PG,"['C', 'PF/C', 'F/C', 'UT', 'BE', 'IR']",91.0,True,MIN,ACTIVE,False
14,4,SKAVALASSKKYYYY,5,Poole Party,5041939,Cooper Flagg,SF,PG,"['PG', 'SF', 'PF', 'G', 'F', 'SG/SF', 'G/F', 'PF/C', 'F/C', 'UT', 'BE', 'IR']",90.0,True,DAL,OUT,True
15,9,ybgcorp,8,Hawk Tuah Demure,4433287,Brandon Miller,SF,PG,"['SG', 'SF', 'G', 'F', 'SG/SF', 'G/F', 'F/C', 'UT', 'BE', 'IR']",172.0,True,CHA,OUT,True
15,9,ybgcorp,8,Hawk Tuah Demure,4066328,Jarrett Allen,C,PG,"['C', 'PF/C', 'F/C', 'UT', 'BE', 'IR']",179.0,True,CLE,ACTIVE,False
15,9,ybgcorp,8,Hawk Tuah Demure,4397002,Ayo Dosunmu,SG,PG,"['SG', 'G', 'SG/SF', 'G/F', 'UT', 'BE', 'IR']",171.0,True,MIN,ACTIVE,False
15,9,ybgcorp,8,Hawk Tuah Demure,4701230,Jalen Johnson,PF,PG,"['PF', 'F', 'G/F', 'PF/C', 'F/C', 'UT', 'BE', 'IR']",76.0,True,ATL,ACTIVE,False
15,9,ybgcorp,8,Hawk Tuah Demure,4591725,Ryan Rollins,SG,PG,"['PG', 'SG', 'G', 'SG/SF', 'G/F', 'UT', 'BE', 'IR']",152.0,True,MIL,OUT,True
15,9,ybgcorp,8,Hawk Tuah Demure,6477,Jonas Valanciunas,C,PG,"['C', 'PF/C', 'F/C', 'UT', 'BE', 'IR']",106.0,True,DEN,ACTIVE,False
15,9,ybgcorp,8,Hawk Tuah Demure,1966,LeBron James,SF,PG,"['SF', 'PF', 'F', 'SG/SF', 'G/F', 'PF/C', 'F/C', 'UT', 'BE', 'IR']",126.0,True,LAL,ACTIVE,False
15,9,ybgcorp,8,Hawk Tuah Demure,3133628,Myles Turner,C,PG,"['C', 'PF/C', 'F/C', 'UT', 'BE', 'IR']",129.0,True,MIL,OUT,True
15,9,ybgcorp,8,Hawk Tuah Demure,4869342,Dyson Daniels,SG,PG,"['PG', 'SG', 'G', 'SG/SF', 'G/F', 'UT', 'BE', 'IR']",182.0,True,ATL,ACTIVE,False
15,9,ybgcorp,8,Hawk Tuah Demure,4278580,Sandro Mamukelashvili,PF,PG,"['PF', 'F', 'G/F', 'PF/C', 'F/C', 'UT', 'BE', 'IR']",81.0,True,TOR,ACTIVE,False
15,9,ybgcorp,8,Hawk Tuah Demure,4712849,Anthony Black,PG,PG,"['PG', 'SG', 'G', 'SG/SF', 'G/F', 'UT', 'BE', 'IR']",176.0,True,ORL,ACTIVE,False
15,9,ybgcorp,8,Hawk Tuah Demure,4278039,Nickeil Alexander-Walker,SG,PG,"['SG', 'G', 'SG/SF', 'G/F', 'UT', 'BE', 'IR']",140.0,True,ATL,ACTIVE,False
15,9,ybgcorp,8,Hawk Tuah Demure,4845374,Bub Carrington,PG,PG,"['PG', 'SG', 'G', 'SG/SF', 'G/F', 'UT', 'BE', 'IR']",91.0,True,WAS,ACTIVE,False
15,9,ybgcorp,8,Hawk Tuah Demure,4437244,Jalen Green,SG,PG,"['SG', 'G', 'SG/SF', 'G/F', 'UT', 'BE', 'IR']",19.0,True,PHO,ACTIVE,False
15,8,Hawk Tuah Demure,9,ybgcorp,3112335,Nikola Jokic,C,PG,"['C', 'PF/C', 'F/C', 'UT', 'BE', 'IR']",100.0,True,DEN,ACTIVE,False
15,8,Hawk Tuah Demure,9,ybgcorp,4433249,Moussa Diabate,PF,PG,"['PF', 'C', 'F', 'G/F', 'PF/C', 'F/C', 'UT', 'BE', 'IR']",30.0,True,CHA,ACTIVE,False
15,8,Hawk Tuah Demure,9,ybgcorp,4278594,Naji Marshall,SF,PG,"['SF', 'PF', 'F', 'SG/SF', 'G/F', 'PF/C', 'F/C', 'UT', 'BE', 'IR']",25.0,True,DAL,OUT,True
15,8,Hawk Tuah Demure,9,ybgcorp,4684740,Amen Thompson,SF,PG,"['SG', 'SF', 'PF', 'G', 'F', 'SG/SF', 'G/F', 'PF/C', 'F/C', 'UT', 'BE', 'IR']",185.0,True,HOU,ACTIVE,False
15,8,Hawk Tuah Demure,9,ybgcorp,4871145,Josh Giddey,SG,PG,"['PG', 'SG', 'SF', 'G', 'F', 'SG/SF', 'G/F', 'F/C', 'UT', 'BE', 'IR']",58.0,True,CHI,OUT,True
15,8,Hawk Tuah Demure,9,ybgcorp,4432171,Moses Moody,SG,PG,"['SG', 'SF', 'G', 'F', 'SG/SF', 'G/F', 'F/C', 'UT', 'BE', 'IR']",74.0,True,GSW,OUT,True
15,8,Hawk Tuah Demure,9,ybgcorp,4683021,Deni Avdija,SF,PG,"['SG', 'SF', 'PF', 'G', 'F', 'SG/SF', 'G/F', 'PF/C', 'F/C', 'UT', 'BE', 'IR']",36.0,True,POR,ACTIVE,False
15,8,Hawk Tuah Demure,9,ybgcorp,3899664,Simone Fontecchio,SF,PG,"['SF', 'F', 'SG/SF', 'G/F', 'F/C', 'UT', 'BE', 'IR']",10.0,True,MIA,ACTIVE,False
15,8,Hawk Tuah Demure,9,ybgcorp,4683766,Isaiah Collier,PG,PG,"['PG', 'G', 'G/F', 'UT', 'BE', 'IR']",68.0,True,UTA,OUT,True
15,8,Hawk Tuah Demure,9,ybgcorp,4576087,Peyton Watson,SF,PG,"['SF', 'PF', 'F', 'SG/SF', 'G/F', 'PF/C', 'F/C', 'UT', 'BE', 'IR']",129.0,True,DEN,OUT,True
15,8,Hawk Tuah Demure,9,ybgcorp,3908809,Donovan Mitchell,SG,PG,"['PG', 'SG', 'G', 'SG/SF', 'G/F', 'UT', 'BE', 'IR']",164.0,True,CLE,ACTIVE,False
15,8,Hawk Tuah Demure,9,ybgcorp,3059318,Joel Embiid,C,PG,"['C', 'PF/C', 'F/C', 'UT', 'BE', 'IR']",172.0,True,PHL,ACTIVE,False
15,8,Hawk Tuah Demure,9,ybgcorp,4869780,Derik Queen,C,PG,"['C', 'PF/C', 'F/C', 'UT', 'BE', 'IR', 'Rookie']",89.0,True,NOP,ACTIVE,False
15,8,Hawk Tuah Demure,9,ybgcorp,4066336,Lauri Markkanen,PF,PG,"['SF', 'PF', 'F', 'SG/SF', 'G/F', 'PF/C', 'F/C', 'UT', 'BE', 'IR']",118.0,True,UTA,OUT,True
15,6,Jeremy Lin fan club,7,Goat's,5106060,Jarace Walker,PF,PG,"['PF', 'F', 'G/F', 'PF/C', 'F/C', 'UT', 'BE', 'IR']",93.0,True,IND,OUT,True
15,6,Jeremy Lin fan club,7,Goat's,4593125,Santi Aldama,PF,PG,"['SF', 'PF', 'C', 'F', 'SG/SF', 'G/F', 'PF/C', 'F/C', 'UT', 'BE', 'IR']",28.0,True,MEM,OUT,True
15,6,Jeremy Lin fan club,7,Goat's,4432816,LaMelo Ball,PG,PG,"['PG', 'G', 'G/F', 'UT', 'BE', 'IR']",130.0,True,CHA,ACTIVE,False
15,6,Jeremy Lin fan club,7,Goat's,4433255,Chet Holmgren,C,PG,"['PF', 'C', 'F', 'G/F', 'PF/C', 'F/C', 'UT', 'BE', 'IR']",128.0,True,OKC,ACTIVE,False
15,6,Jeremy Lin fan club,7,Goat's,4431671,Jaden McDaniels,SF,PG,"['SF', 'F', 'SG/SF', 'G/F', 'F/C', 'UT', 'BE', 'IR']",118.0,True,MIN,ACTIVE,False
15,6,Jeremy Lin fan club,7,Goat's,3155942,Domantas Sabonis,C,PG,"['PF', 'C', 'F', 'G/F', 'PF/C', 'F/C', 'UT', 'BE', 'IR']",55.0,True,SAC,OUT,True
15,6,Jeremy Lin fan club,7,Goat's,4432165,Jalen Suggs,PG,PG,"['PG', 'SG', 'G', 'SG/SF', 'G/F', 'UT', 'BE', 'IR']",108.0,True,ORL,ACTIVE,False
15,6,Jeremy Lin fan club,7,Goat's,4601025,Pelle Larsson,SG,PG,"['SG', 'G', 'SG/SF', 'G/F', 'UT', 'BE', 'IR']",43.0,True,MIA,ACTIVE,False
15,6,Jeremy Lin fan club,7,Goat's,4396971,Naz Reid,C,PG,"['PF', 'C', 'F', 'G/F', 'PF/C', 'F/C', 'UT', 'BE', 'IR']",178.0,True,MIN,ACTIVE,False
15,6,Jeremy Lin fan club,7,Goat's,3147657,Mikal Bridges,SF,PG,"['SG', 'SF', 'G', 'F', 'SG/SF', 'G/F', 'F/C', 'UT', 'BE', 'IR']",135.0,True,NYK,ACTIVE,False
15,6,Jeremy Lin fan club,7,Goat's,5061575,Kon Knueppel,SG,PG,"['SG', 'G', 'SG/SF', 'G/F', 'UT', 'BE', 'IR']",146.0,True,CHA,ACTIVE,False
15,6,Jeremy Lin fan club,7,Goat's,4431736,Toumani Camara,PF,PG,"['SF', 'PF', 'F', 'SG/SF', 'G/F', 'PF/C', 'F/C', 'UT', 'BE', 'IR']",89.0,True,POR,ACTIVE,False
15,6,Jeremy Lin fan club,7,Goat's,6478,Nikola Vucevic,C,PG,"['C', 'PF/C', 'F/C', 'UT', 'BE', 'IR']",134.0,True,BOS,ACTIVE,False
15,7,Goat's,6,Jeremy Lin fan club,3202,Kevin Durant,PF,PG,"['SF', 'PF', 'F', 'SG/SF', 'G/F', 'PF/C', 'F/C', 'UT', 'BE', 'IR']",161.0,True,HOU,OUT,True
15,7,Goat's,6,Jeremy Lin fan club,4914336,Shaedon Sharpe,SG,PG,"['SG', 'SF', 'G', 'F', 'SG/SF', 'G/F', 'F/C', 'UT', 'BE', 'IR']",123.0,True,POR,ACTIVE,False
15,7,Goat's,6,Jeremy Lin fan club,4066261,Bam Adebayo,C,PG,"['PF', 'C', 'F', 'G/F', 'PF/C', 'F/C', 'UT', 'BE', 'IR']",153.0,True,MIA,OUT,True
15,7,Goat's,6,Jeremy Lin fan club,4395724,Immanuel Quickley,PG,PG,"['PG', 'SG', 'G', 'SG/SF', 'G/F', 'UT', 'BE', 'IR']",89.0,True,TOR,OUT,True
15,7,Goat's,6,Jeremy Lin fan club,4278129,Deandre Ayton,C,PG,"['C', 'PF/C', 'F/C', 'UT', 'BE', 'IR']",30.0,True,LAL,ACTIVE,False
15,7,Goat's,6,Jeremy Lin fan club,6450,Kawhi Leonard,SF,PG,"['SF', 'PF', 'F', 'SG/SF', 'G/F', 'PF/C', 'F/C', 'UT', 'BE', 'IR']",111.0,True,LAC,ACTIVE,False
15,7,Goat's,6,Jeremy Lin fan club,5175643,Egor Demin,PG,PG,"['PG', 'G', 'G/F', 'UT', 'BE', 'IR']",69.0,True,BKN,OUT,True
15,7,Goat's,6,Jeremy Lin fan club,4709138,Brandin Podziemski,SG,PG,"['PG', 'SG', 'G', 'SG/SF', 'G/F', 'UT', 'BE', 'IR']",80.0,True,GSW,ACTIVE,False
15,7,Goat's,6,Jeremy Lin fan club,3064440,Zach LaVine,SG,PG,"['SG', 'SF', 'G', 'F', 'SG/SF', 'G/F', 'F/C', 'UT', 'BE', 'IR']",93.0,True,SAC,OUT,True
15,7,Goat's,6,Jeremy Lin fan club,4277847,Wendell Carter Jr.,C,PG,"['C', 'PF/C', 'F/C', 'UT', 'BE', 'IR']",93.0,True,ORL,ACTIVE,False
15,7,Goat's,6,Jeremy Lin fan club,3936299,Jamal Murray,PG,PG,"['PG', 'G', 'G/F', 'UT', 'BE', 'IR']",178.0,True,DEN,ACTIVE,False
15,7,Goat's,6,Jeremy Lin fan club,4278585,Collin Gillespie,PG,PG,"['PG', 'G', 'G/F', 'UT', 'BE', 'IR']",88.0,True,PHO,ACTIVE,False
15,7,Goat's,6,Jeremy Lin fan club,4433083,Cam Spencer,SG,PG,"['PG', 'SG', 'G', 'SG/SF', 'G/F', 'UT', 'BE', 'IR']",100.0,True,MEM,OUT,True
15,7,Goat's,6,Jeremy Lin fan club,4278104,Michael Porter Jr.,SF,PG,"['SF', 'PF', 'F', 'SG/SF', 'G/F', 'PF/C', 'F/C', 'UT', 'BE', 'IR']",137.0,True,BKN,OUT,True
15,1,YSK FC,10,Van Der Linde Gang,4871144,Alperen Sengun,C,PG,"['C', 'PF/C', 'F/C', 'UT', 'BE', 'IR']",156.0,True,HOU,ACTIVE,False
15,1,YSK FC,10,Van Der Linde Gang,4277961,Jaren Jackson Jr.,C,PG,"['PF', 'C', 'F', 'G/F', 'PF/C', 'F/C', 'UT', 'BE', 'IR']",134.0,True,UTA,OUT,True
15,1,YSK FC,10,Van Der Linde Gang,3468,Russell Westbrook,PG,PG,"['PG', 'G', 'G/F', 'UT', 'BE', 'IR']",15.0,True,SAC,OUT,True
15,1,YSK FC,10,Van Der Linde Gang,3133603,Kelly Oubre Jr.,SF,PG,"['SG', 'SF', 'G', 'F', 'SG/SF', 'G/F', 'F/C', 'UT', 'BE', 'IR']",87.0,True,PHL,ACTIVE,False
15,1,YSK FC,10,Van Der Linde Gang,4066354,Payton Pritchard,PG,PG,"['PG', 'G', 'G/F', 'UT', 'BE', 'IR']",124.0,True,BOS,ACTIVE,False
15,1,YSK FC,10,Van Der Linde Gang,4278067,Nic Claxton,C,PG,"['C', 'PF/C', 'F/C', 'UT', 'BE', 'IR']",109.0,True,BKN,OUT,True
15,1,YSK FC,10,Van Der Linde Gang,4065804,Sam Hauser,SF,PG,"['SF', 'F', 'SG/SF', 'G/F', 'F/C', 'UT', 'BE', 'IR']",71.0,True,BOS,ACTIVE,False
15,1,YSK FC,10,Van Der Linde Gang,4432848,Jaime Jaquez Jr.,SF,PG,"['SG', 'SF', 'G', 'F', 'SG/SF', 'G/F', 'F/C', 'UT', 'BE', 'IR']",140.0,True,MIA,ACTIVE,False
15,1,YSK FC,10,Van Der Linde Gang,4278073,Shai Gilgeous-Alexander,PG,PG,"['PG', 'G', 'G/F', 'UT', 'BE', 'IR']",157.0,True,OKC,ACTIVE,False
15,1,YSK FC,10,Van Der Linde Gang,3059319,Andrew Wiggins,SF,PG,"['SF', 'PF', 'F', 'SG/SF', 'G/F', 'PF/C', 'F/C', 'UT', 'BE', 'IR']",111.0,True,MIA,ACTIVE,False
15,1,YSK FC,10,Van Der Linde Gang,4397688,Trey Murphy III,SF,PG,"['SG', 'SF', 'G', 'F', 'SG/SF', 'G/F', 'F/C', 'UT', 'BE', 'IR']",72.0,True,NOP,OUT,True
15,1,YSK FC,10,Van Der Linde Gang,3078576,Derrick White,SG,PG,"['PG', 'SG', 'G', 'SG/SF', 'G/F', 'UT', 'BE', 'IR']",127.0,True,BOS,ACTIVE,False
15,1,YSK FC,10,Van Der Linde Gang,4432573,Paolo Banchero,PF,PG,"['SF', 'PF', 'F', 'SG/SF', 'G/F', 'PF/C', 'F/C', 'UT', 'BE', 'IR']",186.0,True,ORL,ACTIVE,False
15,10,Van Der Linde Gang,1,YSK FC,4683747,Jaylon Tyson,SG,PG,"['SG', 'SF', 'G', 'F', 'SG/SF', 'G/F', 'F/C', 'UT', 'BE', 'IR']",60.0,True,CLE,ACTIVE,False
15,10,Van Der Linde Gang,1,YSK FC,3135045,Grayson Allen,SG,PG,"['PG', 'SG', 'G', 'SG/SF', 'G/F', 'UT', 'BE', 'IR']",146.0,True,PHO,ACTIVE,False
15,10,Van Der Linde Gang,1,YSK FC,3934672,Jalen Brunson,PG,PG,"['PG', 'G', 'G/F', 'UT', 'BE', 'IR']",140.0,True,NYK,ACTIVE,False
15,10,Van Der Linde Gang,1,YSK FC,4433134,Scottie Barnes,SF,PG,"['SG', 'SF', 'PF', 'G', 'F', 'SG/SF', 'G/F', 'PF/C', 'F/C', 'UT', 'BE', 'IR']",124.0,True,TOR,ACTIVE,False
15,10,Van Der Linde Gang,1,YSK FC,4711272,Reed Sheppard,SG,PG,"['PG', 'SG', 'G', 'SG/SF', 'G/F', 'UT', 'BE', 'IR']",65.0,True,HOU,ACTIVE,False
15,10,Van Der Linde Gang,1,YSK FC,5104157,Victor Wembanyama,C,PG,"['C', 'PF/C', 'F/C', 'UT', 'BE', 'IR']",157.0,True,SAS,ACTIVE,False
15,10,Van Der Linde Gang,1,YSK FC,4066383,Miles Bridges,SF,PG,"['SF', 'PF', 'F', 'SG/SF', 'G/F', 'PF/C', 'F/C', 'UT', 'BE', 'IR']",113.0,True,CHA,ACTIVE,False
15,10,Van Der Linde Gang,1,YSK FC,4397424,Neemias Queta,C,PG,"['C', 'PF/C', 'F/C', 'UT', 'BE', 'IR']",52.0,True,BOS,ACTIVE,False
15,10,Van Der Linde Gang,1,YSK FC,4701232,Mark Williams,C,PG,"['C', 'PF/C', 'F/C', 'UT', 'BE', 'IR']",122.0,True,PHO,OUT,True
15,10,Van Der Linde Gang,1,YSK FC,2583632,Royce O'Neale,SF,PG,"['SF', 'F', 'SG/SF', 'G/F', 'F/C', 'UT', 'BE', 'IR']",22.0,True,PHO,ACTIVE,False
15,10,Van Der Linde Gang,1,YSK FC,4433627,Keyonte George,PG,PG,"['PG', 'SG', 'G', 'SG/SF', 'G/F', 'UT', 'BE', 'IR']",88.0,True,UTA,OUT,True
15,10,Van Der Linde Gang,1,YSK FC,4903027,Cedric Coward,SF,PG,"['SG', 'SF', 'G', 'F', 'SG/SF', 'G/F', 'F/C', 'UT', 'BE', 'IR']",89.0,True,MEM,OUT,True
15,10,Van Der Linde Gang,1,YSK FC,5105623,Kel'el Ware,C,PG,"['C', 'PF/C', 'F/C', 'UT', 'BE', 'IR']",62.0,True,MIA,ACTIVE,False
15,10,Van Der Linde Gang,1,YSK FC,2595516,Norman Powell,SG,PG,"['SG', 'SF', 'G', 'F', 'SG/SF', 'G/F', 'F/C', 'UT', 'BE', 'IR']",47.0,True,MIA,ACTIVE,False
15,2,Phantom Troupe,5,Poole Party,4395651,Coby White,PG,PG,"['PG', 'SG', 'G', 'SG/SF', 'G/F', 'UT', 'BE', 'IR']",105.0,True,CHA,ACTIVE,False
15,2,Phantom Troupe,5,Poole Party,4684742,Ausar Thompson,SF,PG,"['SF', 'PF', 'F', 'SG/SF', 'G/F', 'PF/C', 'F/C', 'UT', 'BE', 'IR']",144.0,True,DET,ACTIVE,False
15,2,Phantom Troupe,5,Poole Party,3913176,Brandon Ingram,SF,PG,"['SF', 'F', 'SG/SF', 'G/F', 'F/C', 'UT', 'BE', 'IR']",135.0,True,TOR,OUT,True
15,2,Phantom Troupe,5,Poole Party,3934719,OG Anunoby,SF,PG,"['SF', 'PF', 'F', 'SG/SF', 'G/F', 'PF/C', 'F/C', 'UT', 'BE', 'IR']",190.0,True,NYK,ACTIVE,False
15,2,Phantom Troupe,5,Poole Party,4432166,Cade Cunningham,PG,PG,"['PG', 'SG', 'G', 'SG/SF', 'G/F', 'UT', 'BE', 'IR']",224.0,True,DET,ACTIVE,False
15,2,Phantom Troupe,5,Poole Party,4066262,Malik Monk,SG,PG,"['PG', 'SG', 'SF', 'G', 'F', 'SG/SF', 'G/F', 'F/C', 'UT', 'BE', 'IR']",21.0,True,SAC,OUT,True
15,2,Phantom Troupe,5,Poole Party,3978,DeMar DeRozan,SF,PG,"['SF', 'PF', 'F', 'SG/SF', 'G/F', 'PF/C', 'F/C', 'UT', 'BE', 'IR']",130.0,True,SAC,OUT,True
15,2,Phantom Troupe,5,Poole Party,5124612,VJ Edgecombe,SG,PG,"['SG', 'G', 'SG/SF', 'G/F', 'UT', 'BE', 'IR']",116.0,True,PHL,ACTIVE,False
15,2,Phantom Troupe,5,Poole Party,4222252,Isaiah Hartenstein,C,PG,"['C', 'PF/C', 'F/C', 'UT', 'BE', 'IR']",15.0,True,OKC,ACTIVE,False
15,2,Phantom Troupe,5,Poole Party,4066320,Desmond Bane,SG,PG,"['SG', 'SF', 'G', 'F', 'SG/SF', 'G/F', 'F/C', 'UT', 'BE', 'IR']",166.0,True,ORL,ACTIVE,False
15,2,Phantom Troupe,5,Poole Party,4395628,Zion Williamson,PF,PG,"['PF', 'F', 'G/F', 'PF/C', 'F/C', 'UT', 'BE', 'IR']",102.0,True,NOP,OUT,True
15,2,Phantom Troupe,5,Poole Party,4017837,Ivica Zubac,C,PG,"['C', 'PF/C', 'F/C', 'UT', 'BE', 'IR']",76.0,True,IND,OUT,True
15,2,Phantom Troupe,5,Poole Party,2991070,Jerami Grant,PF,PG,"['PF', 'F', 'G/F', 'PF/C', 'F/C', 'UT', 'BE', 'IR']",38.0,True,POR,ACTIVE,False
15,2,Phantom Troupe,5,Poole Party,4873138,Ace Bailey,SF,PG,"['SF', 'PF', 'F', 'SG/SF', 'G/F', 'PF/C', 'F/C', 'UT', 'BE', 'IR']",110.0,True,UTA,ACTIVE,False
15,2,Phantom Troupe,5,Poole Party,4432639,Jabari Smith Jr.,PF,PG,"['PF', 'C', 'F', 'G/F', 'PF/C', 'F/C', 'UT', 'BE', 'IR']",148.0,True,HOU,ACTIVE,False
15,5,Poole Party,2,Phantom Troupe,4395712,Andrew Nembhard,PG,PG,"['PG', 'SG', 'G', 'SG/SF', 'G/F', 'UT', 'BE', 'IR']",128.0,True,IND,OUT,True
15,5,Poole Party,2,Phantom Troupe,4433192,Tari Eason,SF,PG,"['SF', 'PF', 'F', 'SG/SF', 'G/F', 'PF/C', 'F/C', 'UT', 'BE', 'IR']",98.0,True,HOU,ACTIVE,False
15,5,Poole Party,2,Phantom Troupe,3102530,Jusuf Nurkic,C,PG,"['C', 'PF/C', 'F/C', 'UT', 'BE', 'IR']",25.0,True,UTA,OUT,True
15,5,Poole Party,2,Phantom Troupe,4066259,De'Aaron Fox,PG,PG,"['PG', 'G', 'G/F', 'UT', 'BE', 'IR']",102.0,True,SAS,ACTIVE,False
15,5,Poole Party,2,Phantom Troupe,5174563,Kyshawn George,SG,PG,"['SG', 'SF', 'G', 'F', 'SG/SF', 'G/F', 'F/C', 'UT', 'BE', 'IR']",143.0,True,WAS,OUT,True
15,5,Poole Party,2,Phantom Troupe,5160992,Alex Sarr,C,PG,"['C', 'PF/C', 'F/C', 'UT', 'BE', 'IR']",154.0,True,WAS,OUT,True
15,5,Poole Party,2,Phantom Troupe,5144091,Jeremiah Fears,SG,PG,"['PG', 'SG', 'G', 'SG/SF', 'G/F', 'UT', 'BE', 'IR']",69.0,True,NOP,ACTIVE,False
15,5,Poole Party,2,Phantom Troupe,5104155,Bilal Coulibaly,SF,PG,"['SG', 'SF', 'G', 'F', 'SG/SF', 'G/F', 'F/C', 'UT', 'BE', 'IR']",70.0,True,WAS,OUT,True
15,5,Poole Party,2,Phantom Troupe,4711294,Matas Buzelis,SF,PG,"['SF', 'PF', 'F', 'SG/SF', 'G/F', 'PF/C', 'F/C', 'UT', 'BE', 'IR']",130.0,True,CHI,OUT,True
15,5,Poole Party,2,Phantom Troupe,3149673,Pascal Siakam,PF,PG,"['PF', 'F', 'G/F', 'PF/C', 'F/C', 'UT', 'BE', 'IR']",120.0,True,IND,OUT,True
15,5,Poole Party,2,Phantom Troupe,4594268,Anthony Edwards,SG,PG,"['SG', 'SF', 'G', 'F', 'SG/SF', 'G/F', 'F/C', 'UT', 'BE', 'IR']",141.0,True,MIN,ACTIVE,False
15,5,Poole Party,2,Phantom Troupe,3995,Jrue Holiday,PG,PG,"['PG', 'SG', 'G', 'SG/SF', 'G/F', 'UT', 'BE', 'IR']",45.0,True,POR,ACTIVE,False
15,5,Poole Party,2,Phantom Troupe,4432158,Evan Mobley,PF,PG,"['PF', 'C', 'F', 'G/F', 'PF/C', 'F/C', 'UT', 'BE', 'IR']",39.0,True,CLE,ACTIVE,False
15,5,Poole Party,2,Phantom Troupe,4278078,P.J. Washington,PF,PG,"['SF', 'PF', 'F', 'SG/SF', 'G/F', 'PF/C', 'F/C', 'UT', 'BE', 'IR']",74.0,True,DAL,OUT,True
15,3,Kat's Kittens,4,SKAVALASSKKYYYY,4431680,Onyeka Okongwu,C,PG,"['C', 'PF/C', 'F/C', 'UT', 'BE', 'IR']",65.0,True,ATL,ACTIVE,False
15,3,Kat's Kittens,4,SKAVALASSKKYYYY,6440,Tobias Harris,PF,PG,"['SF', 'PF', 'F', 'SG/SF', 'G/F', 'PF/C', 'F/C', 'UT', 'BE', 'IR']",126.0,True,DET,ACTIVE,False
15,3,Kat's Kittens,4,SKAVALASSKKYYYY,4395625,RJ Barrett,SF,PG,"['SG', 'SF', 'PF', 'G', 'F', 'SG/SF', 'G/F', 'PF/C', 'F/C', 'UT', 'BE', 'IR']",80.0,True,TOR,ACTIVE,False
15,3,Kat's Kittens,4,SKAVALASSKKYYYY,3064482,Bobby Portis,PF,PG,"['PF', 'F', 'G/F', 'PF/C', 'F/C', 'UT', 'BE', 'IR']",36.0,True,MIL,OUT,True
15,3,Kat's Kittens,4,SKAVALASSKKYYYY,3136195,Karl-Anthony Towns,C,PG,"['PF', 'C', 'F', 'G/F', 'PF/C', 'F/C', 'UT', 'BE', 'IR']",133.0,True,NYK,ACTIVE,False
15,3,Kat's Kittens,4,SKAVALASSKKYYYY,3064514,Julius Randle,PF,PG,"['PF', 'F', 'G/F', 'PF/C', 'F/C', 'UT', 'BE', 'IR']",165.0,True,MIN,ACTIVE,False
15,3,Kat's Kittens,4,SKAVALASSKKYYYY,4395630,Devin Vassell,SG,PG,"['SG', 'SF', 'G', 'F', 'SG/SF', 'G/F', 'F/C', 'UT', 'BE', 'IR']",54.0,True,SAS,ACTIVE,False
15,3,Kat's Kittens,4,SKAVALASSKKYYYY,3934673,Donte DiVincenzo,SG,PG,"['PG', 'SG', 'G', 'SG/SF', 'G/F', 'UT', 'BE', 'IR']",141.0,True,MIN,OUT,True
15,3,Kat's Kittens,4,SKAVALASSKKYYYY,4277811,Collin Sexton,SG,PG,"['PG', 'SG', 'G', 'SG/SF', 'G/F', 'UT', 'BE', 'IR']",76.0,True,CHI,ACTIVE,False
15,3,Kat's Kittens,4,SKAVALASSKKYYYY,3908845,John Collins,PF,PG,"['PF', 'C', 'F', 'G/F', 'PF/C', 'F/C', 'UT', 'BE', 'IR']",88.0,True,LAC,ACTIVE,False
15,3,Kat's Kittens,4,SKAVALASSKKYYYY,4433621,Jalen Duren,C,PG,"['C', 'PF/C', 'F/C', 'UT', 'BE', 'IR']",168.0,True,DET,ACTIVE,False
15,3,Kat's Kittens,4,SKAVALASSKKYYYY,3062679,Josh Hart,SF,PG,"['SG', 'SF', 'G', 'F', 'SG/SF', 'G/F', 'F/C', 'UT', 'BE', 'IR']",159.0,True,NYK,ACTIVE,False
15,3,Kat's Kittens,4,SKAVALASSKKYYYY,4251,Paul George,SF,PG,"['SF', 'PF', 'F', 'SG/SF', 'G/F', 'PF/C', 'F/C', 'UT', 'BE', 'IR']",95.0,True,PHL,ACTIVE,False
15,3,Kat's Kittens,4,SKAVALASSKKYYYY,4431678,Tyrese Maxey,PG,PG,"['PG', 'SG', 'G', 'SG/SF', 'G/F', 'UT', 'BE', 'IR']",162.0,True,PHL,ACTIVE,False
15,3,Kat's Kittens,4,SKAVALASSKKYYYY,4845367,Stephon Castle,PG,PG,"['PG', 'SG', 'G', 'SG/SF', 'G/F', 'UT', 'BE', 'IR']",74.0,True,SAS,ACTIVE,False
15,4,SKAVALASSKKYYYY,3,Kat's Kittens,2490149,CJ McCollum,SG,PG,"['PG', 'SG', 'G', 'SG/SF', 'G/F', 'UT', 'BE', 'IR']",80.0,True,ATL,ACTIVE,False
15,4,SKAVALASSKKYYYY,3,Kat's Kittens,5105565,Donovan Clingan,C,PG,"['C', 'PF/C', 'F/C', 'UT', 'BE', 'IR']",128.0,True,POR,ACTIVE,False
15,4,SKAVALASSKKYYYY,3,Kat's Kittens,4397136,Saddiq Bey,SF,PG,"['SF', 'PF', 'F', 'SG/SF', 'G/F', 'PF/C', 'F/C', 'UT', 'BE', 'IR']",136.0,True,NOP,ACTIVE,False
15,4,SKAVALASSKKYYYY,3,Kat's Kittens,4278053,Davion Mitchell,PG,PG,"['PG', 'G', 'G/F', 'UT', 'BE', 'IR']",37.0,True,MIA,ACTIVE,False
15,4,SKAVALASSKKYYYY,3,Kat's Kittens,3155526,Dillon Brooks,SF,PG,"['SG', 'SF', 'G', 'F', 'SG/SF', 'G/F', 'F/C', 'UT', 'BE', 'IR']",179.0,True,PHO,ACTIVE,False
15,4,SKAVALASSKKYYYY,3,Kat's Kittens,3945274,Luka Doncic,PG,PG,"['PG', 'G', 'G/F', 'UT', 'BE', 'IR']",266.0,True,LAL,OUT,True
15,4,SKAVALASSKKYYYY,3,Kat's Kittens,3975,Stephen Curry,PG,PG,"['PG', 'G', 'G/F', 'UT', 'BE', 'IR']",59.0,True,GSW,ACTIVE,False
15,4,SKAVALASSKKYYYY,3,Kat's Kittens,4395723,Keldon Johnson,SF,PG,"['SF', 'PF', 'F', 'SG/SF', 'G/F', 'PF/C', 'F/C', 'UT', 'BE', 'IR']",66.0,True,SAS,ACTIVE,False
15,4,SKAVALASSKKYYYY,3,Kat's Kittens,3992,James Harden,PG,PG,"['PG', 'SG', 'G', 'SG/SF', 'G/F', 'UT', 'BE', 'IR']",96.0,True,CLE,ACTIVE,False
15,4,SKAVALASSKKYYYY,3,Kat's Kittens,3917376,Jaylen Brown,SF,PG,"['SG', 'SF', 'G', 'F', 'SG/SF', 'G/F', 'F/C', 'UT', 'BE', 'IR']",127.0,True,BOS,ACTIVE,False
15,4,SKAVALASSKKYYYY,3,Kat's Kittens,3032976,Rudy Gobert,C,PG,"['C', 'PF/C', 'F/C', 'UT', 'BE', 'IR']",135.0,True,MIN,ACTIVE,False
15,4,SKAVALASSKKYYYY,3,Kat's Kittens,5041939,Cooper Flagg,SF,PG,"['PG', 'SF', 'PF', 'G', 'F', 'SG/SF', 'G/F', 'PF/C', 'F/C', 'UT', 'BE', 'IR']",134.0,True,DAL,OUT,True
16,8,Hawk Tuah Demure,7,Goat's,3112335,Nikola Jokic,C,PG,"['C', 'PF/C', 'F/C', 'UT', 'BE', 'IR']",139.0,True,DEN,ACTIVE,False
16,8,Hawk Tuah Demure,7,Goat's,4433249,Moussa Diabate,PF,PG,"['PF', 'C', 'F', 'G/F', 'PF/C', 'F/C', 'UT', 'BE', 'IR']",29.0,True,CHA,ACTIVE,False
16,8,Hawk Tuah Demure,7,Goat's,4278402,Jordan Goodwin,PG,PG,"['PG', 'SG', 'G', 'SG/SF', 'G/F', 'UT', 'BE', 'IR']",31.0,True,PHO,OUT,True
16,8,Hawk Tuah Demure,7,Goat's,4684740,Amen Thompson,SF,PG,"['SG', 'SF', 'PF', 'G', 'F', 'SG/SF', 'G/F', 'PF/C', 'F/C', 'UT', 'BE', 'IR']",83.0,True,HOU,ACTIVE,False
16,8,Hawk Tuah Demure,7,Goat's,4432171,Moses Moody,SG,PG,"['SG', 'SF', 'G', 'F', 'SG/SF', 'G/F', 'F/C', 'UT', 'BE', 'IR']",37.0,True,GSW,OUT,True
16,8,Hawk Tuah Demure,7,Goat's,3899664,Simone Fontecchio,SF,PG,"['SF', 'F', 'SG/SF', 'G/F', 'F/C', 'UT', 'BE', 'IR']",33.0,True,MIA,ACTIVE,False
16,8,Hawk Tuah Demure,7,Goat's,4997536,Gui Santos,SF,PG,"['SF', 'F', 'SG/SF', 'G/F', 'F/C', 'UT', 'BE', 'IR']",32.0,True,GSW,ACTIVE,False
16,8,Hawk Tuah Demure,7,Goat's,4396909,Aaron Nesmith,SF,PG,"['SF', 'F', 'SG/SF', 'G/F', 'F/C', 'UT', 'BE', 'IR']",34.0,True,IND,OUT,True
16,8,Hawk Tuah Demure,7,Goat's,3908809,Donovan Mitchell,SG,PG,"['PG', 'SG', 'G', 'SG/SF', 'G/F', 'UT', 'BE', 'IR']",127.0,True,CLE,ACTIVE,False
16,8,Hawk Tuah Demure,7,Goat's,4576087,Peyton Watson,SF,PG,"['SF', 'PF', 'F', 'SG/SF', 'G/F', 'PF/C', 'F/C', 'UT', 'BE', 'IR']",53.0,True,DEN,OUT,True
16,8,Hawk Tuah Demure,7,Goat's,4397140,Kevin Porter Jr.,SG,PG,"['PG', 'SG', 'G', 'SG/SF', 'G/F', 'UT', 'BE', 'IR']",54.0,True,MIL,OUT,True
16,8,Hawk Tuah Demure,7,Goat's,3059318,Joel Embiid,C,PG,"['C', 'PF/C', 'F/C', 'UT', 'BE', 'IR']",154.0,True,PHL,ACTIVE,False
16,8,Hawk Tuah Demure,7,Goat's,4066211,Robert Williams III,C,PG,"['C', 'PF/C', 'F/C', 'UT', 'BE', 'IR']",39.0,True,POR,ACTIVE,False
16,8,Hawk Tuah Demure,7,Goat's,4066336,Lauri Markkanen,PF,PG,"['SF', 'PF', 'F', 'SG/SF', 'G/F', 'PF/C', 'F/C', 'UT', 'BE', 'IR']",104.0,True,UTA,OUT,True
16,8,Hawk Tuah Demure,7,Goat's,4869780,Derik Queen,C,PG,"['C', 'PF/C', 'F/C', 'UT', 'BE', 'IR', 'Rookie']",103.0,True,NOP,ACTIVE,False
16,7,Goat's,8,Hawk Tuah Demure,3202,Kevin Durant,PF,PG,"['SF', 'PF', 'F', 'SG/SF', 'G/F', 'PF/C', 'F/C', 'UT', 'BE', 'IR']",103.0,True,HOU,OUT,True
16,7,Goat's,8,Hawk Tuah Demure,4914336,Shaedon Sharpe,SG,PG,"['SG', 'SF', 'G', 'F', 'SG/SF', 'G/F', 'F/C', 'UT', 'BE', 'IR']",24.0,True,POR,ACTIVE,False
16,7,Goat's,8,Hawk Tuah Demure,4066261,Bam Adebayo,C,PG,"['PF', 'C', 'F', 'G/F', 'PF/C', 'F/C', 'UT', 'BE', 'IR']",105.0,True,MIA,OUT,True
16,7,Goat's,8,Hawk Tuah Demure,4395724,Immanuel Quickley,PG,PG,"['PG', 'SG', 'G', 'SG/SF', 'G/F', 'UT', 'BE', 'IR']",131.0,True,TOR,OUT,True
16,7,Goat's,8,Hawk Tuah Demure,4278129,Deandre Ayton,C,PG,"['C', 'PF/C', 'F/C', 'UT', 'BE', 'IR']",50.0,True,LAL,ACTIVE,False
16,7,Goat's,8,Hawk Tuah Demure,6450,Kawhi Leonard,SF,PG,"['SF', 'PF', 'F', 'SG/SF', 'G/F', 'PF/C', 'F/C', 'UT', 'BE', 'IR']",218.0,True,LAC,ACTIVE,False
16,7,Goat's,8,Hawk Tuah Demure,4709138,Brandin Podziemski,SG,PG,"['PG', 'SG', 'G', 'SG/SF', 'G/F', 'UT', 'BE', 'IR']",43.0,True,GSW,ACTIVE,False
16,7,Goat's,8,Hawk Tuah Demure,3064440,Zach LaVine,SG,PG,"['SG', 'SF', 'G', 'F', 'SG/SF', 'G/F', 'F/C', 'UT', 'BE', 'IR']",34.0,True,SAC,OUT,True
16,7,Goat's,8,Hawk Tuah Demure,4277847,Wendell Carter Jr.,C,PG,"['C', 'PF/C', 'F/C', 'UT', 'BE', 'IR']",71.0,True,ORL,ACTIVE,False
16,7,Goat's,8,Hawk Tuah Demure,4845374,Bub Carrington,PG,PG,"['PG', 'SG', 'G', 'SG/SF', 'G/F', 'UT', 'BE', 'IR']",23.0,True,WAS,ACTIVE,False
16,7,Goat's,8,Hawk Tuah Demure,3936299,Jamal Murray,PG,PG,"['PG', 'G', 'G/F', 'UT', 'BE', 'IR']",165.0,True,DEN,ACTIVE,False
16,7,Goat's,8,Hawk Tuah Demure,4278585,Collin Gillespie,PG,PG,"['PG', 'G', 'G/F', 'UT', 'BE', 'IR']",113.0,True,PHO,ACTIVE,False
16,7,Goat's,8,Hawk Tuah Demure,4433083,Cam Spencer,SG,PG,"['PG', 'SG', 'G', 'SG/SF', 'G/F', 'UT', 'BE', 'IR']",107.0,True,MEM,OUT,True
16,7,Goat's,8,Hawk Tuah Demure,4278104,Michael Porter Jr.,SF,PG,"['SF', 'PF', 'F', 'SG/SF', 'G/F', 'PF/C', 'F/C', 'UT', 'BE', 'IR']",73.0,True,BKN,OUT,True
16,10,Van Der Linde Gang,9,ybgcorp,4683747,Jaylon Tyson,SG,PG,"['SG', 'SF', 'G', 'F', 'SG/SF', 'G/F', 'F/C', 'UT', 'BE', 'IR']",35.0,True,CLE,ACTIVE,False
16,10,Van Der Linde Gang,9,ybgcorp,3135045,Grayson Allen,SG,PG,"['PG', 'SG', 'G', 'SG/SF', 'G/F', 'UT', 'BE', 'IR']",72.0,True,PHO,ACTIVE,False
16,10,Van Der Linde Gang,9,ybgcorp,3934672,Jalen Brunson,PG,PG,"['PG', 'G', 'G/F', 'UT', 'BE', 'IR']",175.0,True,NYK,ACTIVE,False
16,10,Van Der Linde Gang,9,ybgcorp,4433134,Scottie Barnes,SF,PG,"['SG', 'SF', 'PF', 'G', 'F', 'SG/SF', 'G/F', 'PF/C', 'F/C', 'UT', 'BE', 'IR']",157.0,True,TOR,ACTIVE,False
16,10,Van Der Linde Gang,9,ybgcorp,4711272,Reed Sheppard,SG,PG,"['PG', 'SG', 'G', 'SG/SF', 'G/F', 'UT', 'BE', 'IR']",88.0,True,HOU,ACTIVE,False
16,10,Van Der Linde Gang,9,ybgcorp,5104157,Victor Wembanyama,C,PG,"['C', 'PF/C', 'F/C', 'UT', 'BE', 'IR']",154.0,True,SAS,ACTIVE,False
16,10,Van Der Linde Gang,9,ybgcorp,4066383,Miles Bridges,SF,PG,"['SF', 'PF', 'F', 'SG/SF', 'G/F', 'PF/C', 'F/C', 'UT', 'BE', 'IR']",88.0,True,CHA,ACTIVE,False
16,10,Van Der Linde Gang,9,ybgcorp,4397424,Neemias Queta,C,PG,"['C', 'PF/C', 'F/C', 'UT', 'BE', 'IR']",105.0,True,BOS,ACTIVE,False
16,10,Van Der Linde Gang,9,ybgcorp,4701232,Mark Williams,C,PG,"['C', 'PF/C', 'F/C', 'UT', 'BE', 'IR']",106.0,True,PHO,OUT,True
16,10,Van Der Linde Gang,9,ybgcorp,4433627,Keyonte George,PG,PG,"['PG', 'SG', 'G', 'SG/SF', 'G/F', 'UT', 'BE', 'IR']",7.0,True,UTA,OUT,True
16,10,Van Der Linde Gang,9,ybgcorp,4903027,Cedric Coward,SF,PG,"['SG', 'SF', 'G', 'F', 'SG/SF', 'G/F', 'F/C', 'UT', 'BE', 'IR']",69.0,True,MEM,OUT,True
16,10,Van Der Linde Gang,9,ybgcorp,5105623,Kel'el Ware,C,PG,"['C', 'PF/C', 'F/C', 'UT', 'BE', 'IR']",63.0,True,MIA,ACTIVE,False
16,10,Van Der Linde Gang,9,ybgcorp,2595516,Norman Powell,SG,PG,"['SG', 'SF', 'G', 'F', 'SG/SF', 'G/F', 'F/C', 'UT', 'BE', 'IR']",79.0,True,MIA,ACTIVE,False
16,9,ybgcorp,10,Van Der Linde Gang,5105550,GG Jackson,PF,PG,"['PF', 'F', 'G/F', 'PF/C', 'F/C', 'UT', 'BE', 'IR']",65.0,True,MEM,OUT,True
16,9,ybgcorp,10,Van Der Linde Gang,4433287,Brandon Miller,SF,PG,"['SG', 'SF', 'G', 'F', 'SG/SF', 'G/F', 'F/C', 'UT', 'BE', 'IR']",71.0,True,CHA,OUT,True
16,9,ybgcorp,10,Van Der Linde Gang,4066328,Jarrett Allen,C,PG,"['C', 'PF/C', 'F/C', 'UT', 'BE', 'IR']",87.0,True,CLE,ACTIVE,False
16,9,ybgcorp,10,Van Der Linde Gang,4066457,Austin Reaves,SG,PG,"['PG', 'SG', 'SF', 'G', 'F', 'SG/SF', 'G/F', 'F/C', 'UT', 'BE', 'IR']",105.0,True,LAL,ACTIVE,False
16,9,ybgcorp,10,Van Der Linde Gang,4397002,Ayo Dosunmu,SG,PG,"['SG', 'G', 'SG/SF', 'G/F', 'UT', 'BE', 'IR']",66.0,True,MIN,ACTIVE,False
16,9,ybgcorp,10,Van Der Linde Gang,4701230,Jalen Johnson,PF,PG,"['PF', 'F', 'G/F', 'PF/C', 'F/C', 'UT', 'BE', 'IR']",195.0,True,ATL,ACTIVE,False
16,9,ybgcorp,10,Van Der Linde Gang,4591725,Ryan Rollins,SG,PG,"['PG', 'SG', 'G', 'SG/SF', 'G/F', 'UT', 'BE', 'IR']",103.0,True,MIL,OUT,True
16,9,ybgcorp,10,Van Der Linde Gang,1966,LeBron James,SF,PG,"['SF', 'PF', 'F', 'SG/SF', 'G/F', 'PF/C', 'F/C', 'UT', 'BE', 'IR']",117.0,True,LAL,ACTIVE,False
16,9,ybgcorp,10,Van Der Linde Gang,3133628,Myles Turner,C,PG,"['C', 'PF/C', 'F/C', 'UT', 'BE', 'IR']",80.0,True,MIL,OUT,True
16,9,ybgcorp,10,Van Der Linde Gang,4869342,Dyson Daniels,SG,PG,"['PG', 'SG', 'G', 'SG/SF', 'G/F', 'UT', 'BE', 'IR']",63.0,True,ATL,ACTIVE,False
16,9,ybgcorp,10,Van Der Linde Gang,4278580,Sandro Mamukelashvili,PF,PG,"['PF', 'F', 'G/F', 'PF/C', 'F/C', 'UT', 'BE', 'IR']",103.0,True,TOR,ACTIVE,False
16,9,ybgcorp,10,Van Der Linde Gang,4712849,Anthony Black,PG,PG,"['PG', 'SG', 'G', 'SG/SF', 'G/F', 'UT', 'BE', 'IR']",109.0,True,ORL,ACTIVE,False
16,9,ybgcorp,10,Van Der Linde Gang,4278039,Nickeil Alexander-Walker,SG,PG,"['SG', 'G', 'SG/SF', 'G/F', 'UT', 'BE', 'IR']",120.0,True,ATL,ACTIVE,False
16,9,ybgcorp,10,Van Der Linde Gang,4065733,Ty Jerome,PG,PG,"['PG', 'G', 'G/F', 'UT', 'BE', 'IR']",97.0,True,MEM,OUT,True
16,5,Poole Party,6,Jeremy Lin fan club,4395712,Andrew Nembhard,PG,PG,"['PG', 'SG', 'G', 'SG/SF', 'G/F', 'UT', 'BE', 'IR']",71.0,True,IND,OUT,True
16,5,Poole Party,6,Jeremy Lin fan club,5144091,Jeremiah Fears,SG,PG,"['PG', 'SG', 'G', 'SG/SF', 'G/F', 'UT', 'BE', 'IR']",27.0,True,NOP,ACTIVE,False
16,5,Poole Party,6,Jeremy Lin fan club,5104155,Bilal Coulibaly,SF,PG,"['SG', 'SF', 'G', 'F', 'SG/SF', 'G/F', 'F/C', 'UT', 'BE', 'IR']",41.0,True,WAS,OUT,True
16,5,Poole Party,6,Jeremy Lin fan club,4711294,Matas Buzelis,SF,PG,"['SF', 'PF', 'F', 'SG/SF', 'G/F', 'PF/C', 'F/C', 'UT', 'BE', 'IR']",121.0,True,CHI,OUT,True
16,5,Poole Party,6,Jeremy Lin fan club,3149673,Pascal Siakam,PF,PG,"['PF', 'F', 'G/F', 'PF/C', 'F/C', 'UT', 'BE', 'IR']",94.0,True,IND,OUT,True
16,5,Poole Party,6,Jeremy Lin fan club,4594268,Anthony Edwards,SG,PG,"['SG', 'SF', 'G', 'F', 'SG/SF', 'G/F', 'F/C', 'UT', 'BE', 'IR']",189.0,True,MIN,ACTIVE,False
16,5,Poole Party,6,Jeremy Lin fan club,3995,Jrue Holiday,PG,PG,"['PG', 'SG', 'G', 'SG/SF', 'G/F', 'UT', 'BE', 'IR']",109.0,True,POR,ACTIVE,False
16,5,Poole Party,6,Jeremy Lin fan club,3102530,Jusuf Nurkic,C,PG,"['C', 'PF/C', 'F/C', 'UT', 'BE', 'IR']",28.0,True,UTA,OUT,True
16,5,Poole Party,6,Jeremy Lin fan club,4066259,De'Aaron Fox,PG,PG,"['PG', 'G', 'G/F', 'UT', 'BE', 'IR']",106.0,True,SAS,ACTIVE,False
16,5,Poole Party,6,Jeremy Lin fan club,5174563,Kyshawn George,SG,PG,"['SG', 'SF', 'G', 'F', 'SG/SF', 'G/F', 'F/C', 'UT', 'BE', 'IR']",58.0,True,WAS,OUT,True
16,5,Poole Party,6,Jeremy Lin fan club,5160992,Alex Sarr,C,PG,"['C', 'PF/C', 'F/C', 'UT', 'BE', 'IR']",78.0,True,WAS,OUT,True
16,5,Poole Party,6,Jeremy Lin fan club,4278078,P.J. Washington,PF,PG,"['SF', 'PF', 'F', 'SG/SF', 'G/F', 'PF/C', 'F/C', 'UT', 'BE', 'IR']",25.0,True,DAL,OUT,True
16,6,Jeremy Lin fan club,5,Poole Party,4593125,Santi Aldama,PF,PG,"['SF', 'PF', 'C', 'F', 'SG/SF', 'G/F', 'PF/C', 'F/C', 'UT', 'BE', 'IR']",26.0,True,MEM,OUT,True
16,6,Jeremy Lin fan club,5,Poole Party,4433255,Chet Holmgren,C,PG,"['PF', 'C', 'F', 'G/F', 'PF/C', 'F/C', 'UT', 'BE', 'IR']",56.0,True,OKC,ACTIVE,False
16,6,Jeremy Lin fan club,5,Poole Party,4432165,Jalen Suggs,PG,PG,"['PG', 'SG', 'G', 'SG/SF', 'G/F', 'UT', 'BE', 'IR']",164.0,True,ORL,ACTIVE,False
16,6,Jeremy Lin fan club,5,Poole Party,4601025,Pelle Larsson,SG,PG,"['SG', 'G', 'SG/SF', 'G/F', 'UT', 'BE', 'IR']",28.0,True,MIA,ACTIVE,False
16,6,Jeremy Lin fan club,5,Poole Party,4396971,Naz Reid,C,PG,"['PF', 'C', 'F', 'G/F', 'PF/C', 'F/C', 'UT', 'BE', 'IR']",114.0,True,MIN,ACTIVE,False
16,6,Jeremy Lin fan club,5,Poole Party,5061575,Kon Knueppel,SG,PG,"['SG', 'G', 'SG/SF', 'G/F', 'UT', 'BE', 'IR']",91.0,True,CHA,ACTIVE,False
16,6,Jeremy Lin fan club,5,Poole Party,3136193,Devin Booker,PG,PG,"['PG', 'SG', 'G', 'SG/SF', 'G/F', 'UT', 'BE', 'IR']",31.0,True,PHO,ACTIVE,False
16,6,Jeremy Lin fan club,5,Poole Party,6478,Nikola Vucevic,C,PG,"['C', 'PF/C', 'F/C', 'UT', 'BE', 'IR']",49.0,True,BOS,ACTIVE,False
16,6,Jeremy Lin fan club,5,Poole Party,4683766,Isaiah Collier,PG,PG,"['PG', 'G', 'G/F', 'UT', 'BE', 'IR']",103.0,True,UTA,OUT,True
16,6,Jeremy Lin fan club,5,Poole Party,4432816,LaMelo Ball,PG,PG,"['PG', 'G', 'G/F', 'UT', 'BE', 'IR']",110.0,True,CHA,ACTIVE,False
16,6,Jeremy Lin fan club,5,Poole Party,4431671,Jaden McDaniels,SF,PG,"['SF', 'F', 'SG/SF', 'G/F', 'F/C', 'UT', 'BE', 'IR']",95.0,True,MIN,ACTIVE,False
16,6,Jeremy Lin fan club,5,Poole Party,3155942,Domantas Sabonis,C,PG,"['PF', 'C', 'F', 'G/F', 'PF/C', 'F/C', 'UT', 'BE', 'IR']",49.0,True,SAC,OUT,True
16,6,Jeremy Lin fan club,5,Poole Party,3147657,Mikal Bridges,SF,PG,"['SG', 'SF', 'G', 'F', 'SG/SF', 'G/F', 'F/C', 'UT', 'BE', 'IR']",116.0,True,NYK,ACTIVE,False
16,6,Jeremy Lin fan club,5,Poole Party,4431736,Toumani Camara,PF,PG,"['SF', 'PF', 'F', 'SG/SF', 'G/F', 'PF/C', 'F/C', 'UT', 'BE', 'IR']",88.0,True,POR,ACTIVE,False
16,4,SKAVALASSKKYYYY,1,YSK FC,2490149,CJ McCollum,SG,PG,"['PG', 'SG', 'G', 'SG/SF', 'G/F', 'UT', 'BE', 'IR']",25.0,True,ATL,ACTIVE,False
16,4,SKAVALASSKKYYYY,1,YSK FC,5105565,Donovan Clingan,C,PG,"['C', 'PF/C', 'F/C', 'UT', 'BE', 'IR']",130.0,True,POR,ACTIVE,False
16,4,SKAVALASSKKYYYY,1,YSK FC,4397136,Saddiq Bey,SF,PG,"['SF', 'PF', 'F', 'SG/SF', 'G/F', 'PF/C', 'F/C', 'UT', 'BE', 'IR']",104.0,True,NOP,ACTIVE,False
16,4,SKAVALASSKKYYYY,1,YSK FC,4278053,Davion Mitchell,PG,PG,"['PG', 'G', 'G/F', 'UT', 'BE', 'IR']",59.0,True,MIA,ACTIVE,False
16,4,SKAVALASSKKYYYY,1,YSK FC,3155526,Dillon Brooks,SF,PG,"['SG', 'SF', 'G', 'F', 'SG/SF', 'G/F', 'F/C', 'UT', 'BE', 'IR']",76.0,True,PHO,ACTIVE,False
16,4,SKAVALASSKKYYYY,1,YSK FC,3945274,Luka Doncic,PG,PG,"['PG', 'G', 'G/F', 'UT', 'BE', 'IR']",38.0,True,LAL,OUT,True
16,4,SKAVALASSKKYYYY,1,YSK FC,3992,James Harden,PG,PG,"['PG', 'SG', 'G', 'SG/SF', 'G/F', 'UT', 'BE', 'IR']",45.0,True,CLE,ACTIVE,False
16,4,SKAVALASSKKYYYY,1,YSK FC,4395723,Keldon Johnson,SF,PG,"['SF', 'PF', 'F', 'SG/SF', 'G/F', 'PF/C', 'F/C', 'UT', 'BE', 'IR']",83.0,True,SAS,ACTIVE,False
16,4,SKAVALASSKKYYYY,1,YSK FC,3917376,Jaylen Brown,SF,PG,"['SG', 'SF', 'G', 'F', 'SG/SF', 'G/F', 'F/C', 'UT', 'BE', 'IR']",111.0,True,BOS,ACTIVE,False
16,4,SKAVALASSKKYYYY,1,YSK FC,3032976,Rudy Gobert,C,PG,"['C', 'PF/C', 'F/C', 'UT', 'BE', 'IR']",123.0,True,MIN,ACTIVE,False
16,4,SKAVALASSKKYYYY,1,YSK FC,5041939,Cooper Flagg,SF,PG,"['PG', 'SF', 'PF', 'G', 'F', 'SG/SF', 'G/F', 'PF/C', 'F/C', 'UT', 'BE', 'IR']",149.0,True,DAL,OUT,True
16,1,YSK FC,4,SKAVALASSKKYYYY,4871144,Alperen Sengun,C,PG,"['C', 'PF/C', 'F/C', 'UT', 'BE', 'IR']",179.0,True,HOU,ACTIVE,False
16,1,YSK FC,4,SKAVALASSKKYYYY,4278594,Naji Marshall,SF,PG,"['SF', 'PF', 'F', 'SG/SF', 'G/F', 'PF/C', 'F/C', 'UT', 'BE', 'IR']",15.0,True,DAL,OUT,True
16,1,YSK FC,4,SKAVALASSKKYYYY,4277961,Jaren Jackson Jr.,C,PG,"['PF', 'C', 'F', 'G/F', 'PF/C', 'F/C', 'UT', 'BE', 'IR']",44.0,True,UTA,OUT,True
16,1,YSK FC,4,SKAVALASSKKYYYY,4433192,Tari Eason,SF,PG,"['SF', 'PF', 'F', 'SG/SF', 'G/F', 'PF/C', 'F/C', 'UT', 'BE', 'IR']",64.0,True,HOU,ACTIVE,False
16,1,YSK FC,4,SKAVALASSKKYYYY,3468,Russell Westbrook,PG,PG,"['PG', 'G', 'G/F', 'UT', 'BE', 'IR']",67.0,True,SAC,OUT,True
16,1,YSK FC,4,SKAVALASSKKYYYY,4066354,Payton Pritchard,PG,PG,"['PG', 'G', 'G/F', 'UT', 'BE', 'IR']",146.0,True,BOS,ACTIVE,False
16,1,YSK FC,4,SKAVALASSKKYYYY,3133603,Kelly Oubre Jr.,SF,PG,"['SG', 'SF', 'G', 'F', 'SG/SF', 'G/F', 'F/C', 'UT', 'BE', 'IR']",112.0,True,PHL,ACTIVE,False
16,1,YSK FC,4,SKAVALASSKKYYYY,3213,Al Horford,C,PG,"['PF', 'C', 'F', 'G/F', 'PF/C', 'F/C', 'UT', 'BE', 'IR']",35.0,True,GSW,ACTIVE,False
16,1,YSK FC,4,SKAVALASSKKYYYY,4065804,Sam Hauser,SF,PG,"['SF', 'F', 'SG/SF', 'G/F', 'F/C', 'UT', 'BE', 'IR']",27.0,True,BOS,ACTIVE,False
16,1,YSK FC,4,SKAVALASSKKYYYY,4278067,Nic Claxton,C,PG,"['C', 'PF/C', 'F/C', 'UT', 'BE', 'IR']",66.0,True,BKN,OUT,True
16,1,YSK FC,4,SKAVALASSKKYYYY,4432848,Jaime Jaquez Jr.,SF,PG,"['SG', 'SF', 'G', 'F', 'SG/SF', 'G/F', 'F/C', 'UT', 'BE', 'IR']",63.0,True,MIA,ACTIVE,False
16,1,YSK FC,4,SKAVALASSKKYYYY,4278073,Shai Gilgeous-Alexander,PG,PG,"['PG', 'G', 'G/F', 'UT', 'BE', 'IR']",39.0,True,OKC,ACTIVE,False
16,1,YSK FC,4,SKAVALASSKKYYYY,3059319,Andrew Wiggins,SF,PG,"['SF', 'PF', 'F', 'SG/SF', 'G/F', 'PF/C', 'F/C', 'UT', 'BE', 'IR']",83.0,True,MIA,ACTIVE,False
16,1,YSK FC,4,SKAVALASSKKYYYY,4397688,Trey Murphy III,SF,PG,"['SG', 'SF', 'G', 'F', 'SG/SF', 'G/F', 'F/C', 'UT', 'BE', 'IR']",129.0,True,NOP,OUT,True
16,1,YSK FC,4,SKAVALASSKKYYYY,5093267,Collin Murray-Boyles,PF,PG,"['PF', 'F', 'G/F', 'PF/C', 'F/C', 'UT', 'BE', 'IR']",94.0,True,TOR,ACTIVE,False
16,1,YSK FC,4,SKAVALASSKKYYYY,3078576,Derrick White,SG,PG,"['PG', 'SG', 'G', 'SG/SF', 'G/F', 'UT', 'BE', 'IR']",142.0,True,BOS,ACTIVE,False
16,1,YSK FC,4,SKAVALASSKKYYYY,4432573,Paolo Banchero,PF,PG,"['SF', 'PF', 'F', 'SG/SF', 'G/F', 'PF/C', 'F/C', 'UT', 'BE', 'IR']",108.0,True,ORL,ACTIVE,False
16,3,Kat's Kittens,2,Phantom Troupe,6440,Tobias Harris,PF,PG,"['SF', 'PF', 'F', 'SG/SF', 'G/F', 'PF/C', 'F/C', 'UT', 'BE', 'IR']",39.0,True,DET,ACTIVE,False
16,3,Kat's Kittens,2,Phantom Troupe,4395625,RJ Barrett,SF,PG,"['SG', 'SF', 'PF', 'G', 'F', 'SG/SF', 'G/F', 'PF/C', 'F/C', 'UT', 'BE', 'IR']",55.0,True,TOR,ACTIVE,False
16,3,Kat's Kittens,2,Phantom Troupe,3136195,Karl-Anthony Towns,C,PG,"['PF', 'C', 'F', 'G/F', 'PF/C', 'F/C', 'UT', 'BE', 'IR']",103.0,True,NYK,ACTIVE,False
16,3,Kat's Kittens,2,Phantom Troupe,3064514,Julius Randle,PF,PG,"['PF', 'F', 'G/F', 'PF/C', 'F/C', 'UT', 'BE', 'IR']",130.0,True,MIN,ACTIVE,False
16,3,Kat's Kittens,2,Phantom Troupe,4395630,Devin Vassell,SG,PG,"['SG', 'SF', 'G', 'F', 'SG/SF', 'G/F', 'F/C', 'UT', 'BE', 'IR']",63.0,True,SAS,ACTIVE,False
16,3,Kat's Kittens,2,Phantom Troupe,3934673,Donte DiVincenzo,SG,PG,"['PG', 'SG', 'G', 'SG/SF', 'G/F', 'UT', 'BE', 'IR']",93.0,True,MIN,OUT,True
16,3,Kat's Kittens,2,Phantom Troupe,4277811,Collin Sexton,SG,PG,"['PG', 'SG', 'G', 'SG/SF', 'G/F', 'UT', 'BE', 'IR']",4.0,True,CHI,ACTIVE,False
16,3,Kat's Kittens,2,Phantom Troupe,2991070,Jerami Grant,PF,PG,"['PF', 'F', 'G/F', 'PF/C', 'F/C', 'UT', 'BE', 'IR']",80.0,True,POR,ACTIVE,False
16,3,Kat's Kittens,2,Phantom Troupe,4433621,Jalen Duren,C,PG,"['C', 'PF/C', 'F/C', 'UT', 'BE', 'IR']",38.0,True,DET,ACTIVE,False
16,3,Kat's Kittens,2,Phantom Troupe,3908845,John Collins,PF,PG,"['PF', 'C', 'F', 'G/F', 'PF/C', 'F/C', 'UT', 'BE', 'IR']",93.0,True,LAC,ACTIVE,False
16,3,Kat's Kittens,2,Phantom Troupe,3062679,Josh Hart,SF,PG,"['SG', 'SF', 'G', 'F', 'SG/SF', 'G/F', 'F/C', 'UT', 'BE', 'IR']",65.0,True,NYK,ACTIVE,False
16,3,Kat's Kittens,2,Phantom Troupe,6589,Draymond Green,PF,PG,"['PF', 'C', 'F', 'G/F', 'PF/C', 'F/C', 'UT', 'BE', 'IR']",10.0,True,GSW,ACTIVE,False
16,3,Kat's Kittens,2,Phantom Troupe,4431678,Tyrese Maxey,PG,PG,"['PG', 'SG', 'G', 'SG/SF', 'G/F', 'UT', 'BE', 'IR']",196.0,True,PHL,ACTIVE,False
16,3,Kat's Kittens,2,Phantom Troupe,4845367,Stephon Castle,PG,PG,"['PG', 'SG', 'G', 'SG/SF', 'G/F', 'UT', 'BE', 'IR']",175.0,True,SAS,ACTIVE,False
16,2,Phantom Troupe,3,Kat's Kittens,4395651,Coby White,PG,PG,"['PG', 'SG', 'G', 'SG/SF', 'G/F', 'UT', 'BE', 'IR']",28.0,True,CHA,ACTIVE,False
16,2,Phantom Troupe,3,Kat's Kittens,4684742,Ausar Thompson,SF,PG,"['SF', 'PF', 'F', 'SG/SF', 'G/F', 'PF/C', 'F/C', 'UT', 'BE', 'IR']",108.0,True,DET,ACTIVE,False
16,2,Phantom Troupe,3,Kat's Kittens,3913176,Brandon Ingram,SF,PG,"['SF', 'F', 'SG/SF', 'G/F', 'F/C', 'UT', 'BE', 'IR']",124.0,True,TOR,OUT,True
16,2,Phantom Troupe,3,Kat's Kittens,3934719,OG Anunoby,SF,PG,"['SF', 'PF', 'F', 'SG/SF', 'G/F', 'PF/C', 'F/C', 'UT', 'BE', 'IR']",73.0,True,NYK,ACTIVE,False
16,2,Phantom Troupe,3,Kat's Kittens,4432166,Cade Cunningham,PG,PG,"['PG', 'SG', 'G', 'SG/SF', 'G/F', 'UT', 'BE', 'IR']",113.0,True,DET,ACTIVE,False
16,2,Phantom Troupe,3,Kat's Kittens,4066262,Malik Monk,SG,PG,"['PG', 'SG', 'SF', 'G', 'F', 'SG/SF', 'G/F', 'F/C', 'UT', 'BE', 'IR']",48.0,True,SAC,OUT,True
16,2,Phantom Troupe,3,Kat's Kittens,4592492,Bones Hyland,PG,PG,"['PG', 'G', 'G/F', 'UT', 'BE', 'IR']",15.0,True,MIN,ACTIVE,False
16,2,Phantom Troupe,3,Kat's Kittens,3978,DeMar DeRozan,SF,PG,"['SF', 'PF', 'F', 'SG/SF', 'G/F', 'PF/C', 'F/C', 'UT', 'BE', 'IR']",71.0,True,SAC,OUT,True
16,2,Phantom Troupe,3,Kat's Kittens,5124612,VJ Edgecombe,SG,PG,"['SG', 'G', 'SG/SF', 'G/F', 'UT', 'BE', 'IR']",129.0,True,PHL,ACTIVE,False
16,2,Phantom Troupe,3,Kat's Kittens,4066320,Desmond Bane,SG,PG,"['SG', 'SF', 'G', 'F', 'SG/SF', 'G/F', 'F/C', 'UT', 'BE', 'IR']",92.0,True,ORL,ACTIVE,False
16,2,Phantom Troupe,3,Kat's Kittens,4395628,Zion Williamson,PF,PG,"['PF', 'F', 'G/F', 'PF/C', 'F/C', 'UT', 'BE', 'IR']",101.0,True,NOP,OUT,True
16,2,Phantom Troupe,3,Kat's Kittens,4017837,Ivica Zubac,C,PG,"['C', 'PF/C', 'F/C', 'UT', 'BE', 'IR']",25.0,True,IND,OUT,True
16,2,Phantom Troupe,3,Kat's Kittens,4873138,Ace Bailey,SF,PG,"['SF', 'PF', 'F', 'SG/SF', 'G/F', 'PF/C', 'F/C', 'UT', 'BE', 'IR']",94.0,True,UTA,ACTIVE,False
16,2,Phantom Troupe,3,Kat's Kittens,4432639,Jabari Smith Jr.,PF,PG,"['PF', 'C', 'F', 'G/F', 'PF/C', 'F/C', 'UT', 'BE', 'IR']",139.0,True,HOU,ACTIVE,False
17,10,Van Der Linde Gang,8,Hawk Tuah Demure,4683747,Jaylon Tyson,SG,PG,"['SG', 'SF', 'G', 'F', 'SG/SF', 'G/F', 'F/C', 'UT', 'BE', 'IR']",72.0,True,CLE,ACTIVE,False
17,10,Van Der Linde Gang,8,Hawk Tuah Demure,4566434,Franz Wagner,SF,PG,"['SF', 'PF', 'F', 'SG/SF', 'G/F', 'PF/C', 'F/C', 'UT', 'BE', 'IR']",43.0,True,ORL,OUT,True
17,10,Van Der Linde Gang,8,Hawk Tuah Demure,3135045,Grayson Allen,SG,PG,"['PG', 'SG', 'G', 'SG/SF', 'G/F', 'UT', 'BE', 'IR']",40.0,True,PHO,ACTIVE,False
17,10,Van Der Linde Gang,8,Hawk Tuah Demure,3934672,Jalen Brunson,PG,PG,"['PG', 'G', 'G/F', 'UT', 'BE', 'IR']",204.0,True,NYK,ACTIVE,False
17,10,Van Der Linde Gang,8,Hawk Tuah Demure,4433134,Scottie Barnes,SF,PG,"['SG', 'SF', 'PF', 'G', 'F', 'SG/SF', 'G/F', 'PF/C', 'F/C', 'UT', 'BE', 'IR']",84.0,True,TOR,ACTIVE,False
17,10,Van Der Linde Gang,8,Hawk Tuah Demure,4711272,Reed Sheppard,SG,PG,"['PG', 'SG', 'G', 'SG/SF', 'G/F', 'UT', 'BE', 'IR']",124.0,True,HOU,ACTIVE,False
17,10,Van Der Linde Gang,8,Hawk Tuah Demure,5104157,Victor Wembanyama,C,PG,"['C', 'PF/C', 'F/C', 'UT', 'BE', 'IR']",252.0,True,SAS,ACTIVE,False
17,10,Van Der Linde Gang,8,Hawk Tuah Demure,4066383,Miles Bridges,SF,PG,"['SF', 'PF', 'F', 'SG/SF', 'G/F', 'PF/C', 'F/C', 'UT', 'BE', 'IR']",2.0,True,CHA,ACTIVE,False
17,10,Van Der Linde Gang,8,Hawk Tuah Demure,4397424,Neemias Queta,C,PG,"['C', 'PF/C', 'F/C', 'UT', 'BE', 'IR']",81.0,True,BOS,ACTIVE,False
17,10,Van Der Linde Gang,8,Hawk Tuah Demure,4701232,Mark Williams,C,PG,"['C', 'PF/C', 'F/C', 'UT', 'BE', 'IR']",82.0,True,PHO,OUT,True
17,10,Van Der Linde Gang,8,Hawk Tuah Demure,4903027,Cedric Coward,SF,PG,"['SG', 'SF', 'G', 'F', 'SG/SF', 'G/F', 'F/C', 'UT', 'BE', 'IR']",11.0,True,MEM,OUT,True
17,10,Van Der Linde Gang,8,Hawk Tuah Demure,5105623,Kel'el Ware,C,PG,"['C', 'PF/C', 'F/C', 'UT', 'BE', 'IR']",114.0,True,MIA,ACTIVE,False
17,10,Van Der Linde Gang,8,Hawk Tuah Demure,2595516,Norman Powell,SG,PG,"['SG', 'SF', 'G', 'F', 'SG/SF', 'G/F', 'F/C', 'UT', 'BE', 'IR']",70.0,True,MIA,ACTIVE,False
17,8,Hawk Tuah Demure,10,Van Der Linde Gang,4278049,Daniel Gafford,C,PG,"['C', 'PF/C', 'F/C', 'UT', 'BE', 'IR']",10.0,True,DAL,ACTIVE,False
17,8,Hawk Tuah Demure,10,Van Der Linde Gang,3112335,Nikola Jokic,C,PG,"['C', 'PF/C', 'F/C', 'UT', 'BE', 'IR']",292.0,True,DEN,ACTIVE,False
17,8,Hawk Tuah Demure,10,Van Der Linde Gang,5106060,Jarace Walker,PF,PG,"['PF', 'F', 'G/F', 'PF/C', 'F/C', 'UT', 'BE', 'IR']",70.0,True,IND,OUT,True
17,8,Hawk Tuah Demure,10,Van Der Linde Gang,4871145,Josh Giddey,SG,PG,"['PG', 'SG', 'SF', 'G', 'F', 'SG/SF', 'G/F', 'F/C', 'UT', 'BE', 'IR']",73.0,True,CHI,OUT,True
17,8,Hawk Tuah Demure,10,Van Der Linde Gang,4278402,Jordan Goodwin,PG,PG,"['PG', 'SG', 'G', 'SG/SF', 'G/F', 'UT', 'BE', 'IR']",55.0,True,PHO,OUT,True
17,8,Hawk Tuah Demure,10,Van Der Linde Gang,4684740,Amen Thompson,SF,PG,"['SG', 'SF', 'PF', 'G', 'F', 'SG/SF', 'G/F', 'PF/C', 'F/C', 'UT', 'BE', 'IR']",139.0,True,HOU,ACTIVE,False
17,8,Hawk Tuah Demure,10,Van Der Linde Gang,4351851,Anfernee Simons,SG,PG,"['PG', 'SG', 'G', 'SG/SF', 'G/F', 'UT', 'BE', 'IR']",68.0,True,CHI,OUT,True
17,8,Hawk Tuah Demure,10,Van Der Linde Gang,4683021,Deni Avdija,SF,PG,"['SG', 'SF', 'PF', 'G', 'F', 'SG/SF', 'G/F', 'PF/C', 'F/C', 'UT', 'BE', 'IR']",105.0,True,POR,ACTIVE,False
17,8,Hawk Tuah Demure,10,Van Der Linde Gang,4683692,Cason Wallace,SG,PG,"['SG', 'G', 'SG/SF', 'G/F', 'UT', 'BE', 'IR']",13.0,True,OKC,ACTIVE,False
17,8,Hawk Tuah Demure,10,Van Der Linde Gang,4997536,Gui Santos,SF,PG,"['SF', 'F', 'SG/SF', 'G/F', 'F/C', 'UT', 'BE', 'IR']",109.0,True,GSW,ACTIVE,False
17,8,Hawk Tuah Demure,10,Van Der Linde Gang,4396909,Aaron Nesmith,SF,PG,"['SF', 'F', 'SG/SF', 'G/F', 'F/C', 'UT', 'BE', 'IR']",22.0,True,IND,OUT,True
17,8,Hawk Tuah Demure,10,Van Der Linde Gang,4594327,Keegan Murray,PF,PG,"['SF', 'PF', 'F', 'SG/SF', 'G/F', 'PF/C', 'F/C', 'UT', 'BE', 'IR']",27.0,True,SAC,OUT,True
17,8,Hawk Tuah Demure,10,Van Der Linde Gang,3908809,Donovan Mitchell,SG,PG,"['PG', 'SG', 'G', 'SG/SF', 'G/F', 'UT', 'BE', 'IR']",221.0,True,CLE,ACTIVE,False
17,8,Hawk Tuah Demure,10,Van Der Linde Gang,4397140,Kevin Porter Jr.,SG,PG,"['PG', 'SG', 'G', 'SG/SF', 'G/F', 'UT', 'BE', 'IR']",239.0,True,MIL,OUT,True
17,8,Hawk Tuah Demure,10,Van Der Linde Gang,4869780,Derik Queen,C,PG,"['C', 'PF/C', 'F/C', 'UT', 'BE', 'IR', 'Rookie']",108.0,True,NOP,ACTIVE,False
17,8,Hawk Tuah Demure,10,Van Der Linde Gang,4066336,Lauri Markkanen,PF,PG,"['SF', 'PF', 'F', 'SG/SF', 'G/F', 'PF/C', 'F/C', 'UT', 'BE', 'IR']",61.0,True,UTA,OUT,True
17,7,Goat's,5,Poole Party,3202,Kevin Durant,PF,PG,"['SF', 'PF', 'F', 'SG/SF', 'G/F', 'PF/C', 'F/C', 'UT', 'BE', 'IR']",169.0,True,HOU,OUT,True
17,7,Goat's,5,Poole Party,4066261,Bam Adebayo,C,PG,"['PF', 'C', 'F', 'G/F', 'PF/C', 'F/C', 'UT', 'BE', 'IR']",149.0,True,MIA,OUT,True
17,7,Goat's,5,Poole Party,4395724,Immanuel Quickley,PG,PG,"['PG', 'SG', 'G', 'SG/SF', 'G/F', 'UT', 'BE', 'IR']",121.0,True,TOR,OUT,True
17,7,Goat's,5,Poole Party,4278129,Deandre Ayton,C,PG,"['C', 'PF/C', 'F/C', 'UT', 'BE', 'IR']",36.0,True,LAL,ACTIVE,False
17,7,Goat's,5,Poole Party,6450,Kawhi Leonard,SF,PG,"['SF', 'PF', 'F', 'SG/SF', 'G/F', 'PF/C', 'F/C', 'UT', 'BE', 'IR']",227.0,True,LAC,ACTIVE,False
17,7,Goat's,5,Poole Party,5175643,Egor Demin,PG,PG,"['PG', 'G', 'G/F', 'UT', 'BE', 'IR']",47.0,True,BKN,OUT,True
17,7,Goat's,5,Poole Party,4709138,Brandin Podziemski,SG,PG,"['PG', 'SG', 'G', 'SG/SF', 'G/F', 'UT', 'BE', 'IR']",148.0,True,GSW,ACTIVE,False
17,7,Goat's,5,Poole Party,4277847,Wendell Carter Jr.,C,PG,"['C', 'PF/C', 'F/C', 'UT', 'BE', 'IR']",100.0,True,ORL,ACTIVE,False
17,7,Goat's,5,Poole Party,4845374,Bub Carrington,PG,PG,"['PG', 'SG', 'G', 'SG/SF', 'G/F', 'UT', 'BE', 'IR']",60.0,True,WAS,ACTIVE,False
17,7,Goat's,5,Poole Party,3936299,Jamal Murray,PG,PG,"['PG', 'G', 'G/F', 'UT', 'BE', 'IR']",200.0,True,DEN,ACTIVE,False
17,7,Goat's,5,Poole Party,4278585,Collin Gillespie,PG,PG,"['PG', 'G', 'G/F', 'UT', 'BE', 'IR']",122.0,True,PHO,ACTIVE,False
17,7,Goat's,5,Poole Party,4433083,Cam Spencer,SG,PG,"['PG', 'SG', 'G', 'SG/SF', 'G/F', 'UT', 'BE', 'IR']",76.0,True,MEM,OUT,True
17,7,Goat's,5,Poole Party,4278104,Michael Porter Jr.,SF,PG,"['SF', 'PF', 'F', 'SG/SF', 'G/F', 'PF/C', 'F/C', 'UT', 'BE', 'IR']",100.0,True,BKN,OUT,True
17,5,Poole Party,7,Goat's,4395712,Andrew Nembhard,PG,PG,"['PG', 'SG', 'G', 'SG/SF', 'G/F', 'UT', 'BE', 'IR']",98.0,True,IND,OUT,True
17,5,Poole Party,7,Goat's,3064482,Bobby Portis,PF,PG,"['PF', 'F', 'G/F', 'PF/C', 'F/C', 'UT', 'BE', 'IR']",103.0,True,MIL,OUT,True
17,5,Poole Party,7,Goat's,5174563,Kyshawn George,SG,PG,"['SG', 'SF', 'G', 'F', 'SG/SF', 'G/F', 'F/C', 'UT', 'BE', 'IR']",64.0,True,WAS,OUT,True
17,5,Poole Party,7,Goat's,4593803,Jalen Williams,PF,PG,"['SF', 'PF', 'C', 'F', 'SG/SF', 'G/F', 'PF/C', 'F/C', 'UT', 'BE', 'IR']",51.0,True,OKC,OUT,True
17,5,Poole Party,7,Goat's,4066259,De'Aaron Fox,PG,PG,"['PG', 'G', 'G/F', 'UT', 'BE', 'IR']",152.0,True,SAS,ACTIVE,False
17,5,Poole Party,7,Goat's,3102530,Jusuf Nurkic,C,PG,"['C', 'PF/C', 'F/C', 'UT', 'BE', 'IR']",56.0,True,UTA,OUT,True
17,5,Poole Party,7,Goat's,5144091,Jeremiah Fears,SG,PG,"['PG', 'SG', 'G', 'SG/SF', 'G/F', 'UT', 'BE', 'IR']",43.0,True,NOP,ACTIVE,False
17,5,Poole Party,7,Goat's,3149673,Pascal Siakam,PF,PG,"['PF', 'F', 'G/F', 'PF/C', 'F/C', 'UT', 'BE', 'IR']",88.0,True,IND,OUT,True
17,5,Poole Party,7,Goat's,4711294,Matas Buzelis,SF,PG,"['SF', 'PF', 'F', 'SG/SF', 'G/F', 'PF/C', 'F/C', 'UT', 'BE', 'IR']",133.0,True,CHI,OUT,True
17,5,Poole Party,7,Goat's,4594268,Anthony Edwards,SG,PG,"['SG', 'SF', 'G', 'F', 'SG/SF', 'G/F', 'F/C', 'UT', 'BE', 'IR']",191.0,True,MIN,ACTIVE,False
17,5,Poole Party,7,Goat's,3995,Jrue Holiday,PG,PG,"['PG', 'SG', 'G', 'SG/SF', 'G/F', 'UT', 'BE', 'IR']",161.0,True,POR,ACTIVE,False
17,5,Poole Party,7,Goat's,4432158,Evan Mobley,PF,PG,"['PF', 'C', 'F', 'G/F', 'PF/C', 'F/C', 'UT', 'BE', 'IR']",47.0,True,CLE,ACTIVE,False
17,5,Poole Party,7,Goat's,4278078,P.J. Washington,PF,PG,"['SF', 'PF', 'F', 'SG/SF', 'G/F', 'PF/C', 'F/C', 'UT', 'BE', 'IR']",98.0,True,DAL,OUT,True
17,9,ybgcorp,4,SKAVALASSKKYYYY,5105550,GG Jackson,PF,PG,"['PF', 'F', 'G/F', 'PF/C', 'F/C', 'UT', 'BE', 'IR']",79.0,True,MEM,OUT,True
17,9,ybgcorp,4,SKAVALASSKKYYYY,4433287,Brandon Miller,SF,PG,"['SG', 'SF', 'G', 'F', 'SG/SF', 'G/F', 'F/C', 'UT', 'BE', 'IR']",164.0,True,CHA,OUT,True
17,9,ybgcorp,4,SKAVALASSKKYYYY,4066328,Jarrett Allen,C,PG,"['C', 'PF/C', 'F/C', 'UT', 'BE', 'IR']",195.0,True,CLE,ACTIVE,False
17,9,ybgcorp,4,SKAVALASSKKYYYY,4066457,Austin Reaves,SG,PG,"['PG', 'SG', 'SF', 'G', 'F', 'SG/SF', 'G/F', 'F/C', 'UT', 'BE', 'IR']",136.0,True,LAL,ACTIVE,False
17,9,ybgcorp,4,SKAVALASSKKYYYY,4701230,Jalen Johnson,PF,PG,"['PF', 'F', 'G/F', 'PF/C', 'F/C', 'UT', 'BE', 'IR']",198.0,True,ATL,ACTIVE,False
17,9,ybgcorp,4,SKAVALASSKKYYYY,4397002,Ayo Dosunmu,SG,PG,"['SG', 'G', 'SG/SF', 'G/F', 'UT', 'BE', 'IR']",106.0,True,MIN,ACTIVE,False
17,9,ybgcorp,4,SKAVALASSKKYYYY,4591725,Ryan Rollins,SG,PG,"['PG', 'SG', 'G', 'SG/SF', 'G/F', 'UT', 'BE', 'IR']",121.0,True,MIL,OUT,True
17,9,ybgcorp,4,SKAVALASSKKYYYY,1966,LeBron James,SF,PG,"['SF', 'PF', 'F', 'SG/SF', 'G/F', 'PF/C', 'F/C', 'UT', 'BE', 'IR']",180.0,True,LAL,ACTIVE,False
17,9,ybgcorp,4,SKAVALASSKKYYYY,3133628,Myles Turner,C,PG,"['C', 'PF/C', 'F/C', 'UT', 'BE', 'IR']",74.0,True,MIL,OUT,True
17,9,ybgcorp,4,SKAVALASSKKYYYY,4869342,Dyson Daniels,SG,PG,"['PG', 'SG', 'G', 'SG/SF', 'G/F', 'UT', 'BE', 'IR']",118.0,True,ATL,ACTIVE,False
17,9,ybgcorp,4,SKAVALASSKKYYYY,4278580,Sandro Mamukelashvili,PF,PG,"['PF', 'F', 'G/F', 'PF/C', 'F/C', 'UT', 'BE', 'IR']",26.0,True,TOR,ACTIVE,False
17,9,ybgcorp,4,SKAVALASSKKYYYY,4712849,Anthony Black,PG,PG,"['PG', 'SG', 'G', 'SG/SF', 'G/F', 'UT', 'BE', 'IR']",133.0,True,ORL,ACTIVE,False
17,9,ybgcorp,4,SKAVALASSKKYYYY,4278039,Nickeil Alexander-Walker,SG,PG,"['SG', 'G', 'SG/SF', 'G/F', 'UT', 'BE', 'IR']",151.0,True,ATL,ACTIVE,False
17,9,ybgcorp,4,SKAVALASSKKYYYY,4065733,Ty Jerome,PG,PG,"['PG', 'G', 'G/F', 'UT', 'BE', 'IR']",86.0,True,MEM,OUT,True
17,4,SKAVALASSKKYYYY,9,ybgcorp,2490149,CJ McCollum,SG,PG,"['PG', 'SG', 'G', 'SG/SF', 'G/F', 'UT', 'BE', 'IR']",183.0,True,ATL,ACTIVE,False
17,4,SKAVALASSKKYYYY,9,ybgcorp,4278053,Davion Mitchell,PG,PG,"['PG', 'G', 'G/F', 'UT', 'BE', 'IR']",82.0,True,MIA,ACTIVE,False
17,4,SKAVALASSKKYYYY,9,ybgcorp,3945274,Luka Doncic,PG,PG,"['PG', 'G', 'G/F', 'UT', 'BE', 'IR']",113.0,True,LAL,OUT,True
17,4,SKAVALASSKKYYYY,9,ybgcorp,4395723,Keldon Johnson,SF,PG,"['SF', 'PF', 'F', 'SG/SF', 'G/F', 'PF/C', 'F/C', 'UT', 'BE', 'IR']",71.0,True,SAS,ACTIVE,False
17,4,SKAVALASSKKYYYY,9,ybgcorp,3102531,Kristaps Porzingis,C,PG,"['PF', 'C', 'F', 'G/F', 'PF/C', 'F/C', 'UT', 'BE', 'IR']",18.0,True,GSW,ACTIVE,False
17,4,SKAVALASSKKYYYY,9,ybgcorp,5105565,Donovan Clingan,C,PG,"['C', 'PF/C', 'F/C', 'UT', 'BE', 'IR']",233.0,True,POR,ACTIVE,False
17,4,SKAVALASSKKYYYY,9,ybgcorp,4397136,Saddiq Bey,SF,PG,"['SF', 'PF', 'F', 'SG/SF', 'G/F', 'PF/C', 'F/C', 'UT', 'BE', 'IR']",110.0,True,NOP,ACTIVE,False
17,4,SKAVALASSKKYYYY,9,ybgcorp,3155526,Dillon Brooks,SF,PG,"['SG', 'SF', 'G', 'F', 'SG/SF', 'G/F', 'F/C', 'UT', 'BE', 'IR']",65.0,True,PHO,ACTIVE,False
17,4,SKAVALASSKKYYYY,9,ybgcorp,4873138,Ace Bailey,SF,PG,"['SF', 'PF', 'F', 'SG/SF', 'G/F', 'PF/C', 'F/C', 'UT', 'BE', 'IR']",49.0,True,UTA,ACTIVE,False
17,4,SKAVALASSKKYYYY,9,ybgcorp,3992,James Harden,PG,PG,"['PG', 'SG', 'G', 'SG/SF', 'G/F', 'UT', 'BE', 'IR']",218.0,True,CLE,ACTIVE,False
17,4,SKAVALASSKKYYYY,9,ybgcorp,3917376,Jaylen Brown,SF,PG,"['SG', 'SF', 'G', 'F', 'SG/SF', 'G/F', 'F/C', 'UT', 'BE', 'IR']",142.0,True,BOS,ACTIVE,False
17,4,SKAVALASSKKYYYY,9,ybgcorp,3032976,Rudy Gobert,C,PG,"['C', 'PF/C', 'F/C', 'UT', 'BE', 'IR']",109.0,True,MIN,ACTIVE,False
17,4,SKAVALASSKKYYYY,9,ybgcorp,5041939,Cooper Flagg,SF,PG,"['PG', 'SF', 'PF', 'G', 'F', 'SG/SF', 'G/F', 'PF/C', 'F/C', 'UT', 'BE', 'IR']",27.0,True,DAL,OUT,True
17,6,Jeremy Lin fan club,3,Kat's Kittens,4433255,Chet Holmgren,C,PG,"['PF', 'C', 'F', 'G/F', 'PF/C', 'F/C', 'UT', 'BE', 'IR']",166.0,True,OKC,ACTIVE,False
17,6,Jeremy Lin fan club,3,Kat's Kittens,4432165,Jalen Suggs,PG,PG,"['PG', 'SG', 'G', 'SG/SF', 'G/F', 'UT', 'BE', 'IR']",130.0,True,ORL,ACTIVE,False
17,6,Jeremy Lin fan club,3,Kat's Kittens,4396971,Naz Reid,C,PG,"['PF', 'C', 'F', 'G/F', 'PF/C', 'F/C', 'UT', 'BE', 'IR']",100.0,True,MIN,ACTIVE,False
17,6,Jeremy Lin fan club,3,Kat's Kittens,5061575,Kon Knueppel,SG,PG,"['SG', 'G', 'SG/SF', 'G/F', 'UT', 'BE', 'IR']",204.0,True,CHA,ACTIVE,False
17,6,Jeremy Lin fan club,3,Kat's Kittens,4395725,Tyler Herro,SG,PG,"['PG', 'SG', 'G', 'SG/SF', 'G/F', 'UT', 'BE', 'IR']",19.0,True,MIA,OUT,True
17,6,Jeremy Lin fan club,3,Kat's Kittens,6478,Nikola Vucevic,C,PG,"['C', 'PF/C', 'F/C', 'UT', 'BE', 'IR']",89.0,True,BOS,ACTIVE,False
17,6,Jeremy Lin fan club,3,Kat's Kittens,3136193,Devin Booker,PG,PG,"['PG', 'SG', 'G', 'SG/SF', 'G/F', 'UT', 'BE', 'IR']",38.0,True,PHO,ACTIVE,False
17,6,Jeremy Lin fan club,3,Kat's Kittens,4683766,Isaiah Collier,PG,PG,"['PG', 'G', 'G/F', 'UT', 'BE', 'IR']",165.0,True,UTA,OUT,True
17,6,Jeremy Lin fan club,3,Kat's Kittens,4432816,LaMelo Ball,PG,PG,"['PG', 'G', 'G/F', 'UT', 'BE', 'IR']",199.0,True,CHA,ACTIVE,False
17,6,Jeremy Lin fan club,3,Kat's Kittens,4431671,Jaden McDaniels,SF,PG,"['SF', 'F', 'SG/SF', 'G/F', 'F/C', 'UT', 'BE', 'IR']",162.0,True,MIN,ACTIVE,False
17,6,Jeremy Lin fan club,3,Kat's Kittens,3147657,Mikal Bridges,SF,PG,"['SG', 'SF', 'G', 'F', 'SG/SF', 'G/F', 'F/C', 'UT', 'BE', 'IR']",161.0,True,NYK,ACTIVE,False
17,6,Jeremy Lin fan club,3,Kat's Kittens,4431736,Toumani Camara,PF,PG,"['SF', 'PF', 'F', 'SG/SF', 'G/F', 'PF/C', 'F/C', 'UT', 'BE', 'IR']",153.0,True,POR,ACTIVE,False
17,6,Jeremy Lin fan club,3,Kat's Kittens,4065731,Jay Huff,C,PG,"['C', 'PF/C', 'F/C', 'UT', 'BE', 'IR']",62.0,True,IND,ACTIVE,False
17,3,Kat's Kittens,6,Jeremy Lin fan club,4431680,Onyeka Okongwu,C,PG,"['C', 'PF/C', 'F/C', 'UT', 'BE', 'IR']",157.0,True,ATL,ACTIVE,False
17,3,Kat's Kittens,6,Jeremy Lin fan club,6440,Tobias Harris,PF,PG,"['SF', 'PF', 'F', 'SG/SF', 'G/F', 'PF/C', 'F/C', 'UT', 'BE', 'IR']",22.0,True,DET,ACTIVE,False
17,3,Kat's Kittens,6,Jeremy Lin fan club,4395625,RJ Barrett,SF,PG,"['SG', 'SF', 'PF', 'G', 'F', 'SG/SF', 'G/F', 'PF/C', 'F/C', 'UT', 'BE', 'IR']",75.0,True,TOR,ACTIVE,False
17,3,Kat's Kittens,6,Jeremy Lin fan club,4683692,Cason Wallace,SG,PG,"['SG', 'G', 'SG/SF', 'G/F', 'UT', 'BE', 'IR']",43.0,True,OKC,ACTIVE,False
17,3,Kat's Kittens,6,Jeremy Lin fan club,3136195,Karl-Anthony Towns,C,PG,"['PF', 'C', 'F', 'G/F', 'PF/C', 'F/C', 'UT', 'BE', 'IR']",220.0,True,NYK,ACTIVE,False
17,3,Kat's Kittens,6,Jeremy Lin fan club,4222252,Isaiah Hartenstein,C,PG,"['C', 'PF/C', 'F/C', 'UT', 'BE', 'IR']",127.0,True,OKC,ACTIVE,False
17,3,Kat's Kittens,6,Jeremy Lin fan club,3064514,Julius Randle,PF,PG,"['PF', 'F', 'G/F', 'PF/C', 'F/C', 'UT', 'BE', 'IR']",155.0,True,MIN,ACTIVE,False
17,3,Kat's Kittens,6,Jeremy Lin fan club,4432174,Cam Thomas,SG,PG,"['SG', 'SF', 'G', 'F', 'SG/SF', 'G/F', 'F/C', 'UT', 'BE', 'IR']",63.0,True,FA,ACTIVE,False
17,3,Kat's Kittens,6,Jeremy Lin fan club,3934673,Donte DiVincenzo,SG,PG,"['PG', 'SG', 'G', 'SG/SF', 'G/F', 'UT', 'BE', 'IR']",113.0,True,MIN,OUT,True
17,3,Kat's Kittens,6,Jeremy Lin fan club,2991070,Jerami Grant,PF,PG,"['PF', 'F', 'G/F', 'PF/C', 'F/C', 'UT', 'BE', 'IR']",117.0,True,POR,ACTIVE,False
17,3,Kat's Kittens,6,Jeremy Lin fan club,4395702,Isaiah Joe,SG,PG,"['SG', 'G', 'SG/SF', 'G/F', 'UT', 'BE', 'IR']",28.0,True,OKC,ACTIVE,False
17,3,Kat's Kittens,6,Jeremy Lin fan club,4683634,Bennedict Mathurin,SF,PG,"['SG', 'SF', 'G', 'F', 'SG/SF', 'G/F', 'F/C', 'UT', 'BE', 'IR']",31.0,True,LAC,ACTIVE,False
17,3,Kat's Kittens,6,Jeremy Lin fan club,3908845,John Collins,PF,PG,"['PF', 'C', 'F', 'G/F', 'PF/C', 'F/C', 'UT', 'BE', 'IR']",85.0,True,LAC,ACTIVE,False
17,3,Kat's Kittens,6,Jeremy Lin fan club,4433621,Jalen Duren,C,PG,"['C', 'PF/C', 'F/C', 'UT', 'BE', 'IR']",77.0,True,DET,ACTIVE,False
17,3,Kat's Kittens,6,Jeremy Lin fan club,3062679,Josh Hart,SF,PG,"['SG', 'SF', 'G', 'F', 'SG/SF', 'G/F', 'F/C', 'UT', 'BE', 'IR']",145.0,True,NYK,ACTIVE,False
17,3,Kat's Kittens,6,Jeremy Lin fan club,4431678,Tyrese Maxey,PG,PG,"['PG', 'SG', 'G', 'SG/SF', 'G/F', 'UT', 'BE', 'IR']",228.0,True,PHL,ACTIVE,False
17,3,Kat's Kittens,6,Jeremy Lin fan club,4845367,Stephon Castle,PG,PG,"['PG', 'SG', 'G', 'SG/SF', 'G/F', 'UT', 'BE', 'IR']",106.0,True,SAS,ACTIVE,False
17,1,YSK FC,2,Phantom Troupe,5105839,Brice Sensabaugh,SF,PG,"['SF', 'F', 'SG/SF', 'G/F', 'F/C', 'UT', 'BE', 'IR']",30.0,True,UTA,ACTIVE,False
17,1,YSK FC,2,Phantom Troupe,4871144,Alperen Sengun,C,PG,"['C', 'PF/C', 'F/C', 'UT', 'BE', 'IR']",148.0,True,HOU,ACTIVE,False
17,1,YSK FC,2,Phantom Troupe,4278594,Naji Marshall,SF,PG,"['SF', 'PF', 'F', 'SG/SF', 'G/F', 'PF/C', 'F/C', 'UT', 'BE', 'IR']",82.0,True,DAL,OUT,True
17,1,YSK FC,2,Phantom Troupe,4432582,Max Christie,SG,PG,"['SG', 'G', 'SG/SF', 'G/F', 'UT', 'BE', 'IR']",56.0,True,DAL,ACTIVE,False
17,1,YSK FC,2,Phantom Troupe,4277961,Jaren Jackson Jr.,C,PG,"['PF', 'C', 'F', 'G/F', 'PF/C', 'F/C', 'UT', 'BE', 'IR']",38.0,True,UTA,OUT,True
17,1,YSK FC,2,Phantom Troupe,4433192,Tari Eason,SF,PG,"['SF', 'PF', 'F', 'SG/SF', 'G/F', 'PF/C', 'F/C', 'UT', 'BE', 'IR']",67.0,True,HOU,ACTIVE,False
17,1,YSK FC,2,Phantom Troupe,3133603,Kelly Oubre Jr.,SF,PG,"['SG', 'SF', 'G', 'F', 'SG/SF', 'G/F', 'F/C', 'UT', 'BE', 'IR']",115.0,True,PHL,ACTIVE,False
17,1,YSK FC,2,Phantom Troupe,4066354,Payton Pritchard,PG,PG,"['PG', 'G', 'G/F', 'UT', 'BE', 'IR']",155.0,True,BOS,ACTIVE,False
17,1,YSK FC,2,Phantom Troupe,3468,Russell Westbrook,PG,PG,"['PG', 'G', 'G/F', 'UT', 'BE', 'IR']",29.0,True,SAC,OUT,True
17,1,YSK FC,2,Phantom Troupe,4278067,Nic Claxton,C,PG,"['C', 'PF/C', 'F/C', 'UT', 'BE', 'IR']",55.0,True,BKN,OUT,True
17,1,YSK FC,2,Phantom Troupe,4432848,Jaime Jaquez Jr.,SF,PG,"['SG', 'SF', 'G', 'F', 'SG/SF', 'G/F', 'F/C', 'UT', 'BE', 'IR']",124.0,True,MIA,ACTIVE,False
17,1,YSK FC,2,Phantom Troupe,3059319,Andrew Wiggins,SF,PG,"['SF', 'PF', 'F', 'SG/SF', 'G/F', 'PF/C', 'F/C', 'UT', 'BE', 'IR']",119.0,True,MIA,ACTIVE,False
17,1,YSK FC,2,Phantom Troupe,4397688,Trey Murphy III,SF,PG,"['SG', 'SF', 'G', 'F', 'SG/SF', 'G/F', 'F/C', 'UT', 'BE', 'IR']",80.0,True,NOP,OUT,True
17,1,YSK FC,2,Phantom Troupe,3078576,Derrick White,SG,PG,"['PG', 'SG', 'G', 'SG/SF', 'G/F', 'UT', 'BE', 'IR']",123.0,True,BOS,ACTIVE,False
17,1,YSK FC,2,Phantom Troupe,4432573,Paolo Banchero,PF,PG,"['SF', 'PF', 'F', 'SG/SF', 'G/F', 'PF/C', 'F/C', 'UT', 'BE', 'IR']",174.0,True,ORL,ACTIVE,False
17,2,Phantom Troupe,1,YSK FC,4684742,Ausar Thompson,SF,PG,"['SF', 'PF', 'F', 'SG/SF', 'G/F', 'PF/C', 'F/C', 'UT', 'BE', 'IR']",107.0,True,DET,ACTIVE,False
17,2,Phantom Troupe,1,YSK FC,3934719,OG Anunoby,SF,PG,"['SF', 'PF', 'F', 'SG/SF', 'G/F', 'PF/C', 'F/C', 'UT', 'BE', 'IR']",85.0,True,NYK,ACTIVE,False
17,2,Phantom Troupe,1,YSK FC,3913176,Brandon Ingram,SF,PG,"['SF', 'F', 'SG/SF', 'G/F', 'F/C', 'UT', 'BE', 'IR']",109.0,True,TOR,OUT,True
17,2,Phantom Troupe,1,YSK FC,5037871,Dylan Harper,PG,PG,"['PG', 'SG', 'G', 'SG/SF', 'G/F', 'UT', 'BE', 'IR']",120.0,True,SAS,ACTIVE,False
17,2,Phantom Troupe,1,YSK FC,4432166,Cade Cunningham,PG,PG,"['PG', 'SG', 'G', 'SG/SF', 'G/F', 'UT', 'BE', 'IR']",275.0,True,DET,ACTIVE,False
17,2,Phantom Troupe,1,YSK FC,4395626,Tre Jones,PG,PG,"['PG', 'G', 'G/F', 'UT', 'BE', 'IR']",42.0,True,CHI,ACTIVE,False
17,2,Phantom Troupe,1,YSK FC,4431785,Scotty Pippen Jr.,PG,PG,"['PG', 'SG', 'G', 'SG/SF', 'G/F', 'UT', 'BE', 'IR']",14.0,True,MEM,OUT,True
17,2,Phantom Troupe,1,YSK FC,4592492,Bones Hyland,PG,PG,"['PG', 'G', 'G/F', 'UT', 'BE', 'IR']",28.0,True,MIN,ACTIVE,False
17,2,Phantom Troupe,1,YSK FC,5124612,VJ Edgecombe,SG,PG,"['SG', 'G', 'SG/SF', 'G/F', 'UT', 'BE', 'IR']",127.0,True,PHL,ACTIVE,False
17,2,Phantom Troupe,1,YSK FC,3978,DeMar DeRozan,SF,PG,"['SF', 'PF', 'F', 'SG/SF', 'G/F', 'PF/C', 'F/C', 'UT', 'BE', 'IR']",82.0,True,SAC,OUT,True
17,2,Phantom Troupe,1,YSK FC,4066320,Desmond Bane,SG,PG,"['SG', 'SF', 'G', 'F', 'SG/SF', 'G/F', 'F/C', 'UT', 'BE', 'IR']",254.0,True,ORL,ACTIVE,False
17,2,Phantom Troupe,1,YSK FC,4395628,Zion Williamson,PF,PG,"['PF', 'F', 'G/F', 'PF/C', 'F/C', 'UT', 'BE', 'IR']",170.0,True,NOP,OUT,True
17,2,Phantom Troupe,1,YSK FC,3134907,Kyle Kuzma,PF,PG,"['SF', 'PF', 'F', 'SG/SF', 'G/F', 'PF/C', 'F/C', 'UT', 'BE', 'IR']",0.0,True,MIL,OUT,True
17,2,Phantom Troupe,1,YSK FC,4683634,Bennedict Mathurin,SF,PG,"['SG', 'SF', 'G', 'F', 'SG/SF', 'G/F', 'F/C', 'UT', 'BE', 'IR']",121.0,True,LAC,ACTIVE,False
17,2,Phantom Troupe,1,YSK FC,4432639,Jabari Smith Jr.,PF,PG,"['PF', 'C', 'F', 'G/F', 'PF/C', 'F/C', 'UT', 'BE', 'IR']",136.0,True,HOU,ACTIVE,False
18,8,Hawk Tuah Demure,5,Poole Party,3112335,Nikola Jokic,C,PG,"['C', 'PF/C', 'F/C', 'UT', 'BE', 'IR']",177.0,True,DEN,ACTIVE,False
18,8,Hawk Tuah Demure,5,Poole Party,5106060,Jarace Walker,PF,PG,"['PF', 'F', 'G/F', 'PF/C', 'F/C', 'UT', 'BE', 'IR']",89.0,True,IND,OUT,True
18,8,Hawk Tuah Demure,5,Poole Party,4594327,Keegan Murray,PF,PG,"['SF', 'PF', 'F', 'SG/SF', 'G/F', 'PF/C', 'F/C', 'UT', 'BE', 'IR']",30.0,True,SAC,OUT,True
18,8,Hawk Tuah Demure,5,Poole Party,3908809,Donovan Mitchell,SG,PG,"['PG', 'SG', 'G', 'SG/SF', 'G/F', 'UT', 'BE', 'IR']",33.0,True,CLE,ACTIVE,False
18,8,Hawk Tuah Demure,5,Poole Party,4684740,Amen Thompson,SF,PG,"['SG', 'SF', 'PF', 'G', 'F', 'SG/SF', 'G/F', 'PF/C', 'F/C', 'UT', 'BE', 'IR']",88.0,True,HOU,ACTIVE,False
18,8,Hawk Tuah Demure,5,Poole Party,4871145,Josh Giddey,SG,PG,"['PG', 'SG', 'SF', 'G', 'F', 'SG/SF', 'G/F', 'F/C', 'UT', 'BE', 'IR']",115.0,True,CHI,OUT,True
18,8,Hawk Tuah Demure,5,Poole Party,4397140,Kevin Porter Jr.,SG,PG,"['PG', 'SG', 'G', 'SG/SF', 'G/F', 'UT', 'BE', 'IR']",181.0,True,MIL,OUT,True
18,8,Hawk Tuah Demure,5,Poole Party,3059318,Joel Embiid,C,PG,"['C', 'PF/C', 'F/C', 'UT', 'BE', 'IR']",86.0,True,PHL,ACTIVE,False
18,8,Hawk Tuah Demure,5,Poole Party,4997536,Gui Santos,SF,PG,"['SF', 'F', 'SG/SF', 'G/F', 'F/C', 'UT', 'BE', 'IR']",105.0,True,GSW,ACTIVE,False
18,8,Hawk Tuah Demure,5,Poole Party,4066336,Lauri Markkanen,PF,PG,"['SF', 'PF', 'F', 'SG/SF', 'G/F', 'PF/C', 'F/C', 'UT', 'BE', 'IR']",38.0,True,UTA,OUT,True
18,8,Hawk Tuah Demure,5,Poole Party,4684793,Kyle Filipowski,PF,PG,"['PF', 'C', 'F', 'G/F', 'PF/C', 'F/C', 'UT', 'BE', 'IR']",73.0,True,UTA,OUT,True
18,8,Hawk Tuah Demure,5,Poole Party,4869780,Derik Queen,C,PG,"['C', 'PF/C', 'F/C', 'UT', 'BE', 'IR', 'Rookie']",81.0,True,NOP,ACTIVE,False
18,5,Poole Party,8,Hawk Tuah Demure,3907497,Dejounte Murray,SG,PG,"['PG', 'SG', 'G', 'SG/SF', 'G/F', 'UT', 'BE', 'IR']",35.0,True,NOP,OUT,True
18,5,Poole Party,8,Hawk Tuah Demure,4395712,Andrew Nembhard,PG,PG,"['PG', 'SG', 'G', 'SG/SF', 'G/F', 'UT', 'BE', 'IR']",62.0,True,IND,OUT,True
18,5,Poole Party,8,Hawk Tuah Demure,5144091,Jeremiah Fears,SG,PG,"['PG', 'SG', 'G', 'SG/SF', 'G/F', 'UT', 'BE', 'IR']",99.0,True,NOP,ACTIVE,False
18,5,Poole Party,8,Hawk Tuah Demure,4711294,Matas Buzelis,SF,PG,"['SF', 'PF', 'F', 'SG/SF', 'G/F', 'PF/C', 'F/C', 'UT', 'BE', 'IR']",132.0,True,CHI,OUT,True
18,5,Poole Party,8,Hawk Tuah Demure,4594268,Anthony Edwards,SG,PG,"['SG', 'SF', 'G', 'F', 'SG/SF', 'G/F', 'F/C', 'UT', 'BE', 'IR']",128.0,True,MIN,ACTIVE,False
18,5,Poole Party,8,Hawk Tuah Demure,3995,Jrue Holiday,PG,PG,"['PG', 'SG', 'G', 'SG/SF', 'G/F', 'UT', 'BE', 'IR']",132.0,True,POR,ACTIVE,False
18,5,Poole Party,8,Hawk Tuah Demure,3064482,Bobby Portis,PF,PG,"['PF', 'F', 'G/F', 'PF/C', 'F/C', 'UT', 'BE', 'IR']",94.0,True,MIL,OUT,True
18,5,Poole Party,8,Hawk Tuah Demure,5174563,Kyshawn George,SG,PG,"['SG', 'SF', 'G', 'F', 'SG/SF', 'G/F', 'F/C', 'UT', 'BE', 'IR']",36.0,True,WAS,OUT,True
18,5,Poole Party,8,Hawk Tuah Demure,4432158,Evan Mobley,PF,PG,"['PF', 'C', 'F', 'G/F', 'PF/C', 'F/C', 'UT', 'BE', 'IR']",108.0,True,CLE,ACTIVE,False
18,5,Poole Party,8,Hawk Tuah Demure,4395630,Devin Vassell,SG,PG,"['SG', 'SF', 'G', 'F', 'SG/SF', 'G/F', 'F/C', 'UT', 'BE', 'IR']",111.0,True,SAS,ACTIVE,False
18,5,Poole Party,8,Hawk Tuah Demure,4066259,De'Aaron Fox,PG,PG,"['PG', 'G', 'G/F', 'UT', 'BE', 'IR']",99.0,True,SAS,ACTIVE,False
18,5,Poole Party,8,Hawk Tuah Demure,4278078,P.J. Washington,PF,PG,"['SF', 'PF', 'F', 'SG/SF', 'G/F', 'PF/C', 'F/C', 'UT', 'BE', 'IR']",24.0,True,DAL,OUT,True
18,4,SKAVALASSKKYYYY,10,Van Der Linde Gang,5105565,Donovan Clingan,C,PG,"['C', 'PF/C', 'F/C', 'UT', 'BE', 'IR']",115.0,True,POR,ACTIVE,False
18,4,SKAVALASSKKYYYY,10,Van Der Linde Gang,2490149,CJ McCollum,SG,PG,"['PG', 'SG', 'G', 'SG/SF', 'G/F', 'UT', 'BE', 'IR']",83.0,True,ATL,ACTIVE,False
18,4,SKAVALASSKKYYYY,10,Van Der Linde Gang,4397136,Saddiq Bey,SF,PG,"['SF', 'PF', 'F', 'SG/SF', 'G/F', 'PF/C', 'F/C', 'UT', 'BE', 'IR']",149.0,True,NOP,ACTIVE,False
18,4,SKAVALASSKKYYYY,10,Van Der Linde Gang,4278053,Davion Mitchell,PG,PG,"['PG', 'G', 'G/F', 'UT', 'BE', 'IR']",64.0,True,MIA,ACTIVE,False
18,4,SKAVALASSKKYYYY,10,Van Der Linde Gang,3945274,Luka Doncic,PG,PG,"['PG', 'G', 'G/F', 'UT', 'BE', 'IR']",244.0,True,LAL,OUT,True
18,4,SKAVALASSKKYYYY,10,Van Der Linde Gang,3992,James Harden,PG,PG,"['PG', 'SG', 'G', 'SG/SF', 'G/F', 'UT', 'BE', 'IR']",64.0,True,CLE,ACTIVE,False
18,4,SKAVALASSKKYYYY,10,Van Der Linde Gang,4873138,Ace Bailey,SF,PG,"['SF', 'PF', 'F', 'SG/SF', 'G/F', 'PF/C', 'F/C', 'UT', 'BE', 'IR']",85.0,True,UTA,ACTIVE,False
18,4,SKAVALASSKKYYYY,10,Van Der Linde Gang,4395723,Keldon Johnson,SF,PG,"['SF', 'PF', 'F', 'SG/SF', 'G/F', 'PF/C', 'F/C', 'UT', 'BE', 'IR']",47.0,True,SAS,ACTIVE,False
18,4,SKAVALASSKKYYYY,10,Van Der Linde Gang,3917376,Jaylen Brown,SF,PG,"['SG', 'SF', 'G', 'F', 'SG/SF', 'G/F', 'F/C', 'UT', 'BE', 'IR']",148.0,True,BOS,ACTIVE,False
18,4,SKAVALASSKKYYYY,10,Van Der Linde Gang,3032976,Rudy Gobert,C,PG,"['C', 'PF/C', 'F/C', 'UT', 'BE', 'IR']",111.0,True,MIN,ACTIVE,False
18,10,Van Der Linde Gang,4,SKAVALASSKKYYYY,5104157,Victor Wembanyama,C,PG,"['C', 'PF/C', 'F/C', 'UT', 'BE', 'IR']",187.0,True,SAS,ACTIVE,False
18,10,Van Der Linde Gang,4,SKAVALASSKKYYYY,4066383,Miles Bridges,SF,PG,"['SF', 'PF', 'F', 'SG/SF', 'G/F', 'PF/C', 'F/C', 'UT', 'BE', 'IR']",104.0,True,CHA,ACTIVE,False
18,10,Van Der Linde Gang,4,SKAVALASSKKYYYY,4397424,Neemias Queta,C,PG,"['C', 'PF/C', 'F/C', 'UT', 'BE', 'IR']",152.0,True,BOS,ACTIVE,False
18,10,Van Der Linde Gang,4,SKAVALASSKKYYYY,4683747,Jaylon Tyson,SG,PG,"['SG', 'SF', 'G', 'F', 'SG/SF', 'G/F', 'F/C', 'UT', 'BE', 'IR']",104.0,True,CLE,ACTIVE,False
18,10,Van Der Linde Gang,4,SKAVALASSKKYYYY,4701232,Mark Williams,C,PG,"['C', 'PF/C', 'F/C', 'UT', 'BE', 'IR']",22.0,True,PHO,OUT,True
18,10,Van Der Linde Gang,4,SKAVALASSKKYYYY,4433627,Keyonte George,PG,PG,"['PG', 'SG', 'G', 'SG/SF', 'G/F', 'UT', 'BE', 'IR']",23.0,True,UTA,OUT,True
18,10,Van Der Linde Gang,4,SKAVALASSKKYYYY,5105623,Kel'el Ware,C,PG,"['C', 'PF/C', 'F/C', 'UT', 'BE', 'IR']",44.0,True,MIA,ACTIVE,False
18,10,Van Der Linde Gang,4,SKAVALASSKKYYYY,3135045,Grayson Allen,SG,PG,"['PG', 'SG', 'G', 'SG/SF', 'G/F', 'UT', 'BE', 'IR']",54.0,True,PHO,ACTIVE,False
18,10,Van Der Linde Gang,4,SKAVALASSKKYYYY,2595516,Norman Powell,SG,PG,"['SG', 'SF', 'G', 'F', 'SG/SF', 'G/F', 'F/C', 'UT', 'BE', 'IR']",28.0,True,MIA,ACTIVE,False
18,10,Van Der Linde Gang,4,SKAVALASSKKYYYY,3934672,Jalen Brunson,PG,PG,"['PG', 'G', 'G/F', 'UT', 'BE', 'IR']",106.0,True,NYK,ACTIVE,False
18,10,Van Der Linde Gang,4,SKAVALASSKKYYYY,4433134,Scottie Barnes,SF,PG,"['SG', 'SF', 'PF', 'G', 'F', 'SG/SF', 'G/F', 'PF/C', 'F/C', 'UT', 'BE', 'IR']",68.0,True,TOR,ACTIVE,False
18,10,Van Der Linde Gang,4,SKAVALASSKKYYYY,4711272,Reed Sheppard,SG,PG,"['PG', 'SG', 'G', 'SG/SF', 'G/F', 'UT', 'BE', 'IR']",158.0,True,HOU,ACTIVE,False
18,3,Kat's Kittens,7,Goat's,4433249,Moussa Diabate,PF,PG,"['PF', 'C', 'F', 'G/F', 'PF/C', 'F/C', 'UT', 'BE', 'IR']",34.0,True,CHA,ACTIVE,False
18,3,Kat's Kittens,7,Goat's,4431680,Onyeka Okongwu,C,PG,"['C', 'PF/C', 'F/C', 'UT', 'BE', 'IR']",128.0,True,ATL,ACTIVE,False
18,3,Kat's Kittens,7,Goat's,4395625,RJ Barrett,SF,PG,"['SG', 'SF', 'PF', 'G', 'F', 'SG/SF', 'G/F', 'PF/C', 'F/C', 'UT', 'BE', 'IR']",94.0,True,TOR,ACTIVE,False
18,3,Kat's Kittens,7,Goat's,4222252,Isaiah Hartenstein,C,PG,"['C', 'PF/C', 'F/C', 'UT', 'BE', 'IR']",101.0,True,OKC,ACTIVE,False
18,3,Kat's Kittens,7,Goat's,3136195,Karl-Anthony Towns,C,PG,"['PF', 'C', 'F', 'G/F', 'PF/C', 'F/C', 'UT', 'BE', 'IR']",86.0,True,NYK,ACTIVE,False
18,3,Kat's Kittens,7,Goat's,3064514,Julius Randle,PF,PG,"['PF', 'F', 'G/F', 'PF/C', 'F/C', 'UT', 'BE', 'IR']",75.0,True,MIN,ACTIVE,False
18,3,Kat's Kittens,7,Goat's,3934673,Donte DiVincenzo,SG,PG,"['PG', 'SG', 'G', 'SG/SF', 'G/F', 'UT', 'BE', 'IR']",120.0,True,MIN,OUT,True
18,3,Kat's Kittens,7,Goat's,4432174,Cam Thomas,SG,PG,"['SG', 'SF', 'G', 'F', 'SG/SF', 'G/F', 'F/C', 'UT', 'BE', 'IR']",15.0,True,FA,ACTIVE,False
18,3,Kat's Kittens,7,Goat's,4595400,Olivier-Maxence Prosper,PF,PG,"['PF', 'F', 'G/F', 'PF/C', 'F/C', 'UT', 'BE', 'IR']",42.0,True,MEM,ACTIVE,False
18,3,Kat's Kittens,7,Goat's,2991070,Jerami Grant,PF,PG,"['PF', 'F', 'G/F', 'PF/C', 'F/C', 'UT', 'BE', 'IR']",95.0,True,POR,ACTIVE,False
18,3,Kat's Kittens,7,Goat's,4433621,Jalen Duren,C,PG,"['C', 'PF/C', 'F/C', 'UT', 'BE', 'IR']",212.0,True,DET,ACTIVE,False
18,3,Kat's Kittens,7,Goat's,3062679,Josh Hart,SF,PG,"['SG', 'SF', 'G', 'F', 'SG/SF', 'G/F', 'F/C', 'UT', 'BE', 'IR']",83.0,True,NYK,ACTIVE,False
18,3,Kat's Kittens,7,Goat's,4066436,De'Anthony Melton,PG,PG,"['PG', 'SG', 'G', 'SG/SF', 'G/F', 'UT', 'BE', 'IR']",19.0,True,GSW,ACTIVE,False
18,3,Kat's Kittens,7,Goat's,4433247,Jonathan Kuminga,PF,PG,"['PF', 'F', 'G/F', 'PF/C', 'F/C', 'UT', 'BE', 'IR']",34.0,True,ATL,ACTIVE,False
18,3,Kat's Kittens,7,Goat's,4431678,Tyrese Maxey,PG,PG,"['PG', 'SG', 'G', 'SG/SF', 'G/F', 'UT', 'BE', 'IR']",191.0,True,PHL,ACTIVE,False
18,3,Kat's Kittens,7,Goat's,4845367,Stephon Castle,PG,PG,"['PG', 'SG', 'G', 'SG/SF', 'G/F', 'UT', 'BE', 'IR']",117.0,True,SAS,ACTIVE,False
18,7,Goat's,3,Kat's Kittens,3202,Kevin Durant,PF,PG,"['SF', 'PF', 'F', 'SG/SF', 'G/F', 'PF/C', 'F/C', 'UT', 'BE', 'IR']",213.0,True,HOU,OUT,True
18,7,Goat's,3,Kat's Kittens,4683692,Cason Wallace,SG,PG,"['SG', 'G', 'SG/SF', 'G/F', 'UT', 'BE', 'IR']",49.0,True,OKC,ACTIVE,False
18,7,Goat's,3,Kat's Kittens,4066261,Bam Adebayo,C,PG,"['PF', 'C', 'F', 'G/F', 'PF/C', 'F/C', 'UT', 'BE', 'IR']",128.0,True,MIA,OUT,True
18,7,Goat's,3,Kat's Kittens,4395724,Immanuel Quickley,PG,PG,"['PG', 'SG', 'G', 'SG/SF', 'G/F', 'UT', 'BE', 'IR']",106.0,True,TOR,OUT,True
18,7,Goat's,3,Kat's Kittens,4278129,Deandre Ayton,C,PG,"['C', 'PF/C', 'F/C', 'UT', 'BE', 'IR']",94.0,True,LAL,ACTIVE,False
18,7,Goat's,3,Kat's Kittens,6450,Kawhi Leonard,SF,PG,"['SF', 'PF', 'F', 'SG/SF', 'G/F', 'PF/C', 'F/C', 'UT', 'BE', 'IR']",34.0,True,LAC,ACTIVE,False
18,7,Goat's,3,Kat's Kittens,4431767,Christian Braun,SG,PG,"['SG', 'SF', 'G', 'F', 'SG/SF', 'G/F', 'F/C', 'UT', 'BE', 'IR']",24.0,True,DEN,ACTIVE,False
18,7,Goat's,3,Kat's Kittens,5175643,Egor Demin,PG,PG,"['PG', 'G', 'G/F', 'UT', 'BE', 'IR']",52.0,True,BKN,OUT,True
18,7,Goat's,3,Kat's Kittens,4709138,Brandin Podziemski,SG,PG,"['PG', 'SG', 'G', 'SG/SF', 'G/F', 'UT', 'BE', 'IR']",69.0,True,GSW,ACTIVE,False
18,7,Goat's,3,Kat's Kittens,4277847,Wendell Carter Jr.,C,PG,"['C', 'PF/C', 'F/C', 'UT', 'BE', 'IR']",85.0,True,ORL,ACTIVE,False
18,7,Goat's,3,Kat's Kittens,4845374,Bub Carrington,PG,PG,"['PG', 'SG', 'G', 'SG/SF', 'G/F', 'UT', 'BE', 'IR']",77.0,True,WAS,ACTIVE,False
18,7,Goat's,3,Kat's Kittens,3936299,Jamal Murray,PG,PG,"['PG', 'G', 'G/F', 'UT', 'BE', 'IR']",101.0,True,DEN,ACTIVE,False
18,7,Goat's,3,Kat's Kittens,4278585,Collin Gillespie,PG,PG,"['PG', 'G', 'G/F', 'UT', 'BE', 'IR']",67.0,True,PHO,ACTIVE,False
18,7,Goat's,3,Kat's Kittens,4433083,Cam Spencer,SG,PG,"['PG', 'SG', 'G', 'SG/SF', 'G/F', 'UT', 'BE', 'IR']",100.0,True,MEM,OUT,True
18,7,Goat's,3,Kat's Kittens,4278104,Michael Porter Jr.,SF,PG,"['SF', 'PF', 'F', 'SG/SF', 'G/F', 'PF/C', 'F/C', 'UT', 'BE', 'IR']",141.0,True,BKN,OUT,True
18,2,Phantom Troupe,9,ybgcorp,4684742,Ausar Thompson,SF,PG,"['SF', 'PF', 'F', 'SG/SF', 'G/F', 'PF/C', 'F/C', 'UT', 'BE', 'IR']",153.0,True,DET,ACTIVE,False
18,2,Phantom Troupe,9,ybgcorp,3934719,OG Anunoby,SF,PG,"['SF', 'PF', 'F', 'SG/SF', 'G/F', 'PF/C', 'F/C', 'UT', 'BE', 'IR']",85.0,True,NYK,ACTIVE,False
18,2,Phantom Troupe,9,ybgcorp,5037871,Dylan Harper,PG,PG,"['PG', 'SG', 'G', 'SG/SF', 'G/F', 'UT', 'BE', 'IR']",81.0,True,SAS,ACTIVE,False
18,2,Phantom Troupe,9,ybgcorp,3913176,Brandon Ingram,SF,PG,"['SF', 'F', 'SG/SF', 'G/F', 'F/C', 'UT', 'BE', 'IR']",101.0,True,TOR,OUT,True
18,2,Phantom Troupe,9,ybgcorp,4432166,Cade Cunningham,PG,PG,"['PG', 'SG', 'G', 'SG/SF', 'G/F', 'UT', 'BE', 'IR']",218.0,True,DET,ACTIVE,False
18,2,Phantom Troupe,9,ybgcorp,4395626,Tre Jones,PG,PG,"['PG', 'G', 'G/F', 'UT', 'BE', 'IR']",60.0,True,CHI,ACTIVE,False
18,2,Phantom Troupe,9,ybgcorp,5124612,VJ Edgecombe,SG,PG,"['SG', 'G', 'SG/SF', 'G/F', 'UT', 'BE', 'IR']",139.0,True,PHL,ACTIVE,False
18,2,Phantom Troupe,9,ybgcorp,4431785,Scotty Pippen Jr.,PG,PG,"['PG', 'SG', 'G', 'SG/SF', 'G/F', 'UT', 'BE', 'IR']",101.0,True,MEM,OUT,True
18,2,Phantom Troupe,9,ybgcorp,3978,DeMar DeRozan,SF,PG,"['SF', 'PF', 'F', 'SG/SF', 'G/F', 'PF/C', 'F/C', 'UT', 'BE', 'IR']",129.0,True,SAC,OUT,True
18,2,Phantom Troupe,9,ybgcorp,4066320,Desmond Bane,SG,PG,"['SG', 'SF', 'G', 'F', 'SG/SF', 'G/F', 'F/C', 'UT', 'BE', 'IR']",130.0,True,ORL,ACTIVE,False
18,2,Phantom Troupe,9,ybgcorp,4395628,Zion Williamson,PF,PG,"['PF', 'F', 'G/F', 'PF/C', 'F/C', 'UT', 'BE', 'IR']",103.0,True,NOP,OUT,True
18,2,Phantom Troupe,9,ybgcorp,4683634,Bennedict Mathurin,SF,PG,"['SG', 'SF', 'G', 'F', 'SG/SF', 'G/F', 'F/C', 'UT', 'BE', 'IR']",20.0,True,LAC,ACTIVE,False
18,2,Phantom Troupe,9,ybgcorp,4432639,Jabari Smith Jr.,PF,PG,"['PF', 'C', 'F', 'G/F', 'PF/C', 'F/C', 'UT', 'BE', 'IR']",114.0,True,HOU,ACTIVE,False
18,9,ybgcorp,2,Phantom Troupe,5105550,GG Jackson,PF,PG,"['PF', 'F', 'G/F', 'PF/C', 'F/C', 'UT', 'BE', 'IR']",127.0,True,MEM,OUT,True
18,9,ybgcorp,2,Phantom Troupe,4433287,Brandon Miller,SF,PG,"['SG', 'SF', 'G', 'F', 'SG/SF', 'G/F', 'F/C', 'UT', 'BE', 'IR']",128.0,True,CHA,OUT,True
18,9,ybgcorp,2,Phantom Troupe,4066328,Jarrett Allen,C,PG,"['C', 'PF/C', 'F/C', 'UT', 'BE', 'IR']",180.0,True,CLE,ACTIVE,False
18,9,ybgcorp,2,Phantom Troupe,4066457,Austin Reaves,SG,PG,"['PG', 'SG', 'SF', 'G', 'F', 'SG/SF', 'G/F', 'F/C', 'UT', 'BE', 'IR']",106.0,True,LAL,ACTIVE,False
18,9,ybgcorp,2,Phantom Troupe,4701230,Jalen Johnson,PF,PG,"['PF', 'F', 'G/F', 'PF/C', 'F/C', 'UT', 'BE', 'IR']",15.0,True,ATL,ACTIVE,False
18,9,ybgcorp,2,Phantom Troupe,4397002,Ayo Dosunmu,SG,PG,"['SG', 'G', 'SG/SF', 'G/F', 'UT', 'BE', 'IR']",44.0,True,MIN,ACTIVE,False
18,9,ybgcorp,2,Phantom Troupe,4591725,Ryan Rollins,SG,PG,"['PG', 'SG', 'G', 'SG/SF', 'G/F', 'UT', 'BE', 'IR']",78.0,True,MIL,OUT,True
18,9,ybgcorp,2,Phantom Troupe,1966,LeBron James,SF,PG,"['SF', 'PF', 'F', 'SG/SF', 'G/F', 'PF/C', 'F/C', 'UT', 'BE', 'IR']",154.0,True,LAL,ACTIVE,False
18,9,ybgcorp,2,Phantom Troupe,4869342,Dyson Daniels,SG,PG,"['PG', 'SG', 'G', 'SG/SF', 'G/F', 'UT', 'BE', 'IR']",145.0,True,ATL,ACTIVE,False
18,9,ybgcorp,2,Phantom Troupe,4278039,Nickeil Alexander-Walker,SG,PG,"['SG', 'G', 'SG/SF', 'G/F', 'UT', 'BE', 'IR']",34.0,True,ATL,ACTIVE,False
18,9,ybgcorp,2,Phantom Troupe,4712849,Anthony Black,PG,PG,"['PG', 'SG', 'G', 'SG/SF', 'G/F', 'UT', 'BE', 'IR']",35.0,True,ORL,ACTIVE,False
18,9,ybgcorp,2,Phantom Troupe,4065733,Ty Jerome,PG,PG,"['PG', 'G', 'G/F', 'UT', 'BE', 'IR']",41.0,True,MEM,OUT,True
18,9,ybgcorp,2,Phantom Troupe,4437244,Jalen Green,SG,PG,"['SG', 'G', 'SG/SF', 'G/F', 'UT', 'BE', 'IR']",4.0,True,PHO,ACTIVE,False
18,1,YSK FC,6,Jeremy Lin fan club,4395651,Coby White,PG,PG,"['PG', 'SG', 'G', 'SG/SF', 'G/F', 'UT', 'BE', 'IR']",35.0,True,CHA,ACTIVE,False
18,1,YSK FC,6,Jeremy Lin fan club,4871144,Alperen Sengun,C,PG,"['C', 'PF/C', 'F/C', 'UT', 'BE', 'IR']",186.0,True,HOU,ACTIVE,False
18,1,YSK FC,6,Jeremy Lin fan club,4278594,Naji Marshall,SF,PG,"['SF', 'PF', 'F', 'SG/SF', 'G/F', 'PF/C', 'F/C', 'UT', 'BE', 'IR']",105.0,True,DAL,OUT,True
18,1,YSK FC,6,Jeremy Lin fan club,4432582,Max Christie,SG,PG,"['SG', 'G', 'SG/SF', 'G/F', 'UT', 'BE', 'IR']",59.0,True,DAL,ACTIVE,False
18,1,YSK FC,6,Jeremy Lin fan club,4433192,Tari Eason,SF,PG,"['SF', 'PF', 'F', 'SG/SF', 'G/F', 'PF/C', 'F/C', 'UT', 'BE', 'IR']",103.0,True,HOU,ACTIVE,False
18,1,YSK FC,6,Jeremy Lin fan club,3133603,Kelly Oubre Jr.,SF,PG,"['SG', 'SF', 'G', 'F', 'SG/SF', 'G/F', 'F/C', 'UT', 'BE', 'IR']",69.0,True,PHL,ACTIVE,False
18,1,YSK FC,6,Jeremy Lin fan club,3468,Russell Westbrook,PG,PG,"['PG', 'G', 'G/F', 'UT', 'BE', 'IR']",69.0,True,SAC,OUT,True
18,1,YSK FC,6,Jeremy Lin fan club,4066354,Payton Pritchard,PG,PG,"['PG', 'G', 'G/F', 'UT', 'BE', 'IR']",83.0,True,BOS,ACTIVE,False
18,1,YSK FC,6,Jeremy Lin fan club,4278067,Nic Claxton,C,PG,"['C', 'PF/C', 'F/C', 'UT', 'BE', 'IR']",93.0,True,BKN,OUT,True
18,1,YSK FC,6,Jeremy Lin fan club,4432848,Jaime Jaquez Jr.,SF,PG,"['SG', 'SF', 'G', 'F', 'SG/SF', 'G/F', 'F/C', 'UT', 'BE', 'IR']",68.0,True,MIA,ACTIVE,False
18,1,YSK FC,6,Jeremy Lin fan club,4278073,Shai Gilgeous-Alexander,PG,PG,"['PG', 'G', 'G/F', 'UT', 'BE', 'IR']",123.0,True,OKC,ACTIVE,False
18,1,YSK FC,6,Jeremy Lin fan club,3059319,Andrew Wiggins,SF,PG,"['SF', 'PF', 'F', 'SG/SF', 'G/F', 'PF/C', 'F/C', 'UT', 'BE', 'IR']",111.0,True,MIA,ACTIVE,False
18,1,YSK FC,6,Jeremy Lin fan club,4432573,Paolo Banchero,PF,PG,"['SF', 'PF', 'F', 'SG/SF', 'G/F', 'PF/C', 'F/C', 'UT', 'BE', 'IR']",122.0,True,ORL,ACTIVE,False
18,1,YSK FC,6,Jeremy Lin fan club,3078576,Derrick White,SG,PG,"['PG', 'SG', 'G', 'SG/SF', 'G/F', 'UT', 'BE', 'IR']",201.0,True,BOS,ACTIVE,False
18,6,Jeremy Lin fan club,1,YSK FC,4683766,Isaiah Collier,PG,PG,"['PG', 'G', 'G/F', 'UT', 'BE', 'IR']",87.0,True,UTA,OUT,True
18,6,Jeremy Lin fan club,1,YSK FC,4432816,LaMelo Ball,PG,PG,"['PG', 'G', 'G/F', 'UT', 'BE', 'IR']",116.0,True,CHA,ACTIVE,False
18,6,Jeremy Lin fan club,1,YSK FC,4433255,Chet Holmgren,C,PG,"['PF', 'C', 'F', 'G/F', 'PF/C', 'F/C', 'UT', 'BE', 'IR']",138.0,True,OKC,ACTIVE,False
18,6,Jeremy Lin fan club,1,YSK FC,4431671,Jaden McDaniels,SF,PG,"['SF', 'F', 'SG/SF', 'G/F', 'F/C', 'UT', 'BE', 'IR']",143.0,True,MIN,ACTIVE,False
18,6,Jeremy Lin fan club,1,YSK FC,4432165,Jalen Suggs,PG,PG,"['PG', 'SG', 'G', 'SG/SF', 'G/F', 'UT', 'BE', 'IR']",23.0,True,ORL,ACTIVE,False
18,6,Jeremy Lin fan club,1,YSK FC,4396971,Naz Reid,C,PG,"['PF', 'C', 'F', 'G/F', 'PF/C', 'F/C', 'UT', 'BE', 'IR']",75.0,True,MIN,ACTIVE,False
18,6,Jeremy Lin fan club,1,YSK FC,3147657,Mikal Bridges,SF,PG,"['SG', 'SF', 'G', 'F', 'SG/SF', 'G/F', 'F/C', 'UT', 'BE', 'IR']",135.0,True,NYK,ACTIVE,False
18,6,Jeremy Lin fan club,1,YSK FC,5061575,Kon Knueppel,SG,PG,"['SG', 'G', 'SG/SF', 'G/F', 'UT', 'BE', 'IR']",116.0,True,CHA,ACTIVE,False
18,6,Jeremy Lin fan club,1,YSK FC,4781746,Javon Small,PG,PG,"['PG', 'G', 'G/F', 'UT', 'BE', 'IR']",37.0,True,MEM,ACTIVE,False
18,6,Jeremy Lin fan club,1,YSK FC,4431736,Toumani Camara,PF,PG,"['SF', 'PF', 'F', 'SG/SF', 'G/F', 'PF/C', 'F/C', 'UT', 'BE', 'IR']",85.0,True,POR,ACTIVE,False
18,6,Jeremy Lin fan club,1,YSK FC,4065731,Jay Huff,C,PG,"['C', 'PF/C', 'F/C', 'UT', 'BE', 'IR']",19.0,True,IND,ACTIVE,False
18,6,Jeremy Lin fan club,1,YSK FC,4395725,Tyler Herro,SG,PG,"['PG', 'SG', 'G', 'SG/SF', 'G/F', 'UT', 'BE', 'IR']",96.0,True,MIA,OUT,True
18,6,Jeremy Lin fan club,1,YSK FC,6478,Nikola Vucevic,C,PG,"['C', 'PF/C', 'F/C', 'UT', 'BE', 'IR']",106.0,True,BOS,ACTIVE,False
19,4,SKAVALASSKKYYYY,8,Hawk Tuah Demure,2490149,CJ McCollum,SG,PG,"['PG', 'SG', 'G', 'SG/SF', 'G/F', 'UT', 'BE', 'IR']",67.0,True,ATL,ACTIVE,False
19,4,SKAVALASSKKYYYY,8,Hawk Tuah Demure,4278053,Davion Mitchell,PG,PG,"['PG', 'G', 'G/F', 'UT', 'BE', 'IR']",96.0,True,MIA,ACTIVE,False
19,4,SKAVALASSKKYYYY,8,Hawk Tuah Demure,3945274,Luka Doncic,PG,PG,"['PG', 'G', 'G/F', 'UT', 'BE', 'IR']",235.0,True,LAL,OUT,True
19,4,SKAVALASSKKYYYY,8,Hawk Tuah Demure,4395723,Keldon Johnson,SF,PG,"['SF', 'PF', 'F', 'SG/SF', 'G/F', 'PF/C', 'F/C', 'UT', 'BE', 'IR']",85.0,True,SAS,ACTIVE,False
19,4,SKAVALASSKKYYYY,8,Hawk Tuah Demure,3102531,Kristaps Porzingis,C,PG,"['PF', 'C', 'F', 'G/F', 'PF/C', 'F/C', 'UT', 'BE', 'IR']",19.0,True,GSW,ACTIVE,False
19,4,SKAVALASSKKYYYY,8,Hawk Tuah Demure,3064290,Aaron Gordon,PF,PG,"['PF', 'F', 'G/F', 'PF/C', 'F/C', 'UT', 'BE', 'IR']",6.0,True,DEN,OUT,True
19,4,SKAVALASSKKYYYY,8,Hawk Tuah Demure,5105565,Donovan Clingan,C,PG,"['C', 'PF/C', 'F/C', 'UT', 'BE', 'IR']",90.0,True,POR,ACTIVE,False
19,4,SKAVALASSKKYYYY,8,Hawk Tuah Demure,4397136,Saddiq Bey,SF,PG,"['SF', 'PF', 'F', 'SG/SF', 'G/F', 'PF/C', 'F/C', 'UT', 'BE', 'IR']",126.0,True,NOP,ACTIVE,False
19,4,SKAVALASSKKYYYY,8,Hawk Tuah Demure,3992,James Harden,PG,PG,"['PG', 'SG', 'G', 'SG/SF', 'G/F', 'UT', 'BE', 'IR']",61.0,True,CLE,ACTIVE,False
19,4,SKAVALASSKKYYYY,8,Hawk Tuah Demure,4873138,Ace Bailey,SF,PG,"['SF', 'PF', 'F', 'SG/SF', 'G/F', 'PF/C', 'F/C', 'UT', 'BE', 'IR']",112.0,True,UTA,ACTIVE,False
19,4,SKAVALASSKKYYYY,8,Hawk Tuah Demure,3917376,Jaylen Brown,SF,PG,"['SG', 'SF', 'G', 'F', 'SG/SF', 'G/F', 'F/C', 'UT', 'BE', 'IR']",119.0,True,BOS,ACTIVE,False
19,4,SKAVALASSKKYYYY,8,Hawk Tuah Demure,3032976,Rudy Gobert,C,PG,"['C', 'PF/C', 'F/C', 'UT', 'BE', 'IR']",105.0,True,MIN,ACTIVE,False
19,4,SKAVALASSKKYYYY,8,Hawk Tuah Demure,5041939,Cooper Flagg,SF,PG,"['PG', 'SF', 'PF', 'G', 'F', 'SG/SF', 'G/F', 'PF/C', 'F/C', 'UT', 'BE', 'IR']",115.0,True,DAL,OUT,True
19,8,Hawk Tuah Demure,4,SKAVALASSKKYYYY,3112335,Nikola Jokic,C,PG,"['C', 'PF/C', 'F/C', 'UT', 'BE', 'IR']",172.0,True,DEN,ACTIVE,False
19,8,Hawk Tuah Demure,4,SKAVALASSKKYYYY,5106060,Jarace Walker,PF,PG,"['PF', 'F', 'G/F', 'PF/C', 'F/C', 'UT', 'BE', 'IR']",84.0,True,IND,OUT,True
19,8,Hawk Tuah Demure,4,SKAVALASSKKYYYY,4433249,Moussa Diabate,PF,PG,"['PF', 'C', 'F', 'G/F', 'PF/C', 'F/C', 'UT', 'BE', 'IR']",20.0,True,CHA,ACTIVE,False
19,8,Hawk Tuah Demure,4,SKAVALASSKKYYYY,4871145,Josh Giddey,SG,PG,"['PG', 'SG', 'SF', 'G', 'F', 'SG/SF', 'G/F', 'F/C', 'UT', 'BE', 'IR']",91.0,True,CHI,OUT,True
19,8,Hawk Tuah Demure,4,SKAVALASSKKYYYY,4684740,Amen Thompson,SF,PG,"['SG', 'SF', 'PF', 'G', 'F', 'SG/SF', 'G/F', 'PF/C', 'F/C', 'UT', 'BE', 'IR']",216.0,True,HOU,ACTIVE,False
19,8,Hawk Tuah Demure,4,SKAVALASSKKYYYY,4396907,Darius Garland,PG,PG,"['PG', 'G', 'G/F', 'UT', 'BE', 'IR']",72.0,True,LAC,ACTIVE,False
19,8,Hawk Tuah Demure,4,SKAVALASSKKYYYY,4683021,Deni Avdija,SF,PG,"['SG', 'SF', 'PF', 'G', 'F', 'SG/SF', 'G/F', 'PF/C', 'F/C', 'UT', 'BE', 'IR']",45.0,True,POR,ACTIVE,False
19,8,Hawk Tuah Demure,4,SKAVALASSKKYYYY,4997536,Gui Santos,SF,PG,"['SF', 'F', 'SG/SF', 'G/F', 'F/C', 'UT', 'BE', 'IR']",50.0,True,GSW,ACTIVE,False
19,8,Hawk Tuah Demure,4,SKAVALASSKKYYYY,3908809,Donovan Mitchell,SG,PG,"['PG', 'SG', 'G', 'SG/SF', 'G/F', 'UT', 'BE', 'IR']",60.0,True,CLE,ACTIVE,False
19,8,Hawk Tuah Demure,4,SKAVALASSKKYYYY,3134908,Jakob Poeltl,C,PG,"['C', 'PF/C', 'F/C', 'UT', 'BE', 'IR']",105.0,True,TOR,ACTIVE,False
19,8,Hawk Tuah Demure,4,SKAVALASSKKYYYY,4397140,Kevin Porter Jr.,SG,PG,"['PG', 'SG', 'G', 'SG/SF', 'G/F', 'UT', 'BE', 'IR']",22.0,True,MIL,OUT,True
19,8,Hawk Tuah Demure,4,SKAVALASSKKYYYY,4431679,Precious Achiuwa,PF,PG,"['PF', 'C', 'F', 'G/F', 'PF/C', 'F/C', 'UT', 'BE', 'IR']",29.0,True,SAC,ACTIVE,False
19,8,Hawk Tuah Demure,4,SKAVALASSKKYYYY,4869780,Derik Queen,C,PG,"['C', 'PF/C', 'F/C', 'UT', 'BE', 'IR', 'Rookie']",72.0,True,NOP,ACTIVE,False
19,8,Hawk Tuah Demure,4,SKAVALASSKKYYYY,4684793,Kyle Filipowski,PF,PG,"['PF', 'C', 'F', 'G/F', 'PF/C', 'F/C', 'UT', 'BE', 'IR']",174.0,True,UTA,OUT,True
19,5,Poole Party,3,Kat's Kittens,4395712,Andrew Nembhard,PG,PG,"['PG', 'SG', 'G', 'SG/SF', 'G/F', 'UT', 'BE', 'IR']",85.0,True,IND,OUT,True
19,5,Poole Party,3,Kat's Kittens,3064482,Bobby Portis,PF,PG,"['PF', 'F', 'G/F', 'PF/C', 'F/C', 'UT', 'BE', 'IR']",108.0,True,MIL,OUT,True
19,5,Poole Party,3,Kat's Kittens,4395630,Devin Vassell,SG,PG,"['SG', 'SF', 'G', 'F', 'SG/SF', 'G/F', 'F/C', 'UT', 'BE', 'IR']",99.0,True,SAS,ACTIVE,False
19,5,Poole Party,3,Kat's Kittens,4066259,De'Aaron Fox,PG,PG,"['PG', 'G', 'G/F', 'UT', 'BE', 'IR']",171.0,True,SAS,ACTIVE,False
19,5,Poole Party,3,Kat's Kittens,5174563,Kyshawn George,SG,PG,"['SG', 'SF', 'G', 'F', 'SG/SF', 'G/F', 'F/C', 'UT', 'BE', 'IR']",24.0,True,WAS,OUT,True
19,5,Poole Party,3,Kat's Kittens,3907497,Dejounte Murray,SG,PG,"['PG', 'SG', 'G', 'SG/SF', 'G/F', 'UT', 'BE', 'IR']",106.0,True,NOP,OUT,True
19,5,Poole Party,3,Kat's Kittens,5144091,Jeremiah Fears,SG,PG,"['PG', 'SG', 'G', 'SG/SF', 'G/F', 'UT', 'BE', 'IR']",75.0,True,NOP,ACTIVE,False
19,5,Poole Party,3,Kat's Kittens,3149673,Pascal Siakam,PF,PG,"['PF', 'F', 'G/F', 'PF/C', 'F/C', 'UT', 'BE', 'IR']",75.0,True,IND,OUT,True
19,5,Poole Party,3,Kat's Kittens,4711294,Matas Buzelis,SF,PG,"['SF', 'PF', 'F', 'SG/SF', 'G/F', 'PF/C', 'F/C', 'UT', 'BE', 'IR']",59.0,True,CHI,OUT,True
19,5,Poole Party,3,Kat's Kittens,4594268,Anthony Edwards,SG,PG,"['SG', 'SF', 'G', 'F', 'SG/SF', 'G/F', 'F/C', 'UT', 'BE', 'IR']",174.0,True,MIN,ACTIVE,False
19,5,Poole Party,3,Kat's Kittens,3995,Jrue Holiday,PG,PG,"['PG', 'SG', 'G', 'SG/SF', 'G/F', 'UT', 'BE', 'IR']",152.0,True,POR,ACTIVE,False
19,5,Poole Party,3,Kat's Kittens,4432158,Evan Mobley,PF,PG,"['PF', 'C', 'F', 'G/F', 'PF/C', 'F/C', 'UT', 'BE', 'IR']",84.0,True,CLE,ACTIVE,False
19,5,Poole Party,3,Kat's Kittens,4278078,P.J. Washington,PF,PG,"['SF', 'PF', 'F', 'SG/SF', 'G/F', 'PF/C', 'F/C', 'UT', 'BE', 'IR']",66.0,True,DAL,OUT,True
19,3,Kat's Kittens,5,Poole Party,4433249,Moussa Diabate,PF,PG,"['PF', 'C', 'F', 'G/F', 'PF/C', 'F/C', 'UT', 'BE', 'IR']",17.0,True,CHA,ACTIVE,False
19,3,Kat's Kittens,5,Poole Party,4431680,Onyeka Okongwu,C,PG,"['C', 'PF/C', 'F/C', 'UT', 'BE', 'IR']",85.0,True,ATL,ACTIVE,False
19,3,Kat's Kittens,5,Poole Party,4395625,RJ Barrett,SF,PG,"['SG', 'SF', 'PF', 'G', 'F', 'SG/SF', 'G/F', 'PF/C', 'F/C', 'UT', 'BE', 'IR']",122.0,True,TOR,ACTIVE,False
19,3,Kat's Kittens,5,Poole Party,4222252,Isaiah Hartenstein,C,PG,"['C', 'PF/C', 'F/C', 'UT', 'BE', 'IR']",7.0,True,OKC,ACTIVE,False
19,3,Kat's Kittens,5,Poole Party,3064514,Julius Randle,PF,PG,"['PF', 'F', 'G/F', 'PF/C', 'F/C', 'UT', 'BE', 'IR']",82.0,True,MIN,ACTIVE,False
19,3,Kat's Kittens,5,Poole Party,3136195,Karl-Anthony Towns,C,PG,"['PF', 'C', 'F', 'G/F', 'PF/C', 'F/C', 'UT', 'BE', 'IR']",179.0,True,NYK,ACTIVE,False
19,3,Kat's Kittens,5,Poole Party,3213,Al Horford,C,PG,"['PF', 'C', 'F', 'G/F', 'PF/C', 'F/C', 'UT', 'BE', 'IR']",17.0,True,GSW,ACTIVE,False
19,3,Kat's Kittens,5,Poole Party,3934673,Donte DiVincenzo,SG,PG,"['PG', 'SG', 'G', 'SG/SF', 'G/F', 'UT', 'BE', 'IR']",67.0,True,MIN,OUT,True
19,3,Kat's Kittens,5,Poole Party,2991070,Jerami Grant,PF,PG,"['PF', 'F', 'G/F', 'PF/C', 'F/C', 'UT', 'BE', 'IR']",119.0,True,POR,ACTIVE,False
19,3,Kat's Kittens,5,Poole Party,4433621,Jalen Duren,C,PG,"['C', 'PF/C', 'F/C', 'UT', 'BE', 'IR']",135.0,True,DET,ACTIVE,False
19,3,Kat's Kittens,5,Poole Party,4601023,Oso Ighodaro,PF,PG,"['PF', 'F', 'G/F', 'PF/C', 'F/C', 'UT', 'BE', 'IR']",47.0,True,PHO,ACTIVE,False
19,3,Kat's Kittens,5,Poole Party,3062679,Josh Hart,SF,PG,"['SG', 'SF', 'G', 'F', 'SG/SF', 'G/F', 'F/C', 'UT', 'BE', 'IR']",128.0,True,NYK,ACTIVE,False
19,3,Kat's Kittens,5,Poole Party,4066436,De'Anthony Melton,PG,PG,"['PG', 'SG', 'G', 'SG/SF', 'G/F', 'UT', 'BE', 'IR']",56.0,True,GSW,ACTIVE,False
19,3,Kat's Kittens,5,Poole Party,4431678,Tyrese Maxey,PG,PG,"['PG', 'SG', 'G', 'SG/SF', 'G/F', 'UT', 'BE', 'IR']",138.0,True,PHL,ACTIVE,False
19,3,Kat's Kittens,5,Poole Party,4845367,Stephon Castle,PG,PG,"['PG', 'SG', 'G', 'SG/SF', 'G/F', 'UT', 'BE', 'IR']",138.0,True,SAS,ACTIVE,False
19,10,Van Der Linde Gang,2,Phantom Troupe,5104157,Victor Wembanyama,C,PG,"['C', 'PF/C', 'F/C', 'UT', 'BE', 'IR']",269.0,True,SAS,ACTIVE,False
19,10,Van Der Linde Gang,2,Phantom Troupe,4066383,Miles Bridges,SF,PG,"['SF', 'PF', 'F', 'SG/SF', 'G/F', 'PF/C', 'F/C', 'UT', 'BE', 'IR']",70.0,True,CHA,ACTIVE,False
19,10,Van Der Linde Gang,2,Phantom Troupe,4397424,Neemias Queta,C,PG,"['C', 'PF/C', 'F/C', 'UT', 'BE', 'IR']",55.0,True,BOS,ACTIVE,False
19,10,Van Der Linde Gang,2,Phantom Troupe,4683747,Jaylon Tyson,SG,PG,"['SG', 'SF', 'G', 'F', 'SG/SF', 'G/F', 'F/C', 'UT', 'BE', 'IR']",57.0,True,CLE,ACTIVE,False
19,10,Van Der Linde Gang,2,Phantom Troupe,4701232,Mark Williams,C,PG,"['C', 'PF/C', 'F/C', 'UT', 'BE', 'IR']",19.0,True,PHO,OUT,True
19,10,Van Der Linde Gang,2,Phantom Troupe,4433627,Keyonte George,PG,PG,"['PG', 'SG', 'G', 'SG/SF', 'G/F', 'UT', 'BE', 'IR']",121.0,True,UTA,OUT,True
19,10,Van Der Linde Gang,2,Phantom Troupe,4903027,Cedric Coward,SF,PG,"['SG', 'SF', 'G', 'F', 'SG/SF', 'G/F', 'F/C', 'UT', 'BE', 'IR']",43.0,True,MEM,OUT,True
19,10,Van Der Linde Gang,2,Phantom Troupe,5105623,Kel'el Ware,C,PG,"['C', 'PF/C', 'F/C', 'UT', 'BE', 'IR']",192.0,True,MIA,ACTIVE,False
19,10,Van Der Linde Gang,2,Phantom Troupe,3135045,Grayson Allen,SG,PG,"['PG', 'SG', 'G', 'SG/SF', 'G/F', 'UT', 'BE', 'IR']",121.0,True,PHO,ACTIVE,False
19,10,Van Der Linde Gang,2,Phantom Troupe,3934672,Jalen Brunson,PG,PG,"['PG', 'G', 'G/F', 'UT', 'BE', 'IR']",155.0,True,NYK,ACTIVE,False
19,10,Van Der Linde Gang,2,Phantom Troupe,4433134,Scottie Barnes,SF,PG,"['SG', 'SF', 'PF', 'G', 'F', 'SG/SF', 'G/F', 'PF/C', 'F/C', 'UT', 'BE', 'IR']",103.0,True,TOR,ACTIVE,False
19,10,Van Der Linde Gang,2,Phantom Troupe,4711272,Reed Sheppard,SG,PG,"['PG', 'SG', 'G', 'SG/SF', 'G/F', 'UT', 'BE', 'IR']",186.0,True,HOU,ACTIVE,False
19,2,Phantom Troupe,10,Van Der Linde Gang,4684742,Ausar Thompson,SF,PG,"['SF', 'PF', 'F', 'SG/SF', 'G/F', 'PF/C', 'F/C', 'UT', 'BE', 'IR']",55.0,True,DET,ACTIVE,False
19,2,Phantom Troupe,10,Van Der Linde Gang,5037871,Dylan Harper,PG,PG,"['PG', 'SG', 'G', 'SG/SF', 'G/F', 'UT', 'BE', 'IR']",73.0,True,SAS,ACTIVE,False
19,2,Phantom Troupe,10,Van Der Linde Gang,3913176,Brandon Ingram,SF,PG,"['SF', 'F', 'SG/SF', 'G/F', 'F/C', 'UT', 'BE', 'IR']",87.0,True,TOR,OUT,True
19,2,Phantom Troupe,10,Van Der Linde Gang,3934719,OG Anunoby,SF,PG,"['SF', 'PF', 'F', 'SG/SF', 'G/F', 'PF/C', 'F/C', 'UT', 'BE', 'IR']",158.0,True,NYK,ACTIVE,False
19,2,Phantom Troupe,10,Van Der Linde Gang,4432166,Cade Cunningham,PG,PG,"['PG', 'SG', 'G', 'SG/SF', 'G/F', 'UT', 'BE', 'IR']",115.0,True,DET,ACTIVE,False
19,2,Phantom Troupe,10,Van Der Linde Gang,4395626,Tre Jones,PG,PG,"['PG', 'G', 'G/F', 'UT', 'BE', 'IR']",92.0,True,CHI,ACTIVE,False
19,2,Phantom Troupe,10,Van Der Linde Gang,5124612,VJ Edgecombe,SG,PG,"['SG', 'G', 'SG/SF', 'G/F', 'UT', 'BE', 'IR']",16.0,True,PHL,ACTIVE,False
19,2,Phantom Troupe,10,Van Der Linde Gang,3978,DeMar DeRozan,SF,PG,"['SF', 'PF', 'F', 'SG/SF', 'G/F', 'PF/C', 'F/C', 'UT', 'BE', 'IR']",29.0,True,SAC,OUT,True
19,2,Phantom Troupe,10,Van Der Linde Gang,4065648,Jayson Tatum,PF,PG,"['SF', 'PF', 'F', 'SG/SF', 'G/F', 'PF/C', 'F/C', 'UT', 'BE', 'IR']",40.0,True,BOS,OUT,True
19,2,Phantom Troupe,10,Van Der Linde Gang,4066320,Desmond Bane,SG,PG,"['SG', 'SF', 'G', 'F', 'SG/SF', 'G/F', 'F/C', 'UT', 'BE', 'IR']",162.0,True,ORL,ACTIVE,False
19,2,Phantom Troupe,10,Van Der Linde Gang,4395628,Zion Williamson,PF,PG,"['PF', 'F', 'G/F', 'PF/C', 'F/C', 'UT', 'BE', 'IR']",124.0,True,NOP,OUT,True
19,2,Phantom Troupe,10,Van Der Linde Gang,4683634,Bennedict Mathurin,SF,PG,"['SG', 'SF', 'G', 'F', 'SG/SF', 'G/F', 'F/C', 'UT', 'BE', 'IR']",116.0,True,LAC,ACTIVE,False
19,2,Phantom Troupe,10,Van Der Linde Gang,4432639,Jabari Smith Jr.,PF,PG,"['PF', 'C', 'F', 'G/F', 'PF/C', 'F/C', 'UT', 'BE', 'IR']",37.0,True,HOU,ACTIVE,False
19,7,Goat's,1,YSK FC,3202,Kevin Durant,PF,PG,"['SF', 'PF', 'F', 'SG/SF', 'G/F', 'PF/C', 'F/C', 'UT', 'BE', 'IR']",153.0,True,HOU,OUT,True
19,7,Goat's,1,YSK FC,4683692,Cason Wallace,SG,PG,"['SG', 'G', 'SG/SF', 'G/F', 'UT', 'BE', 'IR']",86.0,True,OKC,ACTIVE,False
19,7,Goat's,1,YSK FC,4066261,Bam Adebayo,C,PG,"['PF', 'C', 'F', 'G/F', 'PF/C', 'F/C', 'UT', 'BE', 'IR']",198.0,True,MIA,OUT,True
19,7,Goat's,1,YSK FC,4395724,Immanuel Quickley,PG,PG,"['PG', 'SG', 'G', 'SG/SF', 'G/F', 'UT', 'BE', 'IR']",113.0,True,TOR,OUT,True
19,7,Goat's,1,YSK FC,4278129,Deandre Ayton,C,PG,"['C', 'PF/C', 'F/C', 'UT', 'BE', 'IR']",56.0,True,LAL,ACTIVE,False
19,7,Goat's,1,YSK FC,6450,Kawhi Leonard,SF,PG,"['SF', 'PF', 'F', 'SG/SF', 'G/F', 'PF/C', 'F/C', 'UT', 'BE', 'IR']",199.0,True,LAC,ACTIVE,False
19,7,Goat's,1,YSK FC,4277847,Wendell Carter Jr.,C,PG,"['C', 'PF/C', 'F/C', 'UT', 'BE', 'IR']",95.0,True,ORL,ACTIVE,False
19,7,Goat's,1,YSK FC,4845374,Bub Carrington,PG,PG,"['PG', 'SG', 'G', 'SG/SF', 'G/F', 'UT', 'BE', 'IR']",91.0,True,WAS,ACTIVE,False
19,7,Goat's,1,YSK FC,3936299,Jamal Murray,PG,PG,"['PG', 'G', 'G/F', 'UT', 'BE', 'IR']",139.0,True,DEN,ACTIVE,False
19,7,Goat's,1,YSK FC,4433083,Cam Spencer,SG,PG,"['PG', 'SG', 'G', 'SG/SF', 'G/F', 'UT', 'BE', 'IR']",90.0,True,MEM,OUT,True
19,7,Goat's,1,YSK FC,4278585,Collin Gillespie,PG,PG,"['PG', 'G', 'G/F', 'UT', 'BE', 'IR']",132.0,True,PHO,ACTIVE,False
19,7,Goat's,1,YSK FC,4278104,Michael Porter Jr.,SF,PG,"['SF', 'PF', 'F', 'SG/SF', 'G/F', 'PF/C', 'F/C', 'UT', 'BE', 'IR']",109.0,True,BKN,OUT,True
19,7,Goat's,1,YSK FC,3032977,Giannis Antetokounmpo,PF,PG,"['PF', 'C', 'F', 'G/F', 'PF/C', 'F/C', 'UT', 'BE', 'IR']",126.0,True,MIL,OUT,True
19,1,YSK FC,7,Goat's,4395651,Coby White,PG,PG,"['PG', 'SG', 'G', 'SG/SF', 'G/F', 'UT', 'BE', 'IR']",64.0,True,CHA,ACTIVE,False
19,1,YSK FC,7,Goat's,4871144,Alperen Sengun,C,PG,"['C', 'PF/C', 'F/C', 'UT', 'BE', 'IR']",124.0,True,HOU,ACTIVE,False
19,1,YSK FC,7,Goat's,4278594,Naji Marshall,SF,PG,"['SF', 'PF', 'F', 'SG/SF', 'G/F', 'PF/C', 'F/C', 'UT', 'BE', 'IR']",28.0,True,DAL,OUT,True
19,1,YSK FC,7,Goat's,4432582,Max Christie,SG,PG,"['SG', 'G', 'SG/SF', 'G/F', 'UT', 'BE', 'IR']",27.0,True,DAL,ACTIVE,False
19,1,YSK FC,7,Goat's,4433192,Tari Eason,SF,PG,"['SF', 'PF', 'F', 'SG/SF', 'G/F', 'PF/C', 'F/C', 'UT', 'BE', 'IR']",34.0,True,HOU,ACTIVE,False
19,1,YSK FC,7,Goat's,4066354,Payton Pritchard,PG,PG,"['PG', 'G', 'G/F', 'UT', 'BE', 'IR']",122.0,True,BOS,ACTIVE,False
19,1,YSK FC,7,Goat's,4278067,Nic Claxton,C,PG,"['C', 'PF/C', 'F/C', 'UT', 'BE', 'IR']",39.0,True,BKN,OUT,True
19,1,YSK FC,7,Goat's,4432848,Jaime Jaquez Jr.,SF,PG,"['SG', 'SF', 'G', 'F', 'SG/SF', 'G/F', 'F/C', 'UT', 'BE', 'IR']",107.0,True,MIA,ACTIVE,False
19,1,YSK FC,7,Goat's,4278073,Shai Gilgeous-Alexander,PG,PG,"['PG', 'G', 'G/F', 'UT', 'BE', 'IR']",85.0,True,OKC,ACTIVE,False
19,1,YSK FC,7,Goat's,3059319,Andrew Wiggins,SF,PG,"['SF', 'PF', 'F', 'SG/SF', 'G/F', 'PF/C', 'F/C', 'UT', 'BE', 'IR']",60.0,True,MIA,ACTIVE,False
19,1,YSK FC,7,Goat's,4397688,Trey Murphy III,SF,PG,"['SG', 'SF', 'G', 'F', 'SG/SF', 'G/F', 'F/C', 'UT', 'BE', 'IR']",87.0,True,NOP,OUT,True
19,1,YSK FC,7,Goat's,4432573,Paolo Banchero,PF,PG,"['SF', 'PF', 'F', 'SG/SF', 'G/F', 'PF/C', 'F/C', 'UT', 'BE', 'IR']",92.0,True,ORL,ACTIVE,False
19,1,YSK FC,7,Goat's,3078576,Derrick White,SG,PG,"['PG', 'SG', 'G', 'SG/SF', 'G/F', 'UT', 'BE', 'IR']",144.0,True,BOS,ACTIVE,False
19,9,ybgcorp,6,Jeremy Lin fan club,5105550,GG Jackson,PF,PG,"['PF', 'F', 'G/F', 'PF/C', 'F/C', 'UT', 'BE', 'IR']",26.0,True,MEM,OUT,True
19,9,ybgcorp,6,Jeremy Lin fan club,4433287,Brandon Miller,SF,PG,"['SG', 'SF', 'G', 'F', 'SG/SF', 'G/F', 'F/C', 'UT', 'BE', 'IR']",161.0,True,CHA,OUT,True
19,9,ybgcorp,6,Jeremy Lin fan club,4066328,Jarrett Allen,C,PG,"['C', 'PF/C', 'F/C', 'UT', 'BE', 'IR']",12.0,True,CLE,ACTIVE,False
19,9,ybgcorp,6,Jeremy Lin fan club,4066457,Austin Reaves,SG,PG,"['PG', 'SG', 'SF', 'G', 'F', 'SG/SF', 'G/F', 'F/C', 'UT', 'BE', 'IR']",156.0,True,LAL,ACTIVE,False
19,9,ybgcorp,6,Jeremy Lin fan club,4701230,Jalen Johnson,PF,PG,"['PF', 'F', 'G/F', 'PF/C', 'F/C', 'UT', 'BE', 'IR']",105.0,True,ATL,ACTIVE,False
19,9,ybgcorp,6,Jeremy Lin fan club,4397002,Ayo Dosunmu,SG,PG,"['SG', 'G', 'SG/SF', 'G/F', 'UT', 'BE', 'IR']",62.0,True,MIN,ACTIVE,False
19,9,ybgcorp,6,Jeremy Lin fan club,4591725,Ryan Rollins,SG,PG,"['PG', 'SG', 'G', 'SG/SF', 'G/F', 'UT', 'BE', 'IR']",126.0,True,MIL,OUT,True
19,9,ybgcorp,6,Jeremy Lin fan club,1966,LeBron James,SF,PG,"['SF', 'PF', 'F', 'SG/SF', 'G/F', 'PF/C', 'F/C', 'UT', 'BE', 'IR']",95.0,True,LAL,ACTIVE,False
19,9,ybgcorp,6,Jeremy Lin fan club,4277905,Trae Young,PG,PG,"['PG', 'G', 'G/F', 'UT', 'BE', 'IR']",25.0,True,WAS,OUT,True
19,9,ybgcorp,6,Jeremy Lin fan club,3133628,Myles Turner,C,PG,"['C', 'PF/C', 'F/C', 'UT', 'BE', 'IR']",57.0,True,MIL,OUT,True
19,9,ybgcorp,6,Jeremy Lin fan club,4869342,Dyson Daniels,SG,PG,"['PG', 'SG', 'G', 'SG/SF', 'G/F', 'UT', 'BE', 'IR']",87.0,True,ATL,ACTIVE,False
19,9,ybgcorp,6,Jeremy Lin fan club,4712849,Anthony Black,PG,PG,"['PG', 'SG', 'G', 'SG/SF', 'G/F', 'UT', 'BE', 'IR']",3.0,True,ORL,ACTIVE,False
19,9,ybgcorp,6,Jeremy Lin fan club,4278039,Nickeil Alexander-Walker,SG,PG,"['SG', 'G', 'SG/SF', 'G/F', 'UT', 'BE', 'IR']",74.0,True,ATL,ACTIVE,False
19,9,ybgcorp,6,Jeremy Lin fan club,4065733,Ty Jerome,PG,PG,"['PG', 'G', 'G/F', 'UT', 'BE', 'IR']",68.0,True,MEM,OUT,True
19,9,ybgcorp,6,Jeremy Lin fan club,4437244,Jalen Green,SG,PG,"['SG', 'G', 'SG/SF', 'G/F', 'UT', 'BE', 'IR']",78.0,True,PHO,ACTIVE,False
19,6,Jeremy Lin fan club,9,ybgcorp,4433255,Chet Holmgren,C,PG,"['PF', 'C', 'F', 'G/F', 'PF/C', 'F/C', 'UT', 'BE', 'IR']",70.0,True,OKC,ACTIVE,False
19,6,Jeremy Lin fan club,9,ybgcorp,4432165,Jalen Suggs,PG,PG,"['PG', 'SG', 'G', 'SG/SF', 'G/F', 'UT', 'BE', 'IR']",156.0,True,ORL,ACTIVE,False
19,6,Jeremy Lin fan club,9,ybgcorp,4396971,Naz Reid,C,PG,"['PF', 'C', 'F', 'G/F', 'PF/C', 'F/C', 'UT', 'BE', 'IR']",48.0,True,MIN,ACTIVE,False
19,6,Jeremy Lin fan club,9,ybgcorp,5061575,Kon Knueppel,SG,PG,"['SG', 'G', 'SG/SF', 'G/F', 'UT', 'BE', 'IR']",125.0,True,CHA,ACTIVE,False
19,6,Jeremy Lin fan club,9,ybgcorp,4395725,Tyler Herro,SG,PG,"['PG', 'SG', 'G', 'SG/SF', 'G/F', 'UT', 'BE', 'IR']",180.0,True,MIA,OUT,True
19,6,Jeremy Lin fan club,9,ybgcorp,3136193,Devin Booker,PG,PG,"['PG', 'SG', 'G', 'SG/SF', 'G/F', 'UT', 'BE', 'IR']",157.0,True,PHO,ACTIVE,False
19,6,Jeremy Lin fan club,9,ybgcorp,6478,Nikola Vucevic,C,PG,"['C', 'PF/C', 'F/C', 'UT', 'BE', 'IR']",43.0,True,BOS,ACTIVE,False
19,6,Jeremy Lin fan club,9,ybgcorp,4683766,Isaiah Collier,PG,PG,"['PG', 'G', 'G/F', 'UT', 'BE', 'IR']",109.0,True,UTA,OUT,True
19,6,Jeremy Lin fan club,9,ybgcorp,4432816,LaMelo Ball,PG,PG,"['PG', 'G', 'G/F', 'UT', 'BE', 'IR']",151.0,True,CHA,ACTIVE,False
19,6,Jeremy Lin fan club,9,ybgcorp,4431671,Jaden McDaniels,SF,PG,"['SF', 'F', 'SG/SF', 'G/F', 'F/C', 'UT', 'BE', 'IR']",59.0,True,MIN,ACTIVE,False
19,6,Jeremy Lin fan club,9,ybgcorp,4709138,Brandin Podziemski,SG,PG,"['PG', 'SG', 'G', 'SG/SF', 'G/F', 'UT', 'BE', 'IR']",113.0,True,GSW,ACTIVE,False
19,6,Jeremy Lin fan club,9,ybgcorp,3147657,Mikal Bridges,SF,PG,"['SG', 'SF', 'G', 'F', 'SG/SF', 'G/F', 'F/C', 'UT', 'BE', 'IR']",81.0,True,NYK,ACTIVE,False
19,6,Jeremy Lin fan club,9,ybgcorp,4431736,Toumani Camara,PF,PG,"['SF', 'PF', 'F', 'SG/SF', 'G/F', 'PF/C', 'F/C', 'UT', 'BE', 'IR']",89.0,True,POR,ACTIVE,False
20,8,Hawk Tuah Demure,3,Kat's Kittens,3112335,Nikola Jokic,C,PG,"['C', 'PF/C', 'F/C', 'UT', 'BE', 'IR']",323.0,True,DEN,ACTIVE,False
20,8,Hawk Tuah Demure,3,Kat's Kittens,5106060,Jarace Walker,PF,PG,"['PF', 'F', 'G/F', 'PF/C', 'F/C', 'UT', 'BE', 'IR']",115.0,True,IND,OUT,True
20,8,Hawk Tuah Demure,3,Kat's Kittens,4433249,Moussa Diabate,PF,PG,"['PF', 'C', 'F', 'G/F', 'PF/C', 'F/C', 'UT', 'BE', 'IR']",64.0,True,CHA,ACTIVE,False
20,8,Hawk Tuah Demure,3,Kat's Kittens,4684740,Amen Thompson,SF,PG,"['SG', 'SF', 'PF', 'G', 'F', 'SG/SF', 'G/F', 'PF/C', 'F/C', 'UT', 'BE', 'IR']",112.0,True,HOU,ACTIVE,False
20,8,Hawk Tuah Demure,3,Kat's Kittens,4871145,Josh Giddey,SG,PG,"['PG', 'SG', 'SF', 'G', 'F', 'SG/SF', 'G/F', 'F/C', 'UT', 'BE', 'IR']",187.0,True,CHI,OUT,True
20,8,Hawk Tuah Demure,3,Kat's Kittens,4683021,Deni Avdija,SF,PG,"['SG', 'SF', 'PF', 'G', 'F', 'SG/SF', 'G/F', 'PF/C', 'F/C', 'UT', 'BE', 'IR']",121.0,True,POR,ACTIVE,False
20,8,Hawk Tuah Demure,3,Kat's Kittens,4997536,Gui Santos,SF,PG,"['SF', 'F', 'SG/SF', 'G/F', 'F/C', 'UT', 'BE', 'IR']",43.0,True,GSW,ACTIVE,False
20,8,Hawk Tuah Demure,3,Kat's Kittens,3908809,Donovan Mitchell,SG,PG,"['PG', 'SG', 'G', 'SG/SF', 'G/F', 'UT', 'BE', 'IR']",181.0,True,CLE,ACTIVE,False
20,8,Hawk Tuah Demure,3,Kat's Kittens,3134908,Jakob Poeltl,C,PG,"['C', 'PF/C', 'F/C', 'UT', 'BE', 'IR']",94.0,True,TOR,ACTIVE,False
20,8,Hawk Tuah Demure,3,Kat's Kittens,4397140,Kevin Porter Jr.,SG,PG,"['PG', 'SG', 'G', 'SG/SF', 'G/F', 'UT', 'BE', 'IR']",73.0,True,MIL,OUT,True
20,8,Hawk Tuah Demure,3,Kat's Kittens,4431679,Precious Achiuwa,PF,PG,"['PF', 'C', 'F', 'G/F', 'PF/C', 'F/C', 'UT', 'BE', 'IR']",155.0,True,SAC,ACTIVE,False
20,8,Hawk Tuah Demure,3,Kat's Kittens,4684793,Kyle Filipowski,PF,PG,"['PF', 'C', 'F', 'G/F', 'PF/C', 'F/C', 'UT', 'BE', 'IR']",124.0,True,UTA,OUT,True
20,8,Hawk Tuah Demure,3,Kat's Kittens,3936099,Derrick Jones Jr.,SF,PG,"['SF', 'F', 'SG/SF', 'G/F', 'F/C', 'UT', 'BE', 'IR']",9.0,True,LAC,ACTIVE,False
20,3,Kat's Kittens,8,Hawk Tuah Demure,5105839,Brice Sensabaugh,SF,PG,"['SF', 'F', 'SG/SF', 'G/F', 'F/C', 'UT', 'BE', 'IR']",81.0,True,UTA,ACTIVE,False
20,3,Kat's Kittens,8,Hawk Tuah Demure,4431680,Onyeka Okongwu,C,PG,"['C', 'PF/C', 'F/C', 'UT', 'BE', 'IR']",111.0,True,ATL,ACTIVE,False
20,3,Kat's Kittens,8,Hawk Tuah Demure,4396907,Darius Garland,PG,PG,"['PG', 'G', 'G/F', 'UT', 'BE', 'IR']",87.0,True,LAC,ACTIVE,False
20,3,Kat's Kittens,8,Hawk Tuah Demure,4395625,RJ Barrett,SF,PG,"['SG', 'SF', 'PF', 'G', 'F', 'SG/SF', 'G/F', 'PF/C', 'F/C', 'UT', 'BE', 'IR']",149.0,True,TOR,ACTIVE,False
20,3,Kat's Kittens,8,Hawk Tuah Demure,4997536,Gui Santos,SF,PG,"['SF', 'F', 'SG/SF', 'G/F', 'F/C', 'UT', 'BE', 'IR']",59.0,True,GSW,ACTIVE,False
20,3,Kat's Kittens,8,Hawk Tuah Demure,3136195,Karl-Anthony Towns,C,PG,"['PF', 'C', 'F', 'G/F', 'PF/C', 'F/C', 'UT', 'BE', 'IR']",149.0,True,NYK,ACTIVE,False
20,3,Kat's Kittens,8,Hawk Tuah Demure,3064514,Julius Randle,PF,PG,"['PF', 'F', 'G/F', 'PF/C', 'F/C', 'UT', 'BE', 'IR']",107.0,True,MIN,ACTIVE,False
20,3,Kat's Kittens,8,Hawk Tuah Demure,3934673,Donte DiVincenzo,SG,PG,"['PG', 'SG', 'G', 'SG/SF', 'G/F', 'UT', 'BE', 'IR']",78.0,True,MIN,OUT,True
20,3,Kat's Kittens,8,Hawk Tuah Demure,2991070,Jerami Grant,PF,PG,"['PF', 'F', 'G/F', 'PF/C', 'F/C', 'UT', 'BE', 'IR']",38.0,True,POR,ACTIVE,False
20,3,Kat's Kittens,8,Hawk Tuah Demure,4432823,Jaylin Williams,C,PG,"['C', 'PF/C', 'F/C', 'UT', 'BE', 'IR']",25.0,True,OKC,ACTIVE,False
20,3,Kat's Kittens,8,Hawk Tuah Demure,3134907,Kyle Kuzma,PF,PG,"['SF', 'PF', 'F', 'SG/SF', 'G/F', 'PF/C', 'F/C', 'UT', 'BE', 'IR']",64.0,True,MIL,OUT,True
20,3,Kat's Kittens,8,Hawk Tuah Demure,4397014,Quentin Grimes,SG,PG,"['SG', 'G', 'SG/SF', 'G/F', 'UT', 'BE', 'IR']",174.0,True,PHL,ACTIVE,False
20,3,Kat's Kittens,8,Hawk Tuah Demure,4433621,Jalen Duren,C,PG,"['C', 'PF/C', 'F/C', 'UT', 'BE', 'IR']",177.0,True,DET,ACTIVE,False
20,3,Kat's Kittens,8,Hawk Tuah Demure,3062679,Josh Hart,SF,PG,"['SG', 'SF', 'G', 'F', 'SG/SF', 'G/F', 'F/C', 'UT', 'BE', 'IR']",57.0,True,NYK,ACTIVE,False
20,3,Kat's Kittens,8,Hawk Tuah Demure,4601023,Oso Ighodaro,PF,PG,"['PF', 'F', 'G/F', 'PF/C', 'F/C', 'UT', 'BE', 'IR']",52.0,True,PHO,ACTIVE,False
20,3,Kat's Kittens,8,Hawk Tuah Demure,4845367,Stephon Castle,PG,PG,"['PG', 'SG', 'G', 'SG/SF', 'G/F', 'UT', 'BE', 'IR']",130.0,True,SAS,ACTIVE,False
20,2,Phantom Troupe,4,SKAVALASSKKYYYY,4684742,Ausar Thompson,SF,PG,"['SF', 'PF', 'F', 'SG/SF', 'G/F', 'PF/C', 'F/C', 'UT', 'BE', 'IR']",11.0,True,DET,ACTIVE,False
20,2,Phantom Troupe,4,SKAVALASSKKYYYY,5037871,Dylan Harper,PG,PG,"['PG', 'SG', 'G', 'SG/SF', 'G/F', 'UT', 'BE', 'IR']",54.0,True,SAS,ACTIVE,False
20,2,Phantom Troupe,4,SKAVALASSKKYYYY,3913176,Brandon Ingram,SF,PG,"['SF', 'F', 'SG/SF', 'G/F', 'F/C', 'UT', 'BE', 'IR']",148.0,True,TOR,OUT,True
20,2,Phantom Troupe,4,SKAVALASSKKYYYY,3934719,OG Anunoby,SF,PG,"['SF', 'PF', 'F', 'SG/SF', 'G/F', 'PF/C', 'F/C', 'UT', 'BE', 'IR']",137.0,True,NYK,ACTIVE,False
20,2,Phantom Troupe,4,SKAVALASSKKYYYY,4683778,Jared McCain,SG,PG,"['SG', 'G', 'SG/SF', 'G/F', 'UT', 'BE', 'IR']",19.0,True,OKC,ACTIVE,False
20,2,Phantom Troupe,4,SKAVALASSKKYYYY,4432166,Cade Cunningham,PG,PG,"['PG', 'SG', 'G', 'SG/SF', 'G/F', 'UT', 'BE', 'IR']",224.0,True,DET,ACTIVE,False
20,2,Phantom Troupe,4,SKAVALASSKKYYYY,4395626,Tre Jones,PG,PG,"['PG', 'G', 'G/F', 'UT', 'BE', 'IR']",109.0,True,CHI,ACTIVE,False
20,2,Phantom Troupe,4,SKAVALASSKKYYYY,5124612,VJ Edgecombe,SG,PG,"['SG', 'G', 'SG/SF', 'G/F', 'UT', 'BE', 'IR']",131.0,True,PHL,ACTIVE,False
20,2,Phantom Troupe,4,SKAVALASSKKYYYY,3978,DeMar DeRozan,SF,PG,"['SF', 'PF', 'F', 'SG/SF', 'G/F', 'PF/C', 'F/C', 'UT', 'BE', 'IR']",204.0,True,SAC,OUT,True
20,2,Phantom Troupe,4,SKAVALASSKKYYYY,4065648,Jayson Tatum,PF,PG,"['SF', 'PF', 'F', 'SG/SF', 'G/F', 'PF/C', 'F/C', 'UT', 'BE', 'IR']",92.0,True,BOS,OUT,True
20,2,Phantom Troupe,4,SKAVALASSKKYYYY,4066320,Desmond Bane,SG,PG,"['SG', 'SF', 'G', 'F', 'SG/SF', 'G/F', 'F/C', 'UT', 'BE', 'IR']",141.0,True,ORL,ACTIVE,False
20,2,Phantom Troupe,4,SKAVALASSKKYYYY,4395628,Zion Williamson,PF,PG,"['PF', 'F', 'G/F', 'PF/C', 'F/C', 'UT', 'BE', 'IR']",66.0,True,NOP,OUT,True
20,2,Phantom Troupe,4,SKAVALASSKKYYYY,4683634,Bennedict Mathurin,SF,PG,"['SG', 'SF', 'G', 'F', 'SG/SF', 'G/F', 'F/C', 'UT', 'BE', 'IR']",131.0,True,LAC,ACTIVE,False
20,2,Phantom Troupe,4,SKAVALASSKKYYYY,4432639,Jabari Smith Jr.,PF,PG,"['PF', 'C', 'F', 'G/F', 'PF/C', 'F/C', 'UT', 'BE', 'IR']",99.0,True,HOU,ACTIVE,False
20,4,SKAVALASSKKYYYY,2,Phantom Troupe,2490149,CJ McCollum,SG,PG,"['PG', 'SG', 'G', 'SG/SF', 'G/F', 'UT', 'BE', 'IR']",81.0,True,ATL,ACTIVE,False
20,4,SKAVALASSKKYYYY,2,Phantom Troupe,4278053,Davion Mitchell,PG,PG,"['PG', 'G', 'G/F', 'UT', 'BE', 'IR']",90.0,True,MIA,ACTIVE,False
20,4,SKAVALASSKKYYYY,2,Phantom Troupe,3945274,Luka Doncic,PG,PG,"['PG', 'G', 'G/F', 'UT', 'BE', 'IR']",239.0,True,LAL,OUT,True
20,4,SKAVALASSKKYYYY,2,Phantom Troupe,4395723,Keldon Johnson,SF,PG,"['SF', 'PF', 'F', 'SG/SF', 'G/F', 'PF/C', 'F/C', 'UT', 'BE', 'IR']",52.0,True,SAS,ACTIVE,False
20,4,SKAVALASSKKYYYY,2,Phantom Troupe,3064290,Aaron Gordon,PF,PG,"['PF', 'F', 'G/F', 'PF/C', 'F/C', 'UT', 'BE', 'IR']",89.0,True,DEN,OUT,True
20,4,SKAVALASSKKYYYY,2,Phantom Troupe,3102531,Kristaps Porzingis,C,PG,"['PF', 'C', 'F', 'G/F', 'PF/C', 'F/C', 'UT', 'BE', 'IR']",76.0,True,GSW,ACTIVE,False
20,4,SKAVALASSKKYYYY,2,Phantom Troupe,5105565,Donovan Clingan,C,PG,"['C', 'PF/C', 'F/C', 'UT', 'BE', 'IR']",161.0,True,POR,ACTIVE,False
20,4,SKAVALASSKKYYYY,2,Phantom Troupe,4397136,Saddiq Bey,SF,PG,"['SF', 'PF', 'F', 'SG/SF', 'G/F', 'PF/C', 'F/C', 'UT', 'BE', 'IR']",28.0,True,NOP,ACTIVE,False
20,4,SKAVALASSKKYYYY,2,Phantom Troupe,4873138,Ace Bailey,SF,PG,"['SF', 'PF', 'F', 'SG/SF', 'G/F', 'PF/C', 'F/C', 'UT', 'BE', 'IR']",60.0,True,UTA,ACTIVE,False
20,4,SKAVALASSKKYYYY,2,Phantom Troupe,3992,James Harden,PG,PG,"['PG', 'SG', 'G', 'SG/SF', 'G/F', 'UT', 'BE', 'IR']",150.0,True,CLE,ACTIVE,False
20,4,SKAVALASSKKYYYY,2,Phantom Troupe,3917376,Jaylen Brown,SF,PG,"['SG', 'SF', 'G', 'F', 'SG/SF', 'G/F', 'F/C', 'UT', 'BE', 'IR']",96.0,True,BOS,ACTIVE,False
20,4,SKAVALASSKKYYYY,2,Phantom Troupe,3032976,Rudy Gobert,C,PG,"['C', 'PF/C', 'F/C', 'UT', 'BE', 'IR']",82.0,True,MIN,ACTIVE,False
20,4,SKAVALASSKKYYYY,2,Phantom Troupe,5041939,Cooper Flagg,SF,PG,"['PG', 'SF', 'PF', 'G', 'F', 'SG/SF', 'G/F', 'PF/C', 'F/C', 'UT', 'BE', 'IR']",149.0,True,DAL,OUT,True
20,1,YSK FC,5,Poole Party,4871144,Alperen Sengun,C,PG,"['C', 'PF/C', 'F/C', 'UT', 'BE', 'IR']",49.0,True,HOU,ACTIVE,False
20,1,YSK FC,5,Poole Party,4278594,Naji Marshall,SF,PG,"['SF', 'PF', 'F', 'SG/SF', 'G/F', 'PF/C', 'F/C', 'UT', 'BE', 'IR']",108.0,True,DAL,OUT,True
20,1,YSK FC,5,Poole Party,4432582,Max Christie,SG,PG,"['SG', 'G', 'SG/SF', 'G/F', 'UT', 'BE', 'IR']",41.0,True,DAL,ACTIVE,False
20,1,YSK FC,5,Poole Party,4433192,Tari Eason,SF,PG,"['SF', 'PF', 'F', 'SG/SF', 'G/F', 'PF/C', 'F/C', 'UT', 'BE', 'IR']",40.0,True,HOU,ACTIVE,False
20,1,YSK FC,5,Poole Party,3133603,Kelly Oubre Jr.,SF,PG,"['SG', 'SF', 'G', 'F', 'SG/SF', 'G/F', 'F/C', 'UT', 'BE', 'IR']",50.0,True,PHL,ACTIVE,False
20,1,YSK FC,5,Poole Party,3468,Russell Westbrook,PG,PG,"['PG', 'G', 'G/F', 'UT', 'BE', 'IR']",84.0,True,SAC,OUT,True
20,1,YSK FC,5,Poole Party,4066354,Payton Pritchard,PG,PG,"['PG', 'G', 'G/F', 'UT', 'BE', 'IR']",40.0,True,BOS,ACTIVE,False
20,1,YSK FC,5,Poole Party,4278067,Nic Claxton,C,PG,"['C', 'PF/C', 'F/C', 'UT', 'BE', 'IR']",58.0,True,BKN,OUT,True
20,1,YSK FC,5,Poole Party,4432848,Jaime Jaquez Jr.,SF,PG,"['SG', 'SF', 'G', 'F', 'SG/SF', 'G/F', 'F/C', 'UT', 'BE', 'IR']",92.0,True,MIA,ACTIVE,False
20,1,YSK FC,5,Poole Party,4278073,Shai Gilgeous-Alexander,PG,PG,"['PG', 'G', 'G/F', 'UT', 'BE', 'IR']",218.0,True,OKC,ACTIVE,False
20,1,YSK FC,5,Poole Party,4397688,Trey Murphy III,SF,PG,"['SG', 'SF', 'G', 'F', 'SG/SF', 'G/F', 'F/C', 'UT', 'BE', 'IR']",55.0,True,NOP,OUT,True
20,1,YSK FC,5,Poole Party,3078576,Derrick White,SG,PG,"['PG', 'SG', 'G', 'SG/SF', 'G/F', 'UT', 'BE', 'IR']",89.0,True,BOS,ACTIVE,False
20,1,YSK FC,5,Poole Party,4432573,Paolo Banchero,PF,PG,"['SF', 'PF', 'F', 'SG/SF', 'G/F', 'PF/C', 'F/C', 'UT', 'BE', 'IR']",108.0,True,ORL,ACTIVE,False
20,5,Poole Party,1,YSK FC,3907497,Dejounte Murray,SG,PG,"['PG', 'SG', 'G', 'SG/SF', 'G/F', 'UT', 'BE', 'IR']",111.0,True,NOP,OUT,True
20,5,Poole Party,1,YSK FC,4395712,Andrew Nembhard,PG,PG,"['PG', 'SG', 'G', 'SG/SF', 'G/F', 'UT', 'BE', 'IR']",60.0,True,IND,OUT,True
20,5,Poole Party,1,YSK FC,5144091,Jeremiah Fears,SG,PG,"['PG', 'SG', 'G', 'SG/SF', 'G/F', 'UT', 'BE', 'IR']",23.0,True,NOP,ACTIVE,False
20,5,Poole Party,1,YSK FC,4711294,Matas Buzelis,SF,PG,"['SF', 'PF', 'F', 'SG/SF', 'G/F', 'PF/C', 'F/C', 'UT', 'BE', 'IR']",138.0,True,CHI,OUT,True
20,5,Poole Party,1,YSK FC,4594268,Anthony Edwards,SG,PG,"['SG', 'SF', 'G', 'F', 'SG/SF', 'G/F', 'F/C', 'UT', 'BE', 'IR']",161.0,True,MIN,ACTIVE,False
20,5,Poole Party,1,YSK FC,3995,Jrue Holiday,PG,PG,"['PG', 'SG', 'G', 'SG/SF', 'G/F', 'UT', 'BE', 'IR']",72.0,True,POR,ACTIVE,False
20,5,Poole Party,1,YSK FC,3064482,Bobby Portis,PF,PG,"['PF', 'F', 'G/F', 'PF/C', 'F/C', 'UT', 'BE', 'IR']",110.0,True,MIL,OUT,True
20,5,Poole Party,1,YSK FC,4395630,Devin Vassell,SG,PG,"['SG', 'SF', 'G', 'F', 'SG/SF', 'G/F', 'F/C', 'UT', 'BE', 'IR']",72.0,True,SAS,ACTIVE,False
20,5,Poole Party,1,YSK FC,4066259,De'Aaron Fox,PG,PG,"['PG', 'G', 'G/F', 'UT', 'BE', 'IR']",139.0,True,SAS,ACTIVE,False
20,5,Poole Party,1,YSK FC,4432158,Evan Mobley,PF,PG,"['PF', 'C', 'F', 'G/F', 'PF/C', 'F/C', 'UT', 'BE', 'IR']",173.0,True,CLE,ACTIVE,False
20,5,Poole Party,1,YSK FC,4278078,P.J. Washington,PF,PG,"['SF', 'PF', 'F', 'SG/SF', 'G/F', 'PF/C', 'F/C', 'UT', 'BE', 'IR']",85.0,True,DAL,OUT,True
20,6,Jeremy Lin fan club,10,Van Der Linde Gang,4683766,Isaiah Collier,PG,PG,"['PG', 'G', 'G/F', 'UT', 'BE', 'IR']",87.0,True,UTA,OUT,True
20,6,Jeremy Lin fan club,10,Van Der Linde Gang,4432816,LaMelo Ball,PG,PG,"['PG', 'G', 'G/F', 'UT', 'BE', 'IR']",111.0,True,CHA,ACTIVE,False
20,6,Jeremy Lin fan club,10,Van Der Linde Gang,4433255,Chet Holmgren,C,PG,"['PF', 'C', 'F', 'G/F', 'PF/C', 'F/C', 'UT', 'BE', 'IR']",78.0,True,OKC,ACTIVE,False
20,6,Jeremy Lin fan club,10,Van Der Linde Gang,4431671,Jaden McDaniels,SF,PG,"['SF', 'F', 'SG/SF', 'G/F', 'F/C', 'UT', 'BE', 'IR']",47.0,True,MIN,ACTIVE,False
20,6,Jeremy Lin fan club,10,Van Der Linde Gang,4900671,Ajay Mitchell,PG,PG,"['PG', 'G', 'G/F', 'UT', 'BE', 'IR']",92.0,True,OKC,OUT,True
20,6,Jeremy Lin fan club,10,Van Der Linde Gang,4709138,Brandin Podziemski,SG,PG,"['PG', 'SG', 'G', 'SG/SF', 'G/F', 'UT', 'BE', 'IR']",149.0,True,GSW,ACTIVE,False
20,6,Jeremy Lin fan club,10,Van Der Linde Gang,4432165,Jalen Suggs,PG,PG,"['PG', 'SG', 'G', 'SG/SF', 'G/F', 'UT', 'BE', 'IR']",109.0,True,ORL,ACTIVE,False
20,6,Jeremy Lin fan club,10,Van Der Linde Gang,4396971,Naz Reid,C,PG,"['PF', 'C', 'F', 'G/F', 'PF/C', 'F/C', 'UT', 'BE', 'IR']",87.0,True,MIN,ACTIVE,False
20,6,Jeremy Lin fan club,10,Van Der Linde Gang,3147657,Mikal Bridges,SF,PG,"['SG', 'SF', 'G', 'F', 'SG/SF', 'G/F', 'F/C', 'UT', 'BE', 'IR']",78.0,True,NYK,ACTIVE,False
20,6,Jeremy Lin fan club,10,Van Der Linde Gang,5061575,Kon Knueppel,SG,PG,"['SG', 'G', 'SG/SF', 'G/F', 'UT', 'BE', 'IR']",107.0,True,CHA,ACTIVE,False
20,6,Jeremy Lin fan club,10,Van Der Linde Gang,4431736,Toumani Camara,PF,PG,"['SF', 'PF', 'F', 'SG/SF', 'G/F', 'PF/C', 'F/C', 'UT', 'BE', 'IR']",49.0,True,POR,ACTIVE,False
20,6,Jeremy Lin fan club,10,Van Der Linde Gang,3136193,Devin Booker,PG,PG,"['PG', 'SG', 'G', 'SG/SF', 'G/F', 'UT', 'BE', 'IR']",143.0,True,PHO,ACTIVE,False
20,10,Van Der Linde Gang,6,Jeremy Lin fan club,5104157,Victor Wembanyama,C,PG,"['C', 'PF/C', 'F/C', 'UT', 'BE', 'IR']",149.0,True,SAS,ACTIVE,False
20,10,Van Der Linde Gang,6,Jeremy Lin fan club,4066383,Miles Bridges,SF,PG,"['SF', 'PF', 'F', 'SG/SF', 'G/F', 'PF/C', 'F/C', 'UT', 'BE', 'IR']",90.0,True,CHA,ACTIVE,False
20,10,Van Der Linde Gang,6,Jeremy Lin fan club,4397424,Neemias Queta,C,PG,"['C', 'PF/C', 'F/C', 'UT', 'BE', 'IR']",91.0,True,BOS,ACTIVE,False
20,10,Van Der Linde Gang,6,Jeremy Lin fan club,4683747,Jaylon Tyson,SG,PG,"['SG', 'SF', 'G', 'F', 'SG/SF', 'G/F', 'F/C', 'UT', 'BE', 'IR']",38.0,True,CLE,ACTIVE,False
20,10,Van Der Linde Gang,6,Jeremy Lin fan club,4433627,Keyonte George,PG,PG,"['PG', 'SG', 'G', 'SG/SF', 'G/F', 'UT', 'BE', 'IR']",46.0,True,UTA,OUT,True
20,10,Van Der Linde Gang,6,Jeremy Lin fan club,4903027,Cedric Coward,SF,PG,"['SG', 'SF', 'G', 'F', 'SG/SF', 'G/F', 'F/C', 'UT', 'BE', 'IR']",51.0,True,MEM,OUT,True
20,10,Van Der Linde Gang,6,Jeremy Lin fan club,5105623,Kel'el Ware,C,PG,"['C', 'PF/C', 'F/C', 'UT', 'BE', 'IR']",54.0,True,MIA,ACTIVE,False
20,10,Van Der Linde Gang,6,Jeremy Lin fan club,3135045,Grayson Allen,SG,PG,"['PG', 'SG', 'G', 'SG/SF', 'G/F', 'UT', 'BE', 'IR']",49.0,True,PHO,ACTIVE,False
20,10,Van Der Linde Gang,6,Jeremy Lin fan club,2595516,Norman Powell,SG,PG,"['SG', 'SF', 'G', 'F', 'SG/SF', 'G/F', 'F/C', 'UT', 'BE', 'IR']",29.0,True,MIA,ACTIVE,False
20,10,Van Der Linde Gang,6,Jeremy Lin fan club,3934672,Jalen Brunson,PG,PG,"['PG', 'G', 'G/F', 'UT', 'BE', 'IR']",206.0,True,NYK,ACTIVE,False
20,10,Van Der Linde Gang,6,Jeremy Lin fan club,4433134,Scottie Barnes,SF,PG,"['SG', 'SF', 'PF', 'G', 'F', 'SG/SF', 'G/F', 'PF/C', 'F/C', 'UT', 'BE', 'IR']",149.0,True,TOR,ACTIVE,False
20,10,Van Der Linde Gang,6,Jeremy Lin fan club,4711272,Reed Sheppard,SG,PG,"['PG', 'SG', 'G', 'SG/SF', 'G/F', 'UT', 'BE', 'IR']",62.0,True,HOU,ACTIVE,False
20,9,ybgcorp,7,Goat's,4433287,Brandon Miller,SF,PG,"['SG', 'SF', 'G', 'F', 'SG/SF', 'G/F', 'F/C', 'UT', 'BE', 'IR']",87.0,True,CHA,OUT,True
20,9,ybgcorp,7,Goat's,4711297,Justin Edwards,SF,PG,"['SF', 'F', 'SG/SF', 'G/F', 'F/C', 'UT', 'BE', 'IR']",38.0,True,PHL,ACTIVE,False
20,9,ybgcorp,7,Goat's,4066457,Austin Reaves,SG,PG,"['PG', 'SG', 'SF', 'G', 'F', 'SG/SF', 'G/F', 'F/C', 'UT', 'BE', 'IR']",169.0,True,LAL,ACTIVE,False
20,9,ybgcorp,7,Goat's,3064230,Cameron Payne,PG,PG,"['PG', 'SG', 'G', 'SG/SF', 'G/F', 'UT', 'BE', 'IR']",33.0,True,FA,OUT,True
20,9,ybgcorp,7,Goat's,4397002,Ayo Dosunmu,SG,PG,"['SG', 'G', 'SG/SF', 'G/F', 'UT', 'BE', 'IR']",16.0,True,MIN,ACTIVE,False
20,9,ybgcorp,7,Goat's,4702382,Tristan da Silva,SF,PG,"['SF', 'F', 'SG/SF', 'G/F', 'F/C', 'UT', 'BE', 'IR']",90.0,True,ORL,ACTIVE,False
20,9,ybgcorp,7,Goat's,4701230,Jalen Johnson,PF,PG,"['PF', 'F', 'G/F', 'PF/C', 'F/C', 'UT', 'BE', 'IR']",168.0,True,ATL,ACTIVE,False
20,9,ybgcorp,7,Goat's,4591725,Ryan Rollins,SG,PG,"['PG', 'SG', 'G', 'SG/SF', 'G/F', 'UT', 'BE', 'IR']",175.0,True,MIL,OUT,True
20,9,ybgcorp,7,Goat's,1966,LeBron James,SF,PG,"['SF', 'PF', 'F', 'SG/SF', 'G/F', 'PF/C', 'F/C', 'UT', 'BE', 'IR']",32.0,True,LAL,ACTIVE,False
20,9,ybgcorp,7,Goat's,4277905,Trae Young,PG,PG,"['PG', 'G', 'G/F', 'UT', 'BE', 'IR']",55.0,True,WAS,OUT,True
20,9,ybgcorp,7,Goat's,3133628,Myles Turner,C,PG,"['C', 'PF/C', 'F/C', 'UT', 'BE', 'IR']",103.0,True,MIL,OUT,True
20,9,ybgcorp,7,Goat's,4869342,Dyson Daniels,SG,PG,"['PG', 'SG', 'G', 'SG/SF', 'G/F', 'UT', 'BE', 'IR']",87.0,True,ATL,ACTIVE,False
20,9,ybgcorp,7,Goat's,4278039,Nickeil Alexander-Walker,SG,PG,"['SG', 'G', 'SG/SF', 'G/F', 'UT', 'BE', 'IR']",122.0,True,ATL,ACTIVE,False
20,9,ybgcorp,7,Goat's,4065733,Ty Jerome,PG,PG,"['PG', 'G', 'G/F', 'UT', 'BE', 'IR']",40.0,True,MEM,OUT,True
20,9,ybgcorp,7,Goat's,4437244,Jalen Green,SG,PG,"['SG', 'G', 'SG/SF', 'G/F', 'UT', 'BE', 'IR']",149.0,True,PHO,ACTIVE,False
20,7,Goat's,9,ybgcorp,3202,Kevin Durant,PF,PG,"['SF', 'PF', 'F', 'SG/SF', 'G/F', 'PF/C', 'F/C', 'UT', 'BE', 'IR']",143.0,True,HOU,OUT,True
20,7,Goat's,9,ybgcorp,4683692,Cason Wallace,SG,PG,"['SG', 'G', 'SG/SF', 'G/F', 'UT', 'BE', 'IR']",67.0,True,OKC,ACTIVE,False
20,7,Goat's,9,ybgcorp,4066261,Bam Adebayo,C,PG,"['PF', 'C', 'F', 'G/F', 'PF/C', 'F/C', 'UT', 'BE', 'IR']",166.0,True,MIA,OUT,True
20,7,Goat's,9,ybgcorp,4222252,Isaiah Hartenstein,C,PG,"['C', 'PF/C', 'F/C', 'UT', 'BE', 'IR']",21.0,True,OKC,ACTIVE,False
20,7,Goat's,9,ybgcorp,4395724,Immanuel Quickley,PG,PG,"['PG', 'SG', 'G', 'SG/SF', 'G/F', 'UT', 'BE', 'IR']",119.0,True,TOR,OUT,True
20,7,Goat's,9,ybgcorp,4278129,Deandre Ayton,C,PG,"['C', 'PF/C', 'F/C', 'UT', 'BE', 'IR']",95.0,True,LAL,ACTIVE,False
20,7,Goat's,9,ybgcorp,6450,Kawhi Leonard,SF,PG,"['SF', 'PF', 'F', 'SG/SF', 'G/F', 'PF/C', 'F/C', 'UT', 'BE', 'IR']",215.0,True,LAC,ACTIVE,False
20,7,Goat's,9,ybgcorp,4277847,Wendell Carter Jr.,C,PG,"['C', 'PF/C', 'F/C', 'UT', 'BE', 'IR']",112.0,True,ORL,ACTIVE,False
20,7,Goat's,9,ybgcorp,4845374,Bub Carrington,PG,PG,"['PG', 'SG', 'G', 'SG/SF', 'G/F', 'UT', 'BE', 'IR']",74.0,True,WAS,ACTIVE,False
20,7,Goat's,9,ybgcorp,3936299,Jamal Murray,PG,PG,"['PG', 'G', 'G/F', 'UT', 'BE', 'IR']",154.0,True,DEN,ACTIVE,False
20,7,Goat's,9,ybgcorp,4433083,Cam Spencer,SG,PG,"['PG', 'SG', 'G', 'SG/SF', 'G/F', 'UT', 'BE', 'IR']",90.0,True,MEM,OUT,True
20,7,Goat's,9,ybgcorp,4278585,Collin Gillespie,PG,PG,"['PG', 'G', 'G/F', 'UT', 'BE', 'IR']",75.0,True,PHO,ACTIVE,False
20,7,Goat's,9,ybgcorp,4278104,Michael Porter Jr.,SF,PG,"['SF', 'PF', 'F', 'SG/SF', 'G/F', 'PF/C', 'F/C', 'UT', 'BE', 'IR']",22.0,True,BKN,OUT,True
20,7,Goat's,9,ybgcorp,3032977,Giannis Antetokounmpo,PF,PG,"['PF', 'C', 'F', 'G/F', 'PF/C', 'F/C', 'UT', 'BE', 'IR']",125.0,True,MIL,OUT,True
21,8,Hawk Tuah Demure,6,Jeremy Lin fan club,3112335,Nikola Jokic,C,PG,"['C', 'PF/C', 'F/C', 'UT', 'BE', 'IR']",501.0,True,DEN,ACTIVE,False
21,8,Hawk Tuah Demure,6,Jeremy Lin fan club,5106060,Jarace Walker,PF,PG,"['PF', 'F', 'G/F', 'PF/C', 'F/C', 'UT', 'BE', 'IR']",158.0,True,IND,OUT,True
21,8,Hawk Tuah Demure,6,Jeremy Lin fan club,4871145,Josh Giddey,SG,PG,"['PG', 'SG', 'SF', 'G', 'F', 'SG/SF', 'G/F', 'F/C', 'UT', 'BE', 'IR']",316.0,True,CHI,OUT,True
21,8,Hawk Tuah Demure,6,Jeremy Lin fan club,4684740,Amen Thompson,SF,PG,"['SG', 'SF', 'PF', 'G', 'F', 'SG/SF', 'G/F', 'PF/C', 'F/C', 'UT', 'BE', 'IR']",346.0,True,HOU,ACTIVE,False
21,8,Hawk Tuah Demure,6,Jeremy Lin fan club,4066262,Malik Monk,SG,PG,"['PG', 'SG', 'SF', 'G', 'F', 'SG/SF', 'G/F', 'F/C', 'UT', 'BE', 'IR']",95.0,True,SAC,OUT,True
21,8,Hawk Tuah Demure,6,Jeremy Lin fan club,4397002,Ayo Dosunmu,SG,PG,"['SG', 'G', 'SG/SF', 'G/F', 'UT', 'BE', 'IR']",87.0,True,MIN,ACTIVE,False
21,8,Hawk Tuah Demure,6,Jeremy Lin fan club,4683021,Deni Avdija,SF,PG,"['SG', 'SF', 'PF', 'G', 'F', 'SG/SF', 'G/F', 'PF/C', 'F/C', 'UT', 'BE', 'IR']",275.0,True,POR,ACTIVE,False
21,8,Hawk Tuah Demure,6,Jeremy Lin fan club,4065778,Max Strus,SF,PG,"['SG', 'SF', 'G', 'F', 'SG/SF', 'G/F', 'F/C', 'UT', 'BE', 'IR']",18.0,True,CLE,ACTIVE,False
21,8,Hawk Tuah Demure,6,Jeremy Lin fan club,4997536,Gui Santos,SF,PG,"['SF', 'F', 'SG/SF', 'G/F', 'F/C', 'UT', 'BE', 'IR']",228.0,True,GSW,ACTIVE,False
21,8,Hawk Tuah Demure,6,Jeremy Lin fan club,5044385,Leonard Miller,SF,PG,"['SF', 'F', 'SG/SF', 'G/F', 'F/C', 'UT', 'BE', 'IR']",31.0,True,CHI,ACTIVE,False
21,8,Hawk Tuah Demure,6,Jeremy Lin fan club,4595400,Olivier-Maxence Prosper,PF,PG,"['PF', 'F', 'G/F', 'PF/C', 'F/C', 'UT', 'BE', 'IR']",43.0,True,MEM,ACTIVE,False
21,8,Hawk Tuah Demure,6,Jeremy Lin fan club,5107199,Daniss Jenkins,PG,PG,"['PG', 'G', 'G/F', 'UT', 'BE', 'IR']",211.0,True,DET,ACTIVE,False
21,8,Hawk Tuah Demure,6,Jeremy Lin fan club,3908809,Donovan Mitchell,SG,PG,"['PG', 'SG', 'G', 'SG/SF', 'G/F', 'UT', 'BE', 'IR']",195.0,True,CLE,ACTIVE,False
21,8,Hawk Tuah Demure,6,Jeremy Lin fan club,3134908,Jakob Poeltl,C,PG,"['C', 'PF/C', 'F/C', 'UT', 'BE', 'IR']",149.0,True,TOR,ACTIVE,False
21,8,Hawk Tuah Demure,6,Jeremy Lin fan club,4397140,Kevin Porter Jr.,SG,PG,"['PG', 'SG', 'G', 'SG/SF', 'G/F', 'UT', 'BE', 'IR']",56.0,True,MIL,OUT,True
21,8,Hawk Tuah Demure,6,Jeremy Lin fan club,3059318,Joel Embiid,C,PG,"['C', 'PF/C', 'F/C', 'UT', 'BE', 'IR']",44.0,True,PHL,ACTIVE,False
21,8,Hawk Tuah Demure,6,Jeremy Lin fan club,4251,Paul George,SF,PG,"['SF', 'PF', 'F', 'SG/SF', 'G/F', 'PF/C', 'F/C', 'UT', 'BE', 'IR']",127.0,True,PHL,ACTIVE,False
21,8,Hawk Tuah Demure,6,Jeremy Lin fan club,4431679,Precious Achiuwa,PF,PG,"['PF', 'C', 'F', 'G/F', 'PF/C', 'F/C', 'UT', 'BE', 'IR']",40.0,True,SAC,ACTIVE,False
21,8,Hawk Tuah Demure,6,Jeremy Lin fan club,4606840,Jamir Watkins,SG,PG,"['SG', 'SF', 'G', 'F', 'SG/SF', 'G/F', 'F/C', 'UT', 'BE', 'IR']",54.0,True,WAS,ACTIVE,False
21,8,Hawk Tuah Demure,6,Jeremy Lin fan club,4684793,Kyle Filipowski,PF,PG,"['PF', 'C', 'F', 'G/F', 'PF/C', 'F/C', 'UT', 'BE', 'IR']",78.0,True,UTA,OUT,True
21,8,Hawk Tuah Demure,6,Jeremy Lin fan club,3936099,Derrick Jones Jr.,SF,PG,"['SF', 'F', 'SG/SF', 'G/F', 'F/C', 'UT', 'BE', 'IR']",15.0,True,LAC,ACTIVE,False
21,6,Jeremy Lin fan club,8,Hawk Tuah Demure,4684806,Taylor Hendricks,PF,PG,"['PF', 'F', 'G/F', 'PF/C', 'F/C', 'UT', 'BE', 'IR']",58.0,True,MEM,OUT,True
21,6,Jeremy Lin fan club,8,Hawk Tuah Demure,4895758,Cody Williams,SG,PG,"['SG', 'G', 'SG/SF', 'G/F', 'UT', 'BE', 'IR']",87.0,True,UTA,ACTIVE,False
21,6,Jeremy Lin fan club,8,Hawk Tuah Demure,4433255,Chet Holmgren,C,PG,"['PF', 'C', 'F', 'G/F', 'PF/C', 'F/C', 'UT', 'BE', 'IR']",188.0,True,OKC,ACTIVE,False
21,6,Jeremy Lin fan club,8,Hawk Tuah Demure,4432646,Kennedy Chandler,PG,PG,"['PG', 'G', 'G/F', 'UT', 'BE', 'IR']",60.0,True,UTA,ACTIVE,False
21,6,Jeremy Lin fan club,8,Hawk Tuah Demure,4432165,Jalen Suggs,PG,PG,"['PG', 'SG', 'G', 'SG/SF', 'G/F', 'UT', 'BE', 'IR']",154.0,True,ORL,ACTIVE,False
21,6,Jeremy Lin fan club,8,Hawk Tuah Demure,4396971,Naz Reid,C,PG,"['PF', 'C', 'F', 'G/F', 'PF/C', 'F/C', 'UT', 'BE', 'IR']",84.0,True,MIN,ACTIVE,False
21,6,Jeremy Lin fan club,8,Hawk Tuah Demure,4702382,Tristan da Silva,SF,PG,"['SF', 'F', 'SG/SF', 'G/F', 'F/C', 'UT', 'BE', 'IR']",25.0,True,ORL,ACTIVE,False
21,6,Jeremy Lin fan club,8,Hawk Tuah Demure,4397449,Elijah Harkless,SG,PG,"['SG', 'G', 'SG/SF', 'G/F', 'UT', 'BE', 'IR']",19.0,True,UTA,OUT,True
21,6,Jeremy Lin fan club,8,Hawk Tuah Demure,5061575,Kon Knueppel,SG,PG,"['SG', 'G', 'SG/SF', 'G/F', 'UT', 'BE', 'IR']",202.0,True,CHA,ACTIVE,False
21,6,Jeremy Lin fan club,8,Hawk Tuah Demure,3136193,Devin Booker,PG,PG,"['PG', 'SG', 'G', 'SG/SF', 'G/F', 'UT', 'BE', 'IR']",266.0,True,PHO,ACTIVE,False
21,6,Jeremy Lin fan club,8,Hawk Tuah Demure,4395725,Tyler Herro,SG,PG,"['PG', 'SG', 'G', 'SG/SF', 'G/F', 'UT', 'BE', 'IR']",247.0,True,MIA,OUT,True
21,6,Jeremy Lin fan club,8,Hawk Tuah Demure,4683766,Isaiah Collier,PG,PG,"['PG', 'G', 'G/F', 'UT', 'BE', 'IR']",33.0,True,UTA,OUT,True
21,6,Jeremy Lin fan club,8,Hawk Tuah Demure,4432816,LaMelo Ball,PG,PG,"['PG', 'G', 'G/F', 'UT', 'BE', 'IR']",314.0,True,CHA,ACTIVE,False
21,6,Jeremy Lin fan club,8,Hawk Tuah Demure,4431767,Christian Braun,SG,PG,"['SG', 'SF', 'G', 'F', 'SG/SF', 'G/F', 'F/C', 'UT', 'BE', 'IR']",21.0,True,DEN,ACTIVE,False
21,6,Jeremy Lin fan club,8,Hawk Tuah Demure,4431671,Jaden McDaniels,SF,PG,"['SF', 'F', 'SG/SF', 'G/F', 'F/C', 'UT', 'BE', 'IR']",203.0,True,MIN,ACTIVE,False
21,6,Jeremy Lin fan club,8,Hawk Tuah Demure,4900671,Ajay Mitchell,PG,PG,"['PG', 'G', 'G/F', 'UT', 'BE', 'IR']",143.0,True,OKC,OUT,True
21,6,Jeremy Lin fan club,8,Hawk Tuah Demure,4709138,Brandin Podziemski,SG,PG,"['PG', 'SG', 'G', 'SG/SF', 'G/F', 'UT', 'BE', 'IR']",247.0,True,GSW,ACTIVE,False
21,6,Jeremy Lin fan club,8,Hawk Tuah Demure,3134903,Gary Payton II,SG,PG,"['SG', 'G', 'SG/SF', 'G/F', 'UT', 'BE', 'IR']",29.0,True,GSW,ACTIVE,False
21,6,Jeremy Lin fan club,8,Hawk Tuah Demure,3448,Brook Lopez,C,PG,"['C', 'PF/C', 'F/C', 'UT', 'BE', 'IR']",37.0,True,LAC,ACTIVE,False
21,6,Jeremy Lin fan club,8,Hawk Tuah Demure,3147657,Mikal Bridges,SF,PG,"['SG', 'SF', 'G', 'F', 'SG/SF', 'G/F', 'F/C', 'UT', 'BE', 'IR']",159.0,True,NYK,ACTIVE,False
21,6,Jeremy Lin fan club,8,Hawk Tuah Demure,3138196,Cameron Johnson,SF,PG,"['SF', 'PF', 'F', 'SG/SF', 'G/F', 'PF/C', 'F/C', 'UT', 'BE', 'IR']",92.0,True,DEN,ACTIVE,False
21,6,Jeremy Lin fan club,8,Hawk Tuah Demure,4431736,Toumani Camara,PF,PG,"['SF', 'PF', 'F', 'SG/SF', 'G/F', 'PF/C', 'F/C', 'UT', 'BE', 'IR']",265.0,True,POR,ACTIVE,False
21,1,YSK FC,7,Goat's,4395651,Coby White,PG,PG,"['PG', 'SG', 'G', 'SG/SF', 'G/F', 'UT', 'BE', 'IR']",199.0,True,CHA,ACTIVE,False
21,1,YSK FC,7,Goat's,4871144,Alperen Sengun,C,PG,"['C', 'PF/C', 'F/C', 'UT', 'BE', 'IR']",414.0,True,HOU,ACTIVE,False
21,1,YSK FC,7,Goat's,4278594,Naji Marshall,SF,PG,"['SF', 'PF', 'F', 'SG/SF', 'G/F', 'PF/C', 'F/C', 'UT', 'BE', 'IR']",201.0,True,DAL,OUT,True
21,1,YSK FC,7,Goat's,4432582,Max Christie,SG,PG,"['SG', 'G', 'SG/SF', 'G/F', 'UT', 'BE', 'IR']",51.0,True,DAL,ACTIVE,False
21,1,YSK FC,7,Goat's,4898371,Maxime Raynaud,C,PG,"['C', 'PF/C', 'F/C', 'UT', 'BE', 'IR', 'Rookie']",94.0,True,SAC,ACTIVE,False
21,1,YSK FC,7,Goat's,4433192,Tari Eason,SF,PG,"['SF', 'PF', 'F', 'SG/SF', 'G/F', 'PF/C', 'F/C', 'UT', 'BE', 'IR']",61.0,True,HOU,ACTIVE,False
21,1,YSK FC,7,Goat's,3468,Russell Westbrook,PG,PG,"['PG', 'G', 'G/F', 'UT', 'BE', 'IR']",54.0,True,SAC,OUT,True
21,1,YSK FC,7,Goat's,4066354,Payton Pritchard,PG,PG,"['PG', 'G', 'G/F', 'UT', 'BE', 'IR']",218.0,True,BOS,ACTIVE,False
21,1,YSK FC,7,Goat's,4278067,Nic Claxton,C,PG,"['C', 'PF/C', 'F/C', 'UT', 'BE', 'IR']",137.0,True,BKN,OUT,True
21,1,YSK FC,7,Goat's,4432848,Jaime Jaquez Jr.,SF,PG,"['SG', 'SF', 'G', 'F', 'SG/SF', 'G/F', 'F/C', 'UT', 'BE', 'IR']",125.0,True,MIA,ACTIVE,False
21,1,YSK FC,7,Goat's,4702384,Nique Clifford,SG,PG,"['SG', 'G', 'SG/SF', 'G/F', 'UT', 'BE', 'IR']",22.0,True,SAC,ACTIVE,False
21,1,YSK FC,7,Goat's,3134903,Gary Payton II,SG,PG,"['SG', 'G', 'SG/SF', 'G/F', 'UT', 'BE', 'IR']",29.0,True,GSW,ACTIVE,False
21,1,YSK FC,7,Goat's,4278073,Shai Gilgeous-Alexander,PG,PG,"['PG', 'G', 'G/F', 'UT', 'BE', 'IR']",352.0,True,OKC,ACTIVE,False
21,1,YSK FC,7,Goat's,3059319,Andrew Wiggins,SF,PG,"['SF', 'PF', 'F', 'SG/SF', 'G/F', 'PF/C', 'F/C', 'UT', 'BE', 'IR']",64.0,True,MIA,ACTIVE,False
21,1,YSK FC,7,Goat's,4397688,Trey Murphy III,SF,PG,"['SG', 'SF', 'G', 'F', 'SG/SF', 'G/F', 'F/C', 'UT', 'BE', 'IR']",195.0,True,NOP,OUT,True
21,1,YSK FC,7,Goat's,4431679,Precious Achiuwa,PF,PG,"['PF', 'C', 'F', 'G/F', 'PF/C', 'F/C', 'UT', 'BE', 'IR']",56.0,True,SAC,ACTIVE,False
21,1,YSK FC,7,Goat's,4684793,Kyle Filipowski,PF,PG,"['PF', 'C', 'F', 'G/F', 'PF/C', 'F/C', 'UT', 'BE', 'IR']",100.0,True,UTA,OUT,True
21,1,YSK FC,7,Goat's,3078576,Derrick White,SG,PG,"['PG', 'SG', 'G', 'SG/SF', 'G/F', 'UT', 'BE', 'IR']",142.0,True,BOS,ACTIVE,False
21,1,YSK FC,7,Goat's,4432573,Paolo Banchero,PF,PG,"['SF', 'PF', 'F', 'SG/SF', 'G/F', 'PF/C', 'F/C', 'UT', 'BE', 'IR']",305.0,True,ORL,ACTIVE,False
21,7,Goat's,1,YSK FC,3202,Kevin Durant,PF,PG,"['SF', 'PF', 'F', 'SG/SF', 'G/F', 'PF/C', 'F/C', 'UT', 'BE', 'IR']",292.0,True,HOU,OUT,True
21,7,Goat's,1,YSK FC,4683692,Cason Wallace,SG,PG,"['SG', 'G', 'SG/SF', 'G/F', 'UT', 'BE', 'IR']",167.0,True,OKC,ACTIVE,False
21,7,Goat's,1,YSK FC,4066261,Bam Adebayo,C,PG,"['PF', 'C', 'F', 'G/F', 'PF/C', 'F/C', 'UT', 'BE', 'IR']",245.0,True,MIA,OUT,True
21,7,Goat's,1,YSK FC,4222252,Isaiah Hartenstein,C,PG,"['C', 'PF/C', 'F/C', 'UT', 'BE', 'IR']",187.0,True,OKC,ACTIVE,False
21,7,Goat's,1,YSK FC,4395724,Immanuel Quickley,PG,PG,"['PG', 'SG', 'G', 'SG/SF', 'G/F', 'UT', 'BE', 'IR']",104.0,True,TOR,OUT,True
21,7,Goat's,1,YSK FC,4278129,Deandre Ayton,C,PG,"['C', 'PF/C', 'F/C', 'UT', 'BE', 'IR']",118.0,True,LAL,ACTIVE,False
21,7,Goat's,1,YSK FC,6450,Kawhi Leonard,SF,PG,"['SF', 'PF', 'F', 'SG/SF', 'G/F', 'PF/C', 'F/C', 'UT', 'BE', 'IR']",288.0,True,LAC,ACTIVE,False
21,7,Goat's,1,YSK FC,5104155,Bilal Coulibaly,SF,PG,"['SG', 'SF', 'G', 'F', 'SG/SF', 'G/F', 'F/C', 'UT', 'BE', 'IR']",96.0,True,WAS,OUT,True
21,7,Goat's,1,YSK FC,4277847,Wendell Carter Jr.,C,PG,"['C', 'PF/C', 'F/C', 'UT', 'BE', 'IR']",169.0,True,ORL,ACTIVE,False
21,7,Goat's,1,YSK FC,4845374,Bub Carrington,PG,PG,"['PG', 'SG', 'G', 'SG/SF', 'G/F', 'UT', 'BE', 'IR']",194.0,True,WAS,ACTIVE,False
21,7,Goat's,1,YSK FC,3936299,Jamal Murray,PG,PG,"['PG', 'G', 'G/F', 'UT', 'BE', 'IR']",391.0,True,DEN,ACTIVE,False
21,7,Goat's,1,YSK FC,4433083,Cam Spencer,SG,PG,"['PG', 'SG', 'G', 'SG/SF', 'G/F', 'UT', 'BE', 'IR']",138.0,True,MEM,OUT,True
21,7,Goat's,1,YSK FC,4278585,Collin Gillespie,PG,PG,"['PG', 'G', 'G/F', 'UT', 'BE', 'IR']",194.0,True,PHO,ACTIVE,False
21,9,ybgcorp,3,Kat's Kittens,3133628,Myles Turner,C,PG,"['C', 'PF/C', 'F/C', 'UT', 'BE', 'IR']",67.0,True,MIL,OUT,True
21,9,ybgcorp,3,Kat's Kittens,4869342,Dyson Daniels,SG,PG,"['PG', 'SG', 'G', 'SG/SF', 'G/F', 'UT', 'BE', 'IR']",266.0,True,ATL,ACTIVE,False
21,9,ybgcorp,3,Kat's Kittens,4433287,Brandon Miller,SF,PG,"['SG', 'SF', 'G', 'F', 'SG/SF', 'G/F', 'F/C', 'UT', 'BE', 'IR']",241.0,True,CHA,OUT,True
21,9,ybgcorp,3,Kat's Kittens,4711297,Justin Edwards,SF,PG,"['SF', 'F', 'SG/SF', 'G/F', 'F/C', 'UT', 'BE', 'IR']",116.0,True,PHL,ACTIVE,False
21,9,ybgcorp,3,Kat's Kittens,4278039,Nickeil Alexander-Walker,SG,PG,"['SG', 'G', 'SG/SF', 'G/F', 'UT', 'BE', 'IR']",366.0,True,ATL,ACTIVE,False
21,9,ybgcorp,3,Kat's Kittens,4066457,Austin Reaves,SG,PG,"['PG', 'SG', 'SF', 'G', 'F', 'SG/SF', 'G/F', 'F/C', 'UT', 'BE', 'IR']",272.0,True,LAL,ACTIVE,False
21,9,ybgcorp,3,Kat's Kittens,3064230,Cameron Payne,PG,PG,"['PG', 'SG', 'G', 'SG/SF', 'G/F', 'UT', 'BE', 'IR']",45.0,True,FA,OUT,True
21,9,ybgcorp,3,Kat's Kittens,4701230,Jalen Johnson,PF,PG,"['PF', 'F', 'G/F', 'PF/C', 'F/C', 'UT', 'BE', 'IR']",284.0,True,ATL,ACTIVE,False
21,9,ybgcorp,3,Kat's Kittens,4065733,Ty Jerome,PG,PG,"['PG', 'G', 'G/F', 'UT', 'BE', 'IR']",118.0,True,MEM,OUT,True
21,9,ybgcorp,3,Kat's Kittens,4591725,Ryan Rollins,SG,PG,"['PG', 'SG', 'G', 'SG/SF', 'G/F', 'UT', 'BE', 'IR']",208.0,True,MIL,OUT,True
21,9,ybgcorp,3,Kat's Kittens,1966,LeBron James,SF,PG,"['SF', 'PF', 'F', 'SG/SF', 'G/F', 'PF/C', 'F/C', 'UT', 'BE', 'IR']",302.0,True,LAL,ACTIVE,False
21,9,ybgcorp,3,Kat's Kittens,4437244,Jalen Green,SG,PG,"['SG', 'G', 'SG/SF', 'G/F', 'UT', 'BE', 'IR']",153.0,True,PHO,ACTIVE,False
21,3,Kat's Kittens,9,ybgcorp,5105839,Brice Sensabaugh,SF,PG,"['SF', 'F', 'SG/SF', 'G/F', 'F/C', 'UT', 'BE', 'IR']",106.0,True,UTA,ACTIVE,False
21,3,Kat's Kittens,9,ybgcorp,4431680,Onyeka Okongwu,C,PG,"['C', 'PF/C', 'F/C', 'UT', 'BE', 'IR']",72.0,True,ATL,ACTIVE,False
21,3,Kat's Kittens,9,ybgcorp,4395625,RJ Barrett,SF,PG,"['SG', 'SF', 'PF', 'G', 'F', 'SG/SF', 'G/F', 'PF/C', 'F/C', 'UT', 'BE', 'IR']",140.0,True,TOR,ACTIVE,False
21,3,Kat's Kittens,9,ybgcorp,3064514,Julius Randle,PF,PG,"['PF', 'F', 'G/F', 'PF/C', 'F/C', 'UT', 'BE', 'IR']",173.0,True,MIN,ACTIVE,False
21,3,Kat's Kittens,9,ybgcorp,3136195,Karl-Anthony Towns,C,PG,"['PF', 'C', 'F', 'G/F', 'PF/C', 'F/C', 'UT', 'BE', 'IR']",49.0,True,NYK,ACTIVE,False
21,3,Kat's Kittens,9,ybgcorp,3934673,Donte DiVincenzo,SG,PG,"['PG', 'SG', 'G', 'SG/SF', 'G/F', 'UT', 'BE', 'IR']",100.0,True,MIN,OUT,True
21,3,Kat's Kittens,9,ybgcorp,4432823,Jaylin Williams,C,PG,"['C', 'PF/C', 'F/C', 'UT', 'BE', 'IR']",96.0,True,OKC,ACTIVE,False
21,3,Kat's Kittens,9,ybgcorp,3134907,Kyle Kuzma,PF,PG,"['SF', 'PF', 'F', 'SG/SF', 'G/F', 'PF/C', 'F/C', 'UT', 'BE', 'IR']",50.0,True,MIL,OUT,True
21,3,Kat's Kittens,9,ybgcorp,4397014,Quentin Grimes,SG,PG,"['SG', 'G', 'SG/SF', 'G/F', 'UT', 'BE', 'IR']",62.0,True,PHL,ACTIVE,False
21,3,Kat's Kittens,9,ybgcorp,4433621,Jalen Duren,C,PG,"['C', 'PF/C', 'F/C', 'UT', 'BE', 'IR']",93.0,True,DET,ACTIVE,False
21,3,Kat's Kittens,9,ybgcorp,4601023,Oso Ighodaro,PF,PG,"['PF', 'F', 'G/F', 'PF/C', 'F/C', 'UT', 'BE', 'IR']",89.0,True,PHO,ACTIVE,False
21,3,Kat's Kittens,9,ybgcorp,3062679,Josh Hart,SF,PG,"['SG', 'SF', 'G', 'F', 'SG/SF', 'G/F', 'F/C', 'UT', 'BE', 'IR']",69.0,True,NYK,ACTIVE,False
21,3,Kat's Kittens,9,ybgcorp,4845367,Stephon Castle,PG,PG,"['PG', 'SG', 'G', 'SG/SF', 'G/F', 'UT', 'BE', 'IR']",147.0,True,SAS,ACTIVE,False
21,2,Phantom Troupe,4,SKAVALASSKKYYYY,4684742,Ausar Thompson,SF,PG,"['SF', 'PF', 'F', 'SG/SF', 'G/F', 'PF/C', 'F/C', 'UT', 'BE', 'IR']",219.0,True,DET,ACTIVE,False
21,2,Phantom Troupe,4,SKAVALASSKKYYYY,3913176,Brandon Ingram,SF,PG,"['SF', 'F', 'SG/SF', 'G/F', 'F/C', 'UT', 'BE', 'IR']",122.0,True,TOR,OUT,True
21,2,Phantom Troupe,4,SKAVALASSKKYYYY,5037871,Dylan Harper,PG,PG,"['PG', 'SG', 'G', 'SG/SF', 'G/F', 'UT', 'BE', 'IR']",192.0,True,SAS,ACTIVE,False
21,2,Phantom Troupe,4,SKAVALASSKKYYYY,3934719,OG Anunoby,SF,PG,"['SF', 'PF', 'F', 'SG/SF', 'G/F', 'PF/C', 'F/C', 'UT', 'BE', 'IR']",182.0,True,NYK,ACTIVE,False
21,2,Phantom Troupe,4,SKAVALASSKKYYYY,4432166,Cade Cunningham,PG,PG,"['PG', 'SG', 'G', 'SG/SF', 'G/F', 'UT', 'BE', 'IR']",11.0,True,DET,ACTIVE,False
21,2,Phantom Troupe,4,SKAVALASSKKYYYY,4395626,Tre Jones,PG,PG,"['PG', 'G', 'G/F', 'UT', 'BE', 'IR']",259.0,True,CHI,ACTIVE,False
21,2,Phantom Troupe,4,SKAVALASSKKYYYY,5124612,VJ Edgecombe,SG,PG,"['SG', 'G', 'SG/SF', 'G/F', 'UT', 'BE', 'IR']",272.0,True,PHL,ACTIVE,False
21,2,Phantom Troupe,4,SKAVALASSKKYYYY,3978,DeMar DeRozan,SF,PG,"['SF', 'PF', 'F', 'SG/SF', 'G/F', 'PF/C', 'F/C', 'UT', 'BE', 'IR']",149.0,True,SAC,OUT,True
21,2,Phantom Troupe,4,SKAVALASSKKYYYY,4065648,Jayson Tatum,PF,PG,"['SF', 'PF', 'F', 'SG/SF', 'G/F', 'PF/C', 'F/C', 'UT', 'BE', 'IR']",264.0,True,BOS,OUT,True
21,2,Phantom Troupe,4,SKAVALASSKKYYYY,4066320,Desmond Bane,SG,PG,"['SG', 'SF', 'G', 'F', 'SG/SF', 'G/F', 'F/C', 'UT', 'BE', 'IR']",249.0,True,ORL,ACTIVE,False
21,2,Phantom Troupe,4,SKAVALASSKKYYYY,4395628,Zion Williamson,PF,PG,"['PF', 'F', 'G/F', 'PF/C', 'F/C', 'UT', 'BE', 'IR']",288.0,True,NOP,OUT,True
21,2,Phantom Troupe,4,SKAVALASSKKYYYY,4017837,Ivica Zubac,C,PG,"['C', 'PF/C', 'F/C', 'UT', 'BE', 'IR']",61.0,True,IND,OUT,True
21,2,Phantom Troupe,4,SKAVALASSKKYYYY,4277811,Collin Sexton,SG,PG,"['PG', 'SG', 'G', 'SG/SF', 'G/F', 'UT', 'BE', 'IR']",154.0,True,CHI,ACTIVE,False
21,2,Phantom Troupe,4,SKAVALASSKKYYYY,4683634,Bennedict Mathurin,SF,PG,"['SG', 'SF', 'G', 'F', 'SG/SF', 'G/F', 'F/C', 'UT', 'BE', 'IR']",69.0,True,LAC,ACTIVE,False
21,2,Phantom Troupe,4,SKAVALASSKKYYYY,4432639,Jabari Smith Jr.,PF,PG,"['PF', 'C', 'F', 'G/F', 'PF/C', 'F/C', 'UT', 'BE', 'IR']",249.0,True,HOU,ACTIVE,False
21,4,SKAVALASSKKYYYY,2,Phantom Troupe,2490149,CJ McCollum,SG,PG,"['PG', 'SG', 'G', 'SG/SF', 'G/F', 'UT', 'BE', 'IR']",284.0,True,ATL,ACTIVE,False
21,4,SKAVALASSKKYYYY,2,Phantom Troupe,4278053,Davion Mitchell,PG,PG,"['PG', 'G', 'G/F', 'UT', 'BE', 'IR']",175.0,True,MIA,ACTIVE,False
21,4,SKAVALASSKKYYYY,2,Phantom Troupe,3945274,Luka Doncic,PG,PG,"['PG', 'G', 'G/F', 'UT', 'BE', 'IR']",461.0,True,LAL,OUT,True
21,4,SKAVALASSKKYYYY,2,Phantom Troupe,4395723,Keldon Johnson,SF,PG,"['SF', 'PF', 'F', 'SG/SF', 'G/F', 'PF/C', 'F/C', 'UT', 'BE', 'IR']",153.0,True,SAS,ACTIVE,False
21,4,SKAVALASSKKYYYY,2,Phantom Troupe,3064290,Aaron Gordon,PF,PG,"['PF', 'F', 'G/F', 'PF/C', 'F/C', 'UT', 'BE', 'IR']",131.0,True,DEN,OUT,True
21,4,SKAVALASSKKYYYY,2,Phantom Troupe,3102531,Kristaps Porzingis,C,PG,"['PF', 'C', 'F', 'G/F', 'PF/C', 'F/C', 'UT', 'BE', 'IR']",234.0,True,GSW,ACTIVE,False
21,4,SKAVALASSKKYYYY,2,Phantom Troupe,5105565,Donovan Clingan,C,PG,"['C', 'PF/C', 'F/C', 'UT', 'BE', 'IR']",318.0,True,POR,ACTIVE,False
21,4,SKAVALASSKKYYYY,2,Phantom Troupe,4397136,Saddiq Bey,SF,PG,"['SF', 'PF', 'F', 'SG/SF', 'G/F', 'PF/C', 'F/C', 'UT', 'BE', 'IR']",280.0,True,NOP,ACTIVE,False
21,4,SKAVALASSKKYYYY,2,Phantom Troupe,4873138,Ace Bailey,SF,PG,"['SF', 'PF', 'F', 'SG/SF', 'G/F', 'PF/C', 'F/C', 'UT', 'BE', 'IR']",231.0,True,UTA,ACTIVE,False
21,4,SKAVALASSKKYYYY,2,Phantom Troupe,3992,James Harden,PG,PG,"['PG', 'SG', 'G', 'SG/SF', 'G/F', 'UT', 'BE', 'IR']",311.0,True,CLE,ACTIVE,False
21,4,SKAVALASSKKYYYY,2,Phantom Troupe,3917376,Jaylen Brown,SF,PG,"['SG', 'SF', 'G', 'F', 'SG/SF', 'G/F', 'F/C', 'UT', 'BE', 'IR']",237.0,True,BOS,ACTIVE,False
21,4,SKAVALASSKKYYYY,2,Phantom Troupe,3032976,Rudy Gobert,C,PG,"['C', 'PF/C', 'F/C', 'UT', 'BE', 'IR']",255.0,True,MIN,ACTIVE,False
21,4,SKAVALASSKKYYYY,2,Phantom Troupe,5041939,Cooper Flagg,SF,PG,"['PG', 'SF', 'PF', 'G', 'F', 'SG/SF', 'G/F', 'PF/C', 'F/C', 'UT', 'BE', 'IR']",289.0,True,DAL,OUT,True
21,10,Van Der Linde Gang,5,Poole Party,5104157,Victor Wembanyama,C,PG,"['C', 'PF/C', 'F/C', 'UT', 'BE', 'IR']",398.0,True,SAS,ACTIVE,False
21,10,Van Der Linde Gang,5,Poole Party,4066383,Miles Bridges,SF,PG,"['SF', 'PF', 'F', 'SG/SF', 'G/F', 'PF/C', 'F/C', 'UT', 'BE', 'IR']",158.0,True,CHA,ACTIVE,False
21,10,Van Der Linde Gang,5,Poole Party,4397424,Neemias Queta,C,PG,"['C', 'PF/C', 'F/C', 'UT', 'BE', 'IR']",194.0,True,BOS,ACTIVE,False
21,10,Van Der Linde Gang,5,Poole Party,4396907,Darius Garland,PG,PG,"['PG', 'G', 'G/F', 'UT', 'BE', 'IR']",312.0,True,LAC,ACTIVE,False
21,10,Van Der Linde Gang,5,Poole Party,4903027,Cedric Coward,SF,PG,"['SG', 'SF', 'G', 'F', 'SG/SF', 'G/F', 'F/C', 'UT', 'BE', 'IR']",151.0,True,MEM,OUT,True
21,10,Van Der Linde Gang,5,Poole Party,3135045,Grayson Allen,SG,PG,"['PG', 'SG', 'G', 'SG/SF', 'G/F', 'UT', 'BE', 'IR']",90.0,True,PHO,ACTIVE,False
21,10,Van Der Linde Gang,5,Poole Party,5105623,Kel'el Ware,C,PG,"['C', 'PF/C', 'F/C', 'UT', 'BE', 'IR']",149.0,True,MIA,ACTIVE,False
21,10,Van Der Linde Gang,5,Poole Party,2595516,Norman Powell,SG,PG,"['SG', 'SF', 'G', 'F', 'SG/SF', 'G/F', 'F/C', 'UT', 'BE', 'IR']",149.0,True,MIA,ACTIVE,False
21,10,Van Der Linde Gang,5,Poole Party,3934672,Jalen Brunson,PG,PG,"['PG', 'G', 'G/F', 'UT', 'BE', 'IR']",209.0,True,NYK,ACTIVE,False
21,10,Van Der Linde Gang,5,Poole Party,4433134,Scottie Barnes,SF,PG,"['SG', 'SF', 'PF', 'G', 'F', 'SG/SF', 'G/F', 'PF/C', 'F/C', 'UT', 'BE', 'IR']",364.0,True,TOR,ACTIVE,False
21,10,Van Der Linde Gang,5,Poole Party,4869780,Derik Queen,C,PG,"['C', 'PF/C', 'F/C', 'UT', 'BE', 'IR', 'Rookie']",15.0,True,NOP,ACTIVE,False
21,10,Van Der Linde Gang,5,Poole Party,4711272,Reed Sheppard,SG,PG,"['PG', 'SG', 'G', 'SG/SF', 'G/F', 'UT', 'BE', 'IR']",278.0,True,HOU,ACTIVE,False
21,5,Poole Party,10,Van Der Linde Gang,4395712,Andrew Nembhard,PG,PG,"['PG', 'SG', 'G', 'SG/SF', 'G/F', 'UT', 'BE', 'IR']",211.0,True,IND,OUT,True
21,5,Poole Party,10,Van Der Linde Gang,3064482,Bobby Portis,PF,PG,"['PF', 'F', 'G/F', 'PF/C', 'F/C', 'UT', 'BE', 'IR']",81.0,True,MIL,OUT,True
21,5,Poole Party,10,Van Der Linde Gang,4395630,Devin Vassell,SG,PG,"['SG', 'SF', 'G', 'F', 'SG/SF', 'G/F', 'F/C', 'UT', 'BE', 'IR']",163.0,True,SAS,ACTIVE,False
21,5,Poole Party,10,Van Der Linde Gang,4066259,De'Aaron Fox,PG,PG,"['PG', 'G', 'G/F', 'UT', 'BE', 'IR']",189.0,True,SAS,ACTIVE,False
21,5,Poole Party,10,Van Der Linde Gang,4593803,Jalen Williams,PF,PG,"['SF', 'PF', 'C', 'F', 'SG/SF', 'G/F', 'PF/C', 'F/C', 'UT', 'BE', 'IR']",109.0,True,OKC,OUT,True
21,5,Poole Party,10,Van Der Linde Gang,5160992,Alex Sarr,C,PG,"['C', 'PF/C', 'F/C', 'UT', 'BE', 'IR']",61.0,True,WAS,OUT,True
21,5,Poole Party,10,Van Der Linde Gang,3907497,Dejounte Murray,SG,PG,"['PG', 'SG', 'G', 'SG/SF', 'G/F', 'UT', 'BE', 'IR']",168.0,True,NOP,OUT,True
21,5,Poole Party,10,Van Der Linde Gang,5144091,Jeremiah Fears,SG,PG,"['PG', 'SG', 'G', 'SG/SF', 'G/F', 'UT', 'BE', 'IR']",41.0,True,NOP,ACTIVE,False
21,5,Poole Party,10,Van Der Linde Gang,4711294,Matas Buzelis,SF,PG,"['SF', 'PF', 'F', 'SG/SF', 'G/F', 'PF/C', 'F/C', 'UT', 'BE', 'IR']",207.0,True,CHI,OUT,True
21,5,Poole Party,10,Van Der Linde Gang,3149673,Pascal Siakam,PF,PG,"['PF', 'F', 'G/F', 'PF/C', 'F/C', 'UT', 'BE', 'IR']",164.0,True,IND,OUT,True
21,5,Poole Party,10,Van Der Linde Gang,3995,Jrue Holiday,PG,PG,"['PG', 'SG', 'G', 'SG/SF', 'G/F', 'UT', 'BE', 'IR']",216.0,True,POR,ACTIVE,False
21,5,Poole Party,10,Van Der Linde Gang,4432158,Evan Mobley,PF,PG,"['PF', 'C', 'F', 'G/F', 'PF/C', 'F/C', 'UT', 'BE', 'IR']",259.0,True,CLE,ACTIVE,False
21,5,Poole Party,10,Van Der Linde Gang,4278078,P.J. Washington,PF,PG,"['SF', 'PF', 'F', 'SG/SF', 'G/F', 'PF/C', 'F/C', 'UT', 'BE', 'IR']",183.0,True,DAL,OUT,True
22,8,Hawk Tuah Demure,1,YSK FC,3112335,Nikola Jokic,C,PG,"['C', 'PF/C', 'F/C', 'UT', 'BE', 'IR']",316.0,True,DEN,ACTIVE,False
22,8,Hawk Tuah Demure,1,YSK FC,4684740,Amen Thompson,SF,PG,"['SG', 'SF', 'PF', 'G', 'F', 'SG/SF', 'G/F', 'PF/C', 'F/C', 'UT', 'BE', 'IR']",344.0,True,HOU,ACTIVE,False
22,8,Hawk Tuah Demure,1,YSK FC,4871145,Josh Giddey,SG,PG,"['PG', 'SG', 'SF', 'G', 'F', 'SG/SF', 'G/F', 'F/C', 'UT', 'BE', 'IR']",51.0,True,CHI,OUT,True
22,8,Hawk Tuah Demure,1,YSK FC,4895758,Cody Williams,SG,PG,"['SG', 'G', 'SG/SF', 'G/F', 'UT', 'BE', 'IR']",168.0,True,UTA,ACTIVE,False
22,8,Hawk Tuah Demure,1,YSK FC,4066262,Malik Monk,SG,PG,"['PG', 'SG', 'SF', 'G', 'F', 'SG/SF', 'G/F', 'F/C', 'UT', 'BE', 'IR']",36.0,True,SAC,OUT,True
22,8,Hawk Tuah Demure,1,YSK FC,4397002,Ayo Dosunmu,SG,PG,"['SG', 'G', 'SG/SF', 'G/F', 'UT', 'BE', 'IR']",222.0,True,MIN,ACTIVE,False
22,8,Hawk Tuah Demure,1,YSK FC,4683021,Deni Avdija,SF,PG,"['SG', 'SF', 'PF', 'G', 'F', 'SG/SF', 'G/F', 'PF/C', 'F/C', 'UT', 'BE', 'IR']",281.0,True,POR,ACTIVE,False
22,8,Hawk Tuah Demure,1,YSK FC,4431752,Kobe Brown,PF,PG,"['PF', 'F', 'G/F', 'PF/C', 'F/C', 'UT', 'BE', 'IR']",61.0,True,IND,ACTIVE,False
22,8,Hawk Tuah Demure,1,YSK FC,4997536,Gui Santos,SF,PG,"['SF', 'F', 'SG/SF', 'G/F', 'F/C', 'UT', 'BE', 'IR']",78.0,True,GSW,ACTIVE,False
22,8,Hawk Tuah Demure,1,YSK FC,5107199,Daniss Jenkins,PG,PG,"['PG', 'G', 'G/F', 'UT', 'BE', 'IR']",230.0,True,DET,ACTIVE,False
22,8,Hawk Tuah Demure,1,YSK FC,3908809,Donovan Mitchell,SG,PG,"['PG', 'SG', 'G', 'SG/SF', 'G/F', 'UT', 'BE', 'IR']",224.0,True,CLE,ACTIVE,False
22,8,Hawk Tuah Demure,1,YSK FC,3134908,Jakob Poeltl,C,PG,"['C', 'PF/C', 'F/C', 'UT', 'BE', 'IR']",199.0,True,TOR,ACTIVE,False
22,8,Hawk Tuah Demure,1,YSK FC,4431671,Jaden McDaniels,SF,PG,"['SF', 'F', 'SG/SF', 'G/F', 'F/C', 'UT', 'BE', 'IR']",64.0,True,MIN,ACTIVE,False
22,8,Hawk Tuah Demure,1,YSK FC,5144091,Jeremiah Fears,SG,PG,"['PG', 'SG', 'G', 'SG/SF', 'G/F', 'UT', 'BE', 'IR']",115.0,True,NOP,ACTIVE,False
22,8,Hawk Tuah Demure,1,YSK FC,3059318,Joel Embiid,C,PG,"['C', 'PF/C', 'F/C', 'UT', 'BE', 'IR']",136.0,True,PHL,ACTIVE,False
22,8,Hawk Tuah Demure,1,YSK FC,4251,Paul George,SF,PG,"['SF', 'PF', 'F', 'SG/SF', 'G/F', 'PF/C', 'F/C', 'UT', 'BE', 'IR']",282.0,True,PHL,ACTIVE,False
22,1,YSK FC,8,Hawk Tuah Demure,4395651,Coby White,PG,PG,"['PG', 'SG', 'G', 'SG/SF', 'G/F', 'UT', 'BE', 'IR']",64.0,True,CHA,ACTIVE,False
22,1,YSK FC,8,Hawk Tuah Demure,4871144,Alperen Sengun,C,PG,"['C', 'PF/C', 'F/C', 'UT', 'BE', 'IR']",268.0,True,HOU,ACTIVE,False
22,1,YSK FC,8,Hawk Tuah Demure,4278594,Naji Marshall,SF,PG,"['SF', 'PF', 'F', 'SG/SF', 'G/F', 'PF/C', 'F/C', 'UT', 'BE', 'IR']",16.0,True,DAL,OUT,True
22,1,YSK FC,8,Hawk Tuah Demure,3133603,Kelly Oubre Jr.,SF,PG,"['SG', 'SF', 'G', 'F', 'SG/SF', 'G/F', 'F/C', 'UT', 'BE', 'IR']",210.0,True,PHL,ACTIVE,False
22,1,YSK FC,8,Hawk Tuah Demure,4066354,Payton Pritchard,PG,PG,"['PG', 'G', 'G/F', 'UT', 'BE', 'IR']",232.0,True,BOS,ACTIVE,False
22,1,YSK FC,8,Hawk Tuah Demure,4278067,Nic Claxton,C,PG,"['C', 'PF/C', 'F/C', 'UT', 'BE', 'IR']",32.0,True,BKN,OUT,True
22,1,YSK FC,8,Hawk Tuah Demure,4432848,Jaime Jaquez Jr.,SF,PG,"['SG', 'SF', 'G', 'F', 'SG/SF', 'G/F', 'F/C', 'UT', 'BE', 'IR']",235.0,True,MIA,ACTIVE,False
22,1,YSK FC,8,Hawk Tuah Demure,4278073,Shai Gilgeous-Alexander,PG,PG,"['PG', 'G', 'G/F', 'UT', 'BE', 'IR']",247.0,True,OKC,ACTIVE,False
22,1,YSK FC,8,Hawk Tuah Demure,3059319,Andrew Wiggins,SF,PG,"['SF', 'PF', 'F', 'SG/SF', 'G/F', 'PF/C', 'F/C', 'UT', 'BE', 'IR']",181.0,True,MIA,ACTIVE,False
22,1,YSK FC,8,Hawk Tuah Demure,4397688,Trey Murphy III,SF,PG,"['SG', 'SF', 'G', 'F', 'SG/SF', 'G/F', 'F/C', 'UT', 'BE', 'IR']",29.0,True,NOP,OUT,True
22,1,YSK FC,8,Hawk Tuah Demure,4431679,Precious Achiuwa,PF,PG,"['PF', 'C', 'F', 'G/F', 'PF/C', 'F/C', 'UT', 'BE', 'IR']",54.0,True,SAC,ACTIVE,False
22,1,YSK FC,8,Hawk Tuah Demure,4432573,Paolo Banchero,PF,PG,"['SF', 'PF', 'F', 'SG/SF', 'G/F', 'PF/C', 'F/C', 'UT', 'BE', 'IR']",281.0,True,ORL,ACTIVE,False
22,1,YSK FC,8,Hawk Tuah Demure,4684793,Kyle Filipowski,PF,PG,"['PF', 'C', 'F', 'G/F', 'PF/C', 'F/C', 'UT', 'BE', 'IR']",140.0,True,UTA,OUT,True
22,1,YSK FC,8,Hawk Tuah Demure,3078576,Derrick White,SG,PG,"['PG', 'SG', 'G', 'SG/SF', 'G/F', 'UT', 'BE', 'IR']",174.0,True,BOS,ACTIVE,False
22,7,Goat's,6,Jeremy Lin fan club,4278129,Deandre Ayton,C,PG,"['C', 'PF/C', 'F/C', 'UT', 'BE', 'IR']",228.0,True,LAL,ACTIVE,False
22,7,Goat's,6,Jeremy Lin fan club,6450,Kawhi Leonard,SF,PG,"['SF', 'PF', 'F', 'SG/SF', 'G/F', 'PF/C', 'F/C', 'UT', 'BE', 'IR']",255.0,True,LAC,ACTIVE,False
22,7,Goat's,6,Jeremy Lin fan club,3202,Kevin Durant,PF,PG,"['SF', 'PF', 'F', 'SG/SF', 'G/F', 'PF/C', 'F/C', 'UT', 'BE', 'IR']",354.0,True,HOU,OUT,True
22,7,Goat's,6,Jeremy Lin fan club,5104155,Bilal Coulibaly,SF,PG,"['SG', 'SF', 'G', 'F', 'SG/SF', 'G/F', 'F/C', 'UT', 'BE', 'IR']",131.0,True,WAS,OUT,True
22,7,Goat's,6,Jeremy Lin fan club,4277847,Wendell Carter Jr.,C,PG,"['C', 'PF/C', 'F/C', 'UT', 'BE', 'IR']",180.0,True,ORL,ACTIVE,False
22,7,Goat's,6,Jeremy Lin fan club,3936299,Jamal Murray,PG,PG,"['PG', 'G', 'G/F', 'UT', 'BE', 'IR']",195.0,True,DEN,ACTIVE,False
22,7,Goat's,6,Jeremy Lin fan club,4845374,Bub Carrington,PG,PG,"['PG', 'SG', 'G', 'SG/SF', 'G/F', 'UT', 'BE', 'IR']",107.0,True,WAS,ACTIVE,False
22,7,Goat's,6,Jeremy Lin fan club,4433083,Cam Spencer,SG,PG,"['PG', 'SG', 'G', 'SG/SF', 'G/F', 'UT', 'BE', 'IR']",89.0,True,MEM,OUT,True
22,7,Goat's,6,Jeremy Lin fan club,4278585,Collin Gillespie,PG,PG,"['PG', 'G', 'G/F', 'UT', 'BE', 'IR']",117.0,True,PHO,ACTIVE,False
22,7,Goat's,6,Jeremy Lin fan club,4683692,Cason Wallace,SG,PG,"['SG', 'G', 'SG/SF', 'G/F', 'UT', 'BE', 'IR']",96.0,True,OKC,ACTIVE,False
22,7,Goat's,6,Jeremy Lin fan club,4066261,Bam Adebayo,C,PG,"['PF', 'C', 'F', 'G/F', 'PF/C', 'F/C', 'UT', 'BE', 'IR']",331.0,True,MIA,OUT,True
22,7,Goat's,6,Jeremy Lin fan club,4222252,Isaiah Hartenstein,C,PG,"['C', 'PF/C', 'F/C', 'UT', 'BE', 'IR']",65.0,True,OKC,ACTIVE,False
22,6,Jeremy Lin fan club,7,Goat's,4433255,Chet Holmgren,C,PG,"['PF', 'C', 'F', 'G/F', 'PF/C', 'F/C', 'UT', 'BE', 'IR']",229.0,True,OKC,ACTIVE,False
22,6,Jeremy Lin fan club,7,Goat's,4432646,Kennedy Chandler,PG,PG,"['PG', 'G', 'G/F', 'UT', 'BE', 'IR']",50.0,True,UTA,ACTIVE,False
22,6,Jeremy Lin fan club,7,Goat's,4432165,Jalen Suggs,PG,PG,"['PG', 'SG', 'G', 'SG/SF', 'G/F', 'UT', 'BE', 'IR']",300.0,True,ORL,ACTIVE,False
22,6,Jeremy Lin fan club,7,Goat's,4601025,Pelle Larsson,SG,PG,"['SG', 'G', 'SG/SF', 'G/F', 'UT', 'BE', 'IR']",29.0,True,MIA,ACTIVE,False
22,6,Jeremy Lin fan club,7,Goat's,4396971,Naz Reid,C,PG,"['PF', 'C', 'F', 'G/F', 'PF/C', 'F/C', 'UT', 'BE', 'IR']",161.0,True,MIN,ACTIVE,False
22,6,Jeremy Lin fan club,7,Goat's,5061575,Kon Knueppel,SG,PG,"['SG', 'G', 'SG/SF', 'G/F', 'UT', 'BE', 'IR']",164.0,True,CHA,ACTIVE,False
22,6,Jeremy Lin fan club,7,Goat's,4395725,Tyler Herro,SG,PG,"['PG', 'SG', 'G', 'SG/SF', 'G/F', 'UT', 'BE', 'IR']",163.0,True,MIA,OUT,True
22,6,Jeremy Lin fan club,7,Goat's,3136193,Devin Booker,PG,PG,"['PG', 'SG', 'G', 'SG/SF', 'G/F', 'UT', 'BE', 'IR']",276.0,True,PHO,ACTIVE,False
22,6,Jeremy Lin fan club,7,Goat's,5144126,Will Riley,SF,PG,"['SG', 'SF', 'G', 'F', 'SG/SF', 'G/F', 'F/C', 'UT', 'BE', 'IR']",133.0,True,WAS,ACTIVE,False
22,6,Jeremy Lin fan club,7,Goat's,4432816,LaMelo Ball,PG,PG,"['PG', 'G', 'G/F', 'UT', 'BE', 'IR']",328.0,True,CHA,ACTIVE,False
22,6,Jeremy Lin fan club,7,Goat's,4709138,Brandin Podziemski,SG,PG,"['PG', 'SG', 'G', 'SG/SF', 'G/F', 'UT', 'BE', 'IR']",212.0,True,GSW,ACTIVE,False
22,6,Jeremy Lin fan club,7,Goat's,4900671,Ajay Mitchell,PG,PG,"['PG', 'G', 'G/F', 'UT', 'BE', 'IR']",105.0,True,OKC,OUT,True
22,6,Jeremy Lin fan club,7,Goat's,3448,Brook Lopez,C,PG,"['C', 'PF/C', 'F/C', 'UT', 'BE', 'IR']",178.0,True,LAC,ACTIVE,False
22,6,Jeremy Lin fan club,7,Goat's,4592479,Julian Champagnie,SF,PG,"['SF', 'F', 'SG/SF', 'G/F', 'F/C', 'UT', 'BE', 'IR']",54.0,True,SAS,ACTIVE,False
22,6,Jeremy Lin fan club,7,Goat's,3147657,Mikal Bridges,SF,PG,"['SG', 'SF', 'G', 'F', 'SG/SF', 'G/F', 'F/C', 'UT', 'BE', 'IR']",163.0,True,NYK,ACTIVE,False
22,6,Jeremy Lin fan club,7,Goat's,4431736,Toumani Camara,PF,PG,"['SF', 'PF', 'F', 'SG/SF', 'G/F', 'PF/C', 'F/C', 'UT', 'BE', 'IR']",218.0,True,POR,ACTIVE,False
22,9,ybgcorp,4,SKAVALASSKKYYYY,3133628,Myles Turner,C,PG,"['C', 'PF/C', 'F/C', 'UT', 'BE', 'IR']",139.0,True,MIL,OUT,True
22,9,ybgcorp,4,SKAVALASSKKYYYY,4433287,Brandon Miller,SF,PG,"['SG', 'SF', 'G', 'F', 'SG/SF', 'G/F', 'F/C', 'UT', 'BE', 'IR']",224.0,True,CHA,OUT,True
22,9,ybgcorp,4,SKAVALASSKKYYYY,4869342,Dyson Daniels,SG,PG,"['PG', 'SG', 'G', 'SG/SF', 'G/F', 'UT', 'BE', 'IR']",250.0,True,ATL,ACTIVE,False
22,9,ybgcorp,4,SKAVALASSKKYYYY,4278039,Nickeil Alexander-Walker,SG,PG,"['SG', 'G', 'SG/SF', 'G/F', 'UT', 'BE', 'IR']",257.0,True,ATL,ACTIVE,False
22,9,ybgcorp,4,SKAVALASSKKYYYY,4066457,Austin Reaves,SG,PG,"['PG', 'SG', 'SF', 'G', 'F', 'SG/SF', 'G/F', 'F/C', 'UT', 'BE', 'IR']",79.0,True,LAL,ACTIVE,False
22,9,ybgcorp,4,SKAVALASSKKYYYY,4701230,Jalen Johnson,PF,PG,"['PF', 'F', 'G/F', 'PF/C', 'F/C', 'UT', 'BE', 'IR']",206.0,True,ATL,ACTIVE,False
22,9,ybgcorp,4,SKAVALASSKKYYYY,4591725,Ryan Rollins,SG,PG,"['PG', 'SG', 'G', 'SG/SF', 'G/F', 'UT', 'BE', 'IR']",136.0,True,MIL,OUT,True
22,9,ybgcorp,4,SKAVALASSKKYYYY,1966,LeBron James,SF,PG,"['SF', 'PF', 'F', 'SG/SF', 'G/F', 'PF/C', 'F/C', 'UT', 'BE', 'IR']",346.0,True,LAL,ACTIVE,False
22,4,SKAVALASSKKYYYY,9,ybgcorp,2490149,CJ McCollum,SG,PG,"['PG', 'SG', 'G', 'SG/SF', 'G/F', 'UT', 'BE', 'IR']",130.0,True,ATL,ACTIVE,False
22,4,SKAVALASSKKYYYY,9,ybgcorp,4278053,Davion Mitchell,PG,PG,"['PG', 'G', 'G/F', 'UT', 'BE', 'IR']",143.0,True,MIA,ACTIVE,False
22,4,SKAVALASSKKYYYY,9,ybgcorp,3945274,Luka Doncic,PG,PG,"['PG', 'G', 'G/F', 'UT', 'BE', 'IR']",103.0,True,LAL,OUT,True
22,4,SKAVALASSKKYYYY,9,ybgcorp,3975,Stephen Curry,PG,PG,"['PG', 'G', 'G/F', 'UT', 'BE', 'IR']",66.0,True,GSW,ACTIVE,False
22,4,SKAVALASSKKYYYY,9,ybgcorp,4395723,Keldon Johnson,SF,PG,"['SF', 'PF', 'F', 'SG/SF', 'G/F', 'PF/C', 'F/C', 'UT', 'BE', 'IR']",73.0,True,SAS,ACTIVE,False
22,4,SKAVALASSKKYYYY,9,ybgcorp,3102531,Kristaps Porzingis,C,PG,"['PF', 'C', 'F', 'G/F', 'PF/C', 'F/C', 'UT', 'BE', 'IR']",44.0,True,GSW,ACTIVE,False
22,4,SKAVALASSKKYYYY,9,ybgcorp,3064290,Aaron Gordon,PF,PG,"['PF', 'F', 'G/F', 'PF/C', 'F/C', 'UT', 'BE', 'IR']",106.0,True,DEN,OUT,True
22,4,SKAVALASSKKYYYY,9,ybgcorp,5105565,Donovan Clingan,C,PG,"['C', 'PF/C', 'F/C', 'UT', 'BE', 'IR']",197.0,True,POR,ACTIVE,False
22,4,SKAVALASSKKYYYY,9,ybgcorp,4397136,Saddiq Bey,SF,PG,"['SF', 'PF', 'F', 'SG/SF', 'G/F', 'PF/C', 'F/C', 'UT', 'BE', 'IR']",98.0,True,NOP,ACTIVE,False
22,4,SKAVALASSKKYYYY,9,ybgcorp,3155526,Dillon Brooks,SF,PG,"['SG', 'SF', 'G', 'F', 'SG/SF', 'G/F', 'F/C', 'UT', 'BE', 'IR']",53.0,True,PHO,ACTIVE,False
22,4,SKAVALASSKKYYYY,9,ybgcorp,4873138,Ace Bailey,SF,PG,"['SF', 'PF', 'F', 'SG/SF', 'G/F', 'PF/C', 'F/C', 'UT', 'BE', 'IR']",28.0,True,UTA,ACTIVE,False
22,4,SKAVALASSKKYYYY,9,ybgcorp,3992,James Harden,PG,PG,"['PG', 'SG', 'G', 'SG/SF', 'G/F', 'UT', 'BE', 'IR']",209.0,True,CLE,ACTIVE,False
22,4,SKAVALASSKKYYYY,9,ybgcorp,3917376,Jaylen Brown,SF,PG,"['SG', 'SF', 'G', 'F', 'SG/SF', 'G/F', 'F/C', 'UT', 'BE', 'IR']",244.0,True,BOS,ACTIVE,False
22,4,SKAVALASSKKYYYY,9,ybgcorp,3032976,Rudy Gobert,C,PG,"['C', 'PF/C', 'F/C', 'UT', 'BE', 'IR']",130.0,True,MIN,ACTIVE,False
22,4,SKAVALASSKKYYYY,9,ybgcorp,5041939,Cooper Flagg,SF,PG,"['PG', 'SF', 'PF', 'G', 'F', 'SG/SF', 'G/F', 'PF/C', 'F/C', 'UT', 'BE', 'IR']",350.0,True,DAL,OUT,True
22,3,Kat's Kittens,10,Van Der Linde Gang,4431680,Onyeka Okongwu,C,PG,"['C', 'PF/C', 'F/C', 'UT', 'BE', 'IR']",184.0,True,ATL,ACTIVE,False
22,3,Kat's Kittens,10,Van Der Linde Gang,4397014,Quentin Grimes,SG,PG,"['SG', 'G', 'SG/SF', 'G/F', 'UT', 'BE', 'IR']",133.0,True,PHL,ACTIVE,False
22,3,Kat's Kittens,10,Van Der Linde Gang,4433621,Jalen Duren,C,PG,"['C', 'PF/C', 'F/C', 'UT', 'BE', 'IR']",240.0,True,DET,ACTIVE,False
22,3,Kat's Kittens,10,Van Der Linde Gang,4601023,Oso Ighodaro,PF,PG,"['PF', 'F', 'G/F', 'PF/C', 'F/C', 'UT', 'BE', 'IR']",190.0,True,PHO,ACTIVE,False
22,3,Kat's Kittens,10,Van Der Linde Gang,3064514,Julius Randle,PF,PG,"['PF', 'F', 'G/F', 'PF/C', 'F/C', 'UT', 'BE', 'IR']",177.0,True,MIN,ACTIVE,False
22,3,Kat's Kittens,10,Van Der Linde Gang,3934673,Donte DiVincenzo,SG,PG,"['PG', 'SG', 'G', 'SG/SF', 'G/F', 'UT', 'BE', 'IR']",150.0,True,MIN,OUT,True
22,3,Kat's Kittens,10,Van Der Linde Gang,4845367,Stephon Castle,PG,PG,"['PG', 'SG', 'G', 'SG/SF', 'G/F', 'UT', 'BE', 'IR']",241.0,True,SAS,ACTIVE,False
22,10,Van Der Linde Gang,3,Kat's Kittens,4566434,Franz Wagner,SF,PG,"['SF', 'PF', 'F', 'SG/SF', 'G/F', 'PF/C', 'F/C', 'UT', 'BE', 'IR']",73.0,True,ORL,OUT,True
22,10,Van Der Linde Gang,3,Kat's Kittens,4396907,Darius Garland,PG,PG,"['PG', 'G', 'G/F', 'UT', 'BE', 'IR']",180.0,True,LAC,ACTIVE,False
22,10,Van Der Linde Gang,3,Kat's Kittens,3135045,Grayson Allen,SG,PG,"['PG', 'SG', 'G', 'SG/SF', 'G/F', 'UT', 'BE', 'IR']",72.0,True,PHO,ACTIVE,False
22,10,Van Der Linde Gang,3,Kat's Kittens,3934672,Jalen Brunson,PG,PG,"['PG', 'G', 'G/F', 'UT', 'BE', 'IR']",184.0,True,NYK,ACTIVE,False
22,10,Van Der Linde Gang,3,Kat's Kittens,4433134,Scottie Barnes,SF,PG,"['SG', 'SF', 'PF', 'G', 'F', 'SG/SF', 'G/F', 'PF/C', 'F/C', 'UT', 'BE', 'IR']",304.0,True,TOR,ACTIVE,False
22,10,Van Der Linde Gang,3,Kat's Kittens,4711272,Reed Sheppard,SG,PG,"['PG', 'SG', 'G', 'SG/SF', 'G/F', 'UT', 'BE', 'IR']",267.0,True,HOU,ACTIVE,False
22,10,Van Der Linde Gang,3,Kat's Kittens,5104157,Victor Wembanyama,C,PG,"['C', 'PF/C', 'F/C', 'UT', 'BE', 'IR']",374.0,True,SAS,ACTIVE,False
22,10,Van Der Linde Gang,3,Kat's Kittens,4066383,Miles Bridges,SF,PG,"['SF', 'PF', 'F', 'SG/SF', 'G/F', 'PF/C', 'F/C', 'UT', 'BE', 'IR']",196.0,True,CHA,ACTIVE,False
22,10,Van Der Linde Gang,3,Kat's Kittens,4397424,Neemias Queta,C,PG,"['C', 'PF/C', 'F/C', 'UT', 'BE', 'IR']",245.0,True,BOS,ACTIVE,False
22,10,Van Der Linde Gang,3,Kat's Kittens,4712849,Anthony Black,PG,PG,"['PG', 'SG', 'G', 'SG/SF', 'G/F', 'UT', 'BE', 'IR']",38.0,True,ORL,ACTIVE,False
22,10,Van Der Linde Gang,3,Kat's Kittens,4903027,Cedric Coward,SF,PG,"['SG', 'SF', 'G', 'F', 'SG/SF', 'G/F', 'F/C', 'UT', 'BE', 'IR']",137.0,True,MEM,OUT,True
22,10,Van Der Linde Gang,3,Kat's Kittens,5105623,Kel'el Ware,C,PG,"['C', 'PF/C', 'F/C', 'UT', 'BE', 'IR']",174.0,True,MIA,ACTIVE,False
22,10,Van Der Linde Gang,3,Kat's Kittens,2595516,Norman Powell,SG,PG,"['SG', 'SF', 'G', 'F', 'SG/SF', 'G/F', 'F/C', 'UT', 'BE', 'IR']",11.0,True,MIA,ACTIVE,False
22,10,Van Der Linde Gang,3,Kat's Kittens,4869780,Derik Queen,C,PG,"['C', 'PF/C', 'F/C', 'UT', 'BE', 'IR', 'Rookie']",183.0,True,NOP,ACTIVE,False
22,2,Phantom Troupe,5,Poole Party,4684742,Ausar Thompson,SF,PG,"['SF', 'PF', 'F', 'SG/SF', 'G/F', 'PF/C', 'F/C', 'UT', 'BE', 'IR']",283.0,True,DET,ACTIVE,False
22,2,Phantom Troupe,5,Poole Party,3913176,Brandon Ingram,SF,PG,"['SF', 'F', 'SG/SF', 'G/F', 'F/C', 'UT', 'BE', 'IR']",267.0,True,TOR,OUT,True
22,2,Phantom Troupe,5,Poole Party,3934719,OG Anunoby,SF,PG,"['SF', 'PF', 'F', 'SG/SF', 'G/F', 'PF/C', 'F/C', 'UT', 'BE', 'IR']",208.0,True,NYK,ACTIVE,False
22,2,Phantom Troupe,5,Poole Party,5037871,Dylan Harper,PG,PG,"['PG', 'SG', 'G', 'SG/SF', 'G/F', 'UT', 'BE', 'IR']",187.0,True,SAS,ACTIVE,False
22,2,Phantom Troupe,5,Poole Party,4395626,Tre Jones,PG,PG,"['PG', 'G', 'G/F', 'UT', 'BE', 'IR']",278.0,True,CHI,ACTIVE,False
22,2,Phantom Troupe,5,Poole Party,3978,DeMar DeRozan,SF,PG,"['SF', 'PF', 'F', 'SG/SF', 'G/F', 'PF/C', 'F/C', 'UT', 'BE', 'IR']",85.0,True,SAC,OUT,True
22,2,Phantom Troupe,5,Poole Party,5124612,VJ Edgecombe,SG,PG,"['SG', 'G', 'SG/SF', 'G/F', 'UT', 'BE', 'IR']",288.0,True,PHL,ACTIVE,False
22,2,Phantom Troupe,5,Poole Party,4065648,Jayson Tatum,PF,PG,"['SF', 'PF', 'F', 'SG/SF', 'G/F', 'PF/C', 'F/C', 'UT', 'BE', 'IR']",264.0,True,BOS,OUT,True
22,2,Phantom Troupe,5,Poole Party,4066320,Desmond Bane,SG,PG,"['SG', 'SF', 'G', 'F', 'SG/SF', 'G/F', 'F/C', 'UT', 'BE', 'IR']",263.0,True,ORL,ACTIVE,False
22,2,Phantom Troupe,5,Poole Party,4395628,Zion Williamson,PF,PG,"['PF', 'F', 'G/F', 'PF/C', 'F/C', 'UT', 'BE', 'IR']",68.0,True,NOP,OUT,True
22,2,Phantom Troupe,5,Poole Party,4277811,Collin Sexton,SG,PG,"['PG', 'SG', 'G', 'SG/SF', 'G/F', 'UT', 'BE', 'IR']",218.0,True,CHI,ACTIVE,False
22,2,Phantom Troupe,5,Poole Party,4683634,Bennedict Mathurin,SF,PG,"['SG', 'SF', 'G', 'F', 'SG/SF', 'G/F', 'F/C', 'UT', 'BE', 'IR']",84.0,True,LAC,ACTIVE,False
22,2,Phantom Troupe,5,Poole Party,4432639,Jabari Smith Jr.,PF,PG,"['PF', 'C', 'F', 'G/F', 'PF/C', 'F/C', 'UT', 'BE', 'IR']",205.0,True,HOU,ACTIVE,False
22,5,Poole Party,2,Phantom Troupe,3907497,Dejounte Murray,SG,PG,"['PG', 'SG', 'G', 'SG/SF', 'G/F', 'UT', 'BE', 'IR']",23.0,True,NOP,OUT,True
22,5,Poole Party,2,Phantom Troupe,4711294,Matas Buzelis,SF,PG,"['SF', 'PF', 'F', 'SG/SF', 'G/F', 'PF/C', 'F/C', 'UT', 'BE', 'IR']",34.0,True,CHI,OUT,True
22,5,Poole Party,2,Phantom Troupe,3149673,Pascal Siakam,PF,PG,"['PF', 'F', 'G/F', 'PF/C', 'F/C', 'UT', 'BE', 'IR']",94.0,True,IND,OUT,True
22,5,Poole Party,2,Phantom Troupe,4594268,Anthony Edwards,SG,PG,"['SG', 'SF', 'G', 'F', 'SG/SF', 'G/F', 'F/C', 'UT', 'BE', 'IR']",62.0,True,MIN,ACTIVE,False
22,5,Poole Party,2,Phantom Troupe,3995,Jrue Holiday,PG,PG,"['PG', 'SG', 'G', 'SG/SF', 'G/F', 'UT', 'BE', 'IR']",218.0,True,POR,ACTIVE,False
22,5,Poole Party,2,Phantom Troupe,4395630,Devin Vassell,SG,PG,"['SG', 'SF', 'G', 'F', 'SG/SF', 'G/F', 'F/C', 'UT', 'BE', 'IR']",125.0,True,SAS,ACTIVE,False
22,5,Poole Party,2,Phantom Troupe,4593803,Jalen Williams,PF,PG,"['SF', 'PF', 'C', 'F', 'SG/SF', 'G/F', 'PF/C', 'F/C', 'UT', 'BE', 'IR']",108.0,True,OKC,OUT,True
22,5,Poole Party,2,Phantom Troupe,4066259,De'Aaron Fox,PG,PG,"['PG', 'G', 'G/F', 'UT', 'BE', 'IR']",279.0,True,SAS,ACTIVE,False
22,5,Poole Party,2,Phantom Troupe,4432158,Evan Mobley,PF,PG,"['PF', 'C', 'F', 'G/F', 'PF/C', 'F/C', 'UT', 'BE', 'IR']",231.0,True,CLE,ACTIVE,False
22,5,Poole Party,2,Phantom Troupe,4278078,P.J. Washington,PF,PG,"['SF', 'PF', 'F', 'SG/SF', 'G/F', 'PF/C', 'F/C', 'UT', 'BE', 'IR']",22.0,True,DAL,OUT,True
